STANOX NO.	FULL NAME	CRS CODE	Route Description
87904	3BDGS DN TL SDG ENTRY/EXIT		Sussex
87915	3BDGS DOWN THAMESLINK SDGS		Sussex
87907	3 BRIDGES DN DEP SIG TD127		Sussex
87950	3 BRIDGES UP DEP SIG TD165		Sussex
00005	AACHEN		High Speed
04309	ABBEYHILL JN		Scotland
04308	ABBEYHILL TURNBACK SDGS		Scotland
87591	ABBEY STREET JN		Kent
88601	ABBEY WOOD	ABW	Kent
88607	ABBEY WOOD (CROSSRAIL)	ABX	Private Railway
88608	ABBEY WOOD CROSSRAIL SIDING		Private Railway
88605	ABBEY WOOD ENGINEERING ROAD		Kent
45185	ABBOTS RIPTON		East Coast
67371	ABBOTSWOOD JN	XAY	Central
67373	ABBOTSWOOD JN BA7654 SIG		Central
02106	ABDN CRG		Scotland
02073	ABDNGSWRD		Scotland
78371	ABER	ABE	TfW Cardiff Valleys
79760	ABERAIDEN SOUTH		Wales
76639	ABERBEEG		Wales
78128	ABERCWMBOI		TfW Cardiff Valleys
78204	ABERCYNON	ACY	TfW Cardiff Valleys
78205	ABERCYNON JUNCTION		TfW Cardiff Valleys
78203	ABERCYNON SIG A187		TfW Cardiff Valleys
78100	ABERDARE	ABA	TfW Cardiff Valleys
02071	ABERDEEN	ABD	Scotland
02092	ABERDEEN A229 SIGNAL		Scotland
02091	ABERDEEN A230 SIGNAL		Scotland
02089	ABERDEEN A55 SIGNAL		Scotland
02090	ABERDEEN A56 SIGNAL		Scotland
02075	ABERDEEN CLAYHILLS CAR.M.D	XAC	Scotland
02102	ABERDEEN CRAIGINCHES		Scotland
02100	ABERDEEN CRAIGINCHES COLAS		Scotland
02104	ABERDEEN CRAIGINCHES FHH		Scotland
02101	ABERDEEN CRAIGINCHES T.C.		Scotland
02105	ABERDEEN CRAIGINCH LAFARGE		Scotland
02083	ABERDEEN FERRYHILL DN SDGS		Scotland
02084	ABERDEEN FERRYHILL G.L.		Scotland
02081	ABERDEEN FERRYHILL GOODS LOOP		Scotland
02082	ABERDEEN FERRYHILL JN		Scotland
02088	ABERDEEN FERRYHILL TT		Scotland
02086	ABERDEEN FERRYHILL UP SDGS		Scotland
02068	ABERDEEN GUILD ST DRS		Scotland
02076	ABERDEEN GUILD STREET GBRF		Scotland
02077	ABERDEEN H.S.		Scotland
02067	ABERDEEN NORTH SIDING		Scotland
02074	ABERDEEN RUSSELL J.G.		Scotland
02072	ABERDEEN SERVICE CO.		Scotland
02066	ABERDEEN SIG A15		Scotland
02085	ABERDEEN SIG A222		Scotland
02087	ABERDEEN SIG A223		Scotland
02080	ABERDEEN SIG A27		Scotland
02078	ABERDEEN SIG A75		Scotland
02079	ABERDEEN SIG A77		Scotland
02061	ABERDEEN WATERLOO		Scotland
02070	ABERDEEN WATERLOO COLAS		Scotland
02062	ABERDEEN WATERLOO GOODS		Scotland
03295	ABERDOUR	AUR	Scotland
64409	ABERDOVEY	AVY	Wales
78101	ABERDRE		TfW Cardiff Valleys
64506	ABERERCH	ABH	Wales
76251	ABERGAVENNY	AGV	Wales
76253	ABERGAVENNY SIG 38		Wales
76249	ABERGAVENNY SIG AY42		Wales
76250	ABERGAVENNY UP SIDINGS		Wales
40073	ABERGELE & PENSARN	AGL	Wales
40023	ABER GROUND FRAME		Wales
64306	ABERMULE L.C.		Wales
79519	ABERPERGWM		Wales
78903	ABERTHAW		Wales
78919	ABERTHAW AW231		Wales
78902	ABERTHAW CEMENT WKS LAFARG		Wales
78905	ABERTHAW CEMENT WORKS		Wales
78911	ABERTHAW DN REC SDG FHH		Wales
78904	ABERTHAW POWER STATION EWS		Wales
78910	ABERTHAW PS CRIP SDG FHH		Wales
78912	ABERTHAW PS KINGMOOR DD1 SB		Wales
78908	ABERTHAW PWR STN FLINE HVY		Wales
78906	ABERTHAW REC SDGS		Wales
78917	ABERTHAW SIG CF3433		Wales
78918	ABERTHAW SIG CF3440		Wales
78900	ABERTHAW SIGNAL A39		Wales
78916	ABERTHAW SIGNAL AB222		Wales
78920	ABERTHAW TARMAC COLAS		Wales
78907	ABERTHCSD		Wales
78909	ABERTHWRP		Wales
64607	ABERYSTWYTH	AYW	Wales
64609	ABERYSTWYTH RUN ROUND LOOP		Wales
64608	ABERYSTWYTH SHELL SDGS		Wales
07972	ABINGTON		Scotland
07947	ABINGTON C.E.		Scotland
07948	ABINGTON DOWN SIDING		Scotland
07971	ABINGTON D.P.L.		Scotland
07937	ABINGTON MC521 SIGNAL		Scotland
07938	ABINGTON MC528 SIGNAL		Scotland
07970	ABINGTON U.P.L.		Scotland
07939	ABINGTON UP SIDINGS		Scotland
07299	ABRONHILL TUNNEL		Scotland
29061	ACCRINGTON	ACR	North West
01081	ACHANALT	AAT	Scotland
01028	ACHEILDH		Scotland
00752	ACHERES		High Speed
01079	ACHNASHEEN	ACN	Scotland
01080	ACHNASHEEN C.E.		Scotland
01078	ACHNASHELLACH	ACH	Scotland
01087	ACHTERNEED		Scotland
12115	ACKLINGTON	ACK	East Coast
48056	ACLE	ACL	Anglia
66430	ACOCKS GREEN	ACG	Central
37001	ACTON BRIDGE	ACB	North West
72235	ACTON CANAL WHARF		Anglia
72252	ACTON CENTRAL	ACC	Anglia
73238	ACTON FOSTER YEOMAN		Western
73239	ACTONGDLP		Western
35555	ACTON GRANGE JN		North West
72211	ACTON LANE RECEPTION SDGS		West Coast South
72209	ACTON LANE REC SDGS GBRF		West Coast South
73249	ACTON LOCO HOLDING SIDINGS		Western
73240	ACTON MAIN LINE	AML	Western
73250	ACTON T.C.	XAX	Western
72251	ACTON WELLS JN		Anglia
72263	ACTON WELLS JN SIG AW149		Anglia
72264	ACTON WELLS JN SIG AW150		Anglia
72266	ACTON WELLS SIG AW105		Anglia
73251	ACTON WEST		Western
73235	ACTON YARD EWS		Western
73248	ACTONYDGB		Western
65614	ADDERLEY PARK	ADD	Central
04090	ADDIEWELL	ADW	Scotland
86011	ADDLESTONE	ASN	Wessex
86010	ADDLESTONE JN		Wessex
89514	ADISHAM	ADM	Kent
32575	ADLINGTON (CHESHIRE)	ADC	North West
30321	ADLINGTON (LANCASHIRE)	ADL	North West
32561	ADSWOOD ROAD JN		North West
23118	ADWICK	AWK	East Coast
23120	ADWICK JN		East Coast
64505	AFON WEN LC		Wales
31564	AGECROFT JN		North West
31561	AGECROFT NORTH JN		North West
31562	AGECROFT SOUTH JN		North West
36086	AIGBURTH	AIG	North West
36062	AINSDALE	ANS	North West
36027	AINTREE	AIN	North West
36026	AINTREE SIGNAL 1206		North West
07476	AIRBLES	AIR	Scotland
07327	AIRDRIE	ADR	Scotland
07326	AIRDRIE C.S.		Scotland
07325	AIRDRIE SIGNAL YS754		Scotland
12401	AIRPORT (NEWCASTLE)	APN	East Coast
09438	AIS GILL		North West
84060	AISH EMERGENCY CROSSOVER		Western
88462	ALBANY PARK	AYP	Kent
65033	ALBRIGHTON	ALB	Central
12214	ALCAN BRANCH JN.		North & East
45190	ALCONBURY		East Coast
32581	ALDERLEY EDGE	ALD	North West
32580	ALDERLEY EDGE DOWN SDG		North West
32582	ALDERLEY EDGE UPO SDG		North West
74714	ALDERMASTON	AMT	Western
74712	ALDERMASTON PADWORTH SDGS		Western
74713	ALDERMASTON TIP ISU (CE)		Western
50429	ALDERSBROOK SIGNAL 337/554		Anglia
50430	ALDERSBROOK UP C.H.S.	XAK	Anglia
87031	ALDERSHOT	AHT	Wessex
87037	ALDERSHOT NORTH JN		Wessex
87038	ALDERSHOT SIGNAL WK1371		Wessex
87039	ALDERSHOT SIGNAL WK1378		Wessex
87013	ALDERSHOT SOUTH JN		Wessex
87123	ALDGATE EAST LT	ZAE	Private Railway
65532	ALDRIDGE		Central
87985	ALDRINGTON	AGT	Sussex
24701	ALDWARKE JN		North & East
24702	ALDWARKE JN S1077		North & East
24500	ALDWARKE JN SIG S738		North & East
24703	ALDWARKE LIMIT OF SHUNT		North & East
24502	ALDWARKE REPAIR SIDINGS		North & East
24501	ALDWARKE U.E.S.		North & East
24499	ALDWARKE UES GBRF		North & East
36190	ALERTNGAS		North West
36105	ALEXANDDK		North West
76470	ALEXANDRA DOCK JN. T.C.		Wales
76474	ALEXANDRA DOCK JN YD LHS		Wales
76469	ALEXANDRA DOCKS UDG		Wales
54103	ALEXANDRA PALACE	AAP	East Coast
54104	ALEXANDRA PALACE SIG 476		East Coast
06525	ALEXANDRA PARADE	AXP	Scotland
06123	ALEXANDRIA	ALX	Scotland
76464	ALEXDOCKJ		Wales
56127	ALFRETON	ALF	East Midlands
00612	ALIZAY (FRANCE)		High Speed
07492	ALLANTON LOOP		Scotland
86104	ALLBROOK	XEW	Wessex
66428	ALLEN ROWLAND WORKS		Central
15702	ALLENS WEST	ALW	North & East
36191	ALLERTON DEPOT	XAL	North West
36195	ALLERTON JN		North West
36196	ALLERTON SIGNAL AN4		North West
89314	ALLINGTON A.R.C. REVERSE		Kent
89312	ALLINGTON A.R.C. SDG.		Kent
44505	ALLINGTON EAST JN		East Midlands
89308	ALLINGTON HANSON AGGS SDG		Kent
44507	ALLINGTON NORTH JN		East Midlands
44509	ALLINGTON WEST JN		East Midlands
03375	ALLOA	ALO	Scotland
03373	ALLOA LOOP		Scotland
64705	ALLSCOTT GF		Wales
64704	ALLSCOTT SDGS		Wales
01058	ALNESS	ASS	Scotland
12112	ALNMOUTH	ALM	East Coast
12125	ALNMOUTH UP ENG SDGS		East Coast
50027	ALRESFORD (ESSEX)	ALR	Anglia
87018	ALRESFORD (MID HANTS)	ARF	Wessex
66040	ALREWAS L.C.		East Midlands
42412	ALSAGER	ASG	West Coast South
88606	ALSIKE ROAD JN		Kent
68077	ALSTONE C. SIDINGS	XCX	Western
68078	ALSTONE LEVEL CROSSING		Western
50305	ALTHORNE	ALN	Anglia
22075	ALTHORPE	ALP	North & East
70093	ALTHORP PARK (LONG BUCKBY)		West Coast South
01010	ALTNABREAC	ABC	Scotland
01011	ALTNABREAC C.E.		Scotland
17196	ALTOFTS JN		North & East
87021	ALTON	AON	Wessex
87023	ALTON MH		Wessex
37225	ALTRINCHAM	ALT	North West
66527	ALVECHURCH	ALV	Central
02004	ALVES JN		Scotland
57013	AMBERGATE	AMB	East Midlands
57110	AMBERGATE JN	XAJ	East Midlands
00780	AMBERIEU		High Speed
87957	AMBERLEY	AMY	Sussex
70361	AMERSHAM	AMR	The Chiltern Railway Co Ltd
70363	AMERSHAM (LT) SDG 34		The Chiltern Railway Co Ltd
68996	AMINGTON JN SIG NL1294		West Coast South
68999	AMINGTON JN SIG NL3487		West Coast South
69002	AMINGTON JN SIG NL3490		West Coast South
68994	AMINGTON JN SIG NL5485		West Coast South
68995	AMINGTON JN SIG NL5488		West Coast South
68997	AMINGTON JN SIG NL9459		West Coast South
68998	AMINGTON JN SIG NL9462		West Coast South
69003	AMINGTON JUNCTION	XIM	West Coast South
40021	AMLWCH	AMW	Wales
40022	AMLWCH		Wales
79064	AMMANFORD	AMF	Wales
62200	AMPTHILL TUNNELS		East Midlands
00950	AMSTERDAM C.S.	AMS	High Speed
00937	AMSTERDAM SCHIPHOL		High Speed
44101	ANCASTER	ANC	East Midlands
07253	ANDERSTON	AND	Scotland
86074	ANDOVER	ADV	Wessex
86054	ANDOVER SHUNT SIG BE5202		Wessex
86073	ANDOVER SIDINGS		Wessex
86072	ANDOVER SIGNAL 8		Wessex
87644	ANERLEY	ANZ	Sussex
51924	ANGEL ROAD		Anglia
88510	ANGERSTEIN JN		Kent
88533	ANGERSTEIN STOP BOARD		Kent
88501	ANGERSTEIN WHARF		Kent
88506	ANGERSTEIN WHARF (BARDON)		Kent
88507	ANGERSTEIN WHARF FLHH		Kent
88521	ANGERSTEIN WHARF GBRF		Kent
88505	ANGERSTEIN WHARF - MARCON		Kent
88534	ANGERSTEIN WHARF NORRIS		Kent
88502	ANGERSTEIN WHARF (TARMAC)		Kent
65331	ANGLESEA		Central
65320	ANGLESEA SIDINGS		Central
87998	ANGMERING	ANG	Sussex
88010	ANGMERING GROUND FRAME		Sussex
19107	ANLABY ROAD JN		North & East
09033	ANNAN	ANN	Scotland
09032	ANNAN DRS ISU		Scotland
05994	ANNAT		Scotland
08606	ANNBANK		Scotland
06222	ANNIESLAND	ANL	Scotland
30037	ANSDELL & FAIRHAVEN	AFV	North West
17050	APPERLEY BRIDGE	APY	North & East
17053	APPERLEY JN		North & East
09426	APPLEBY	APP	North West
22005	APPLEBY LC		North & East
09427	APPLEBY NORTH EAST SDGS		North West
89432	APPLEDORE (KENT)	APD	Kent
74340	APPLEFORD	APF	Western
74339	APPLEFORD (ADVENZA)		Western
74342	APPLEFORD FHH		Western
74338	APPLEFORD SDGS (GBRF)		Western
74341	APPLEFORD SIDINGS		Western
23102	APPLEHURST JN		East Coast
35050	APPLEY BRIDGE	APB	North West
35051	APPLEY BRIDGE WIMPEY		North West
71023	APSLEY	APS	West Coast South
03023	ARBROATH	ARB	Scotland
03026	ARBROATH CROSSOVER		Scotland
03027	ARBROATH UP NORTH SIDING		Scotland
03028	ARBROATH UP SOUTH SIDING		Scotland
03024	ARBROATH U.R.S.		Scotland
03025	ARBRTH DS		Scotland
89603	ARCHCLFJN		High Speed
09511	ARCOW QUARRY GBRF		North West
09512	ARCOW QUARRY GF		North West
01041	ARDGAY	ARD	Scotland
01042	ARDGAY C.E.		Scotland
01040	ARDGAY GF		Scotland
87965	ARDINGLY		Sussex
87964	ARDINGLY HANSON AGGREGATES		Sussex
49295	ARDLEIGH		Anglia
69450	ARDLEY		Central
06059	ARDLUI	AUI	Scotland
06060	ARDLUI C.E.		Scotland
06066	ARDLUI GROUNDFRAME		Scotland
08200	ARDROSSAN E.M.U. SDG	XAT	Scotland
08208	ARDROSSAN HARBOUR	ADS	Scotland
08198	ARDROSSAN SOUTH BEACH	ASB	Scotland
08204	ARDROSSAN TOWN	ADN	Scotland
32045	ARDWICK	ADK	North West
32042	ARDWICK EAST YARD		North West
32009	ARDWICK JN		North West
32043	ARDWICK T.M.D	XRK	North West
32052	ARDWICK WEST SDGS (EWS)		North West
07259	ARGYLE STREET	AGS	Scotland
06004	ARISAIG	ARG	Scotland
06003	ARISAIG C.E.		Scotland
07149	ARKLESTON EAST		Scotland
07147	ARKLESTON JN		Scotland
07151	ARKLESTON SIGNAL 6021		Scotland
07157	ARKLESTON SIGNAL 6023		Scotland
07158	ARKLESTON SIGNAL 6025		Scotland
07148	ARKLESTON WEST		Scotland
23226	ARKSEY D814		East Coast
23227	ARKSEY D815		East Coast
23225	ARKSEY LOOP		East Coast
53201	ARLESEY	ARL	East Coast
66195	ARLEY		Central
00865	ARLON		High Speed
07324	ARMADALE STN	ARM	Scotland
09415	ARMATHWAITE	AWT	North West
43335	ARMITAGE		West Coast South
17136	ARMLEY JUNCTION		North & East
11403	ARNSIDE	ARN	North West
35533	ARPLEY JN		North West
35550	ARPLEY SIDINGS		North West
19019	ARRAM	ARR	North & East
00743	ARRAS		High Speed
06101	ARROCHAR & TARBET	ART	Scotland
06102	ARROCHAR & TARBET C.E.		Scotland
06100	ARROCHAR & TARBET GF		Scotland
06107	ARROCHAR & TARBET URS (COLAS)		Scotland
87958	ARUNDEL	ARU	Sussex
87959	ARUNDEL JN	XXA	Sussex
87895	ARUNDEL SHUNT SIG.50		Sussex
87103	ASCOT	ACT	Wessex
87096	ASCOT DOWN SIDING		Wessex
87092	ASCOT SIG F506		Wessex
87095	ASCOT SIG FH504		Wessex
87054	ASCOT SIGNAL BEF2237		Wessex
87284	ASCOT SIGNAL BEF2238		Wessex
87098	ASCOT SIGNAL F501		Wessex
74463	ASCOTT-UNDER-WYCHWOOD	AUW	Western
59119	ASFORDBY COLLIERY		East Midlands
87014	ASH	ASH	Wessex
32518	ASH BRIDGE JUNCTION		North West
32050	ASHBURYS	ABY	North West
32051	ASHBURYS S.S.		North West
32046	ASHBURYS TARMAC GBRF		North West
32048	ASHBURYS WEST JN		North West
69013	ASHBY JUNCTION		West Coast South
68071	ASHCHURCH FOR TEWKESBURY	ASC	Western
68073	ASHCHURCH MOD (ARMY)		Western
68070	ASHCHURCH MOD GBRF		Western
68074	ASHCHURCH SIG G453		Western
68075	ASHCHURCH WAR DEPT GF		Western
68072	ASHCHURCH WAR DEPT SDGS		Western
69508	ASHENDON JN		Central
89429	ASHFDPDPT		Kent
06245	ASHFIELD	ASF	Scotland
89438	ASHFORD A JUNCTION		Kent
59118	ASHFORDBY L.C.		East Midlands
89422	ASHFORD CRANE DEPOT		Kent
89427	ASHFORD DOWN YARD		Kent
89421	ASHFORD DOWN YARD WASHER RD		Kent
89436	ASHFORD D Y CANTERBURY END		Kent
89419	ASHFORD EAST BERTHING SDGS		Kent
89572	ASHFORD EAST JN (CTRL)	XIE	High Speed
89430	ASHFORD EAST JUNCTION		Kent
89428	ASHFORD INTERNATIONAL	#MULTIVALUE	Kent
89425	ASHFORD MAIDSTONE LOOP		Kent
87117	ASHFORD (MIDDLESEX)	AFS	Wessex
89463	ASHFORD SIG 661		Kent
89434	ASHFORD SIG AD2119		Kent
89492	ASHFORD TAMPER SIDINGS		Kent
89418	ASHFORD UP SIDINGS		Kent
89566	ASHFORD WEST JN (CTRL)	XIW	High Speed
89423	ASHFORD WEST JUNCTION		Kent
89420	ASHFORD YARD T.C.		Kent
12213	ASHINGTON JN		North & East
37223	ASHLEY	ASY	North West
87015	ASH SIG GD1331		Wessex
87683	ASHTEAD	AHD	Wessex
43309	ASHTON BY STONE		West Coast South
81821	ASHTON GATE		Western
35202	ASHTON IN MAKERFIELD K.S.		North West
35203	ASHTON IN MAKERFLD KS GBRF		North West
81818	ASHTON JN SIGNAL 2192		Western
81829	ASHTON JN SIGNAL B335		Western
81823	ASHTON JUNCTION		Western
81822	ASHTON JUNCTION (CE)		Western
32117	ASHTON MOSS NORTH JN		North West
32115	ASHTON-UNDER-LYNE	AHN	North West
87763	ASHURST	AHS	Sussex
87770	ASHURST BLACKHAM JN		Sussex
87765	ASHURST JN		Sussex
86893	ASHURST NEW FOREST	ANF	Wessex
87041	ASH VALE	AHV	Wessex
87040	ASH VALE SIG WK408		Wessex
59131	ASHWELL L.C.		East Midlands
53011	ASHWELL & MORDEN	AWM	East Coast
11225	ASKAM	ASK	North West
11226	ASKAM SIG AM6		North West
44517	ASLOCKTON	ALK	East Midlands
10021	ASPATRIA	ASP	North West
62051	ASPLEY GUISE	APG	West Coast South
31747	ASTLEY		North West
29181	ASTLEY BRIDGE JN		North West
65651	ASTON	AST	Central
65652	ASTON SIGNAL SB4619		Central
65650	ASTON SOUTH JN		Central
82307	ATHELNEY CROSSING		Western
69009	ATHERSTONE	ATH	West Coast South
35139	ATHERTON	ATN	North West
00841	ATH SNCB		High Speed
01076	ATTADALE	ATT	Scotland
55202	ATTENBOROUGH	ATB	East Midlands
55203	ATTENBOROUGH JN		East Midlands
25808	ATTERCLIFFE	ATE	North & East
25624	ATTERCLIFFE M&G		North & East
25623	ATTERCLIFFE SDGS EWS		North & East
25622	ATTERCLIFFE SDGS FHH		North & East
25621	ATTERCLIFFE STONE TEML D&C		North & East
48501	ATTLEBOROUGH	ATL	Anglia
69032	ATTLEBOROUGH JN SIG RN3431		West Coast South
69031	ATTLEBOROUGH JN SIG RN9533		West Coast South
69020	ATTLEBOROUGH NORTH JUNCTION		West Coast South
69023	ATTLEBOROUGH SOUTH JUNCTION		West Coast South
25625	ATTRCLIFF		North & East
04120	AUCHENGRAY		Scotland
08825	AUCHINLECK	AUK	Scotland
03152	AUCHTERARDER		Scotland
03151	AUCHTERARDER SB		Scotland
03160	AUCHTERARDER SIG AR6		Scotland
47321	AUDLEY END	AUD	Anglia
36005	AUGHTON PARK	AUG	North West
09016	AULDGIRTH		Scotland
00746	AULNOYE		High Speed
01144	AVIEMORE	AVM	Scotland
01140	AVIEMORE DOWN REFUGE SDG		Scotland
01137	AVIEMORE SIGNAL HA313		Scotland
01142	AVIEMORE (SPEYSIDE)		Scotland
01149	AVIEMORE (SPEYSIDE) GBRF		Scotland
01141	AVIEMORE UP REFUGE SDG CE		Scotland
00784	AVIGNON		High Speed
00783	AVIGNON C M T	AVI	High Speed
82073	AVONCLIFF	AVF	Western
81226	AVONMBBHT		Western
81236	AVONM BHT		Western
81241	AVONM HYA		Western
81240	AVONMOUTH	AVN	Western
81250	AVONMOUTH (ADVENZA)		Western
81235	AVONMOUTH BBHT COAL SILOS		Western
81249	AVONMOUTH BENNETS SDG (FHH)		Western
81228	AVONMOUTH BENNETS SIDING		Western
81234	AVONMOUTH COAL SILO (COLAS)		Western
81231	AVONMOUTH CTR TERMAL EWS		Western
81239	AVONMOUTH ENTERPRISE		Western
81218	AVONMOUTH HANSON AGG (FH)		Western
81244	AVONMOUTH HANSON SDG GBRF		Western
81233	AVONMOUTH HANSONS SDG (DBS)		Western
81248	AVONMOUTH HENRY BATH SDGS		Western
81229	AVONMOUTH NO. 5 WHARF EWS		Western
81237	AVONMOUTH NTL PWR SILO 1		Western
81238	AVONMOUTH NTL PWR SILO 2		Western
81242	AVONMOUTH ROCKINGHAM ROAD		Western
81243	AVONMOUTH SIG SA4		Western
81227	AVONMOUTH WEST WHARF (FLHH)		Western
81219	AVONMOUTH WEST WHARF GBRF		Western
81247	AVONM REY		Western
81245	AVONMTH CHITTENING ESTATE		Western
76076	AWRE		Western
83466	AXMINSTER	AXM	Wessex
83457	AXMINSTER EAST JN		Wessex
83456	AXMINSTER WEST JN		Wessex
15125	AYCLIFFE		East Coast
70353	AYLESBURY	AYS	Central
70348	AYLESBURY BRANCH SDG		Central
70352	AYLESBURY C.C.D.		Central
70351	AYLESBURY NORTH LOOP		Central
70354	AYLESBURY (SDGS 1-7)		Central
70349	AYLESBURY SIG ME302		Central
70350	AYLESBURY SIG ME792		Central
70356	AYLESBURY VALE JN		Central
70355	AYLESBURY VALE PARKWAY	AVP	Central
89309	AYLESFORD	AYL	Kent
89515	AYLESHAM	AYH	Kent
69440	AYNHO JN	XAN	Central
69443	AYNHO JN SIG BS501		Central
69441	AYNHO PARK JN		Central
69444	AYNHO SIG BS5002		Central
69442	AYNHO UP GOODS LOOP		Central
08618	AYR	AYR	Scotland
08661	AYRAUCHIN		Scotland
08621	AYR C.S.D.	XAR	Scotland
08614	AYR DEPOT		Scotland
08607	AYR HARBOUR A.B.P.		Scotland
08608	AYR HARBOUR FHH		Scotland
08616	AYR SIG 859		Scotland
08604	AYR SIG. PA335		Scotland
08617	AYR SIG. PA853		Scotland
08615	AYR W.R.D.		Scotland
23490	BABWORTH LOOP		East Coast
38306	BACHE	BAC	North West
40305	BACHE DOWN GOODS LOOP		North West
81003	BADMINGTON		Western
79607	BAGLAN	BAJ	Wales
79612	BAGLAN BAY BP CHEM FLIN HH		Wales
79611	BAGLAN BAY BP CHEML EWS		Wales
79613	BAGLAN BAY (COLAS)		Wales
79614	BAGLAN BAY REPAIR POINT (COLAS RAIL)		Wales
87102	BAGSHOT	BAG	Wessex
32123	BAGULEY FOLD JN		North West
58135	BAGWORTH JCN		East Midlands
58136	BAGWORTH JN REFUGE SDGS		East Midlands
17038	BAILDON	BLD	North & East
04637	BAILEYFIELD C.E.		Scotland
07296	BAILLIESTON	BIO	Scotland
00738	BAISIEUX (SNCF/SNCB BRDR)		High Speed
87963	BALCOMBE	BAB	Sussex
87927	BALCOMBE TUNNEL JN		Sussex
41124	BALDERTON TUNNEL & LC		North West
85530	BALDHU		Western
85531	BALDHU SIG R31		Western
53015	BALDOCK	BDK	East Coast
53014	BALDOCK SIGNAL K242		East Coast
87222	BALHAM	BAL	Sussex
87225	BALHAM JN		Sussex
03104	BALLINLUIG		Scotland
06121	BALLOCH	BHC	Scotland
03040	BALMOSSIE	BSI	Scotland
23175	BALNE		East Coast
23177	BALNE SIG D864		East Coast
23176	BALNE SIG Y863		East Coast
30165	BALSHAW LANE		North West
30133	BAMBER BRIDGE	BMB	North West
30131	BAMBER BRIDGE ISU (CE)		North West
30132	BAMBER BRIDGE WHITTLE INT.		North West
34011	BAMFORD	BAM	North West
35155	BAMFURLONG JN		North West
06013	BANAVIE	BNV	Scotland
69424	BANBURY	BAN	Central
69433	BANBURY CATTLE RD SIDINGS		Central
69410	BANBURY DEPOT		Central
69416	BANBURY DEPOT JN		Central
69417	BANBURY DEPOT RECEPTION		Central
69435	BANBURY DOWN GOOD LOOP		Central
69423	BANBURY DOWN GOODS LOOP		Central
69422	BANBURY JN.		Central
70137	BANBURY LANE L.C.		West Coast South
69419	BANBURY NORTH JN		Central
69425	BANBURY NORTH S.B.		Central
69428	BANBURY RESERVOIR TARMAC		Central
69434	BANBURY SIG 9		Central
69430	BANBURY SIG BS32		Central
69432	BANBURY SIGNAL 12		Central
69431	BANBURY SIGNAL 21		Central
69436	BANBURY SIGNAL OL7134		Central
69437	BANBURY SIGNAL OL7143		Central
69427	BANBURY SOUTH SB		Central
69426	BANBURY TAMPER SIDING		Central
69421	BANBURY UP GOODS LOOP		Central
69420	BANBURY UP SIDINGS		Central
40034	BANGOR FD		Wales
40036	BANGOR (GWYNEDD)	BNG	Wales
40040	BANGOR SIDING		Wales
40033	BANGOR SIG BR32		Wales
40032	BANGOR SIG.BR37		Wales
40035	BANGOR TUNNEL CEMENT		Wales
36075	BANK HALL	BAH	North West
08829	BANK JN		Scotland
87677	BANSTEAD	BAD	Sussex
08411	BARASSIE	BSS	Scotland
08409	BARASSIE C.E.		Scotland
08413	BARASSIE JN		Scotland
08410	BARASSIE JN D.P.L.		Scotland
08414	BARASSIE JN SIGNAL 275		Scotland
08412	BARASSIE JN U.G.L.		Scotland
08406	BARASSIES FLHH SDGS 3&4		Scotland
08408	BARASSIE YARD FHH		Scotland
08407	BARASSIE YARD GBRF		Scotland
63635	BARBICAN	ZBB	East Midlands
00215	BARCELONA EL MORROT		High Speed
58110	BARDNHILQ		East Midlands
58116	BARDON GBRF		East Midlands
58109	BARDON HILL		East Midlands
58113	BARDON HILL B.R. SDGS		East Midlands
58112	BARDON HILL GBRF		East Midlands
58115	BARDON HILL GROUND FRAME		East Midlands
58111	BARDON HILL QUARRY		East Midlands
58114	BARDON HILL QUARRY FHH		East Midlands
13311	BARDON MILL	BLL	North & East
11711	BARE LANE	BAR	North West
07297	BARGEDDIE	BGI	Scotland
78351	BARGOED	BGD	TfW Cardiff Valleys
78352	BARGOED SIDINGS		TfW Cardiff Valleys
78350	BARGOED SINGLE LINE JN		TfW Cardiff Valleys
49018	BARHAM		Anglia
49019	BARHAM FHH		Anglia
49017	BARHAM GROUND SIG C01379		Anglia
00354	BARI		High Speed
51531	BARKING	BKG	Anglia
51513	BARKING EUROHUB (DBS)		Anglia
51518	BARKING FREIGHT DEPOT		Anglia
51534	BARKING JN		Anglia
51532	BARKING L.T.	ZKB	Anglia
51533	BARKING RIVERSIDE	BGV	Anglia
51536	BARKING RIVERSIDE DOWN JN		Anglia
51537	BARKING RIVERSIDE UP JN		Anglia
51530	BARKING STATION JN		Anglia
51529	BARKING UPNEY JUNCTION		Anglia
44100	BARKSTON EAST JN		East Midlands
44379	BARKSTON SOUTH JN		East Coast
43306	BARLASTON	BRT	West Coast South
16525	BARLBY LOOPS		North & East
16528	BARLBY NORTH JN		North & East
08732	BARLEITH WALKER J		Scotland
89402	BARMING	BMG	Kent
64414	BARMOUTH	BRM	Wales
23402	BARNBY DUN ROC. GLASS GBRF		East Coast
23401	BARNBY DUN ROCKWARE GLASS		East Coast
88422	BARNEHURST	BNH	Kent
88393	BARNEHURST SIG NK1532		Kent
87149	BARNES	BNS	Wessex
87150	BARNES BRIDGE	BNI	Wessex
87166	BARNES SIGNAL W1090		Wessex
21415	BARNETBY	BTB	North & East
21412	BARNETBY DN RECP SDG (FHH)		North & East
21413	BARNETBY EA CATTLE WHARF FP*		North & East
21411	BARNETBY EA LWR SDG OTM		North & East
21417	BARNETBY GPL CB8801		North & East
21414	BARNETBY SDGS COLAS RAIL		North & East
21416	BARNETBY SIGNAL BE27		North & East
21418	BARNETBY SIGNAL CB8843		North & East
21488	BARNETBY SIGNAL CB8843		North & East
86451	BARNHAM	BAA	Sussex
86452	BARNHAM ENGINEERS		Sussex
86454	BARNHAM SIGNAL BH115		Sussex
86453	BARNHAM SIGNAL BH122		Sussex
86450	BARNHAM UP SIDINGS		Sussex
06523	BARNHILL	BNL	Scotland
03095	BARNHILL (PERTH)		Scotland
52057	BARNSBURY JN		Anglia
24385	BARNSLEY	BNY	North & East
24388	BARNSLEY SIG 1071		North & East
24386	BARNSLEY SIG 2305		North & East
24387	BARNSLEY SIG 2310		North & East
83222	BARNSTAPLE	BNP	Western
66525	BARNT GREEN	BTG	Central
47201	BARNWELL JN. B.P.		Anglia
68082	BARNWOOD JN.		Western
68083	BARNWOOD SDGS		Western
72260	BARONS COURT LT	ZBQ	Private Railway
07224	BARRHEAD	BRR	Scotland
08645	BARRHILL	BRL	Scotland
08654	BARRHILL BR15 SIGNAL		Scotland
47253	BARRINGTON (FLHH)		Anglia
47255	BARRINGTON PAD GBRF		Anglia
47254	BARRINGTON RR GBRF		Anglia
47251	BARRINGTON RUN ROUND		Anglia
47252	BARRINGTON UNLOADING PAD		Anglia
11233	BARROW C.S.	XBF	North West
11247	BARROW DOCKS (ABP)		North West
21004	BARROW HAVEN	BAV	North & East
27227	BARROW HILL COLAS RAIL		North & East
27224	BARROW HILL DOWN GOODS (FLHH)		North & East
27216	BARROW HILL LIMIT OF SHUNT		North & East
27212	BARROW HILL L.I.P.		North & East
27218	BARROW HILL LIP C&W GBRF		North & East
27213	BARROW HILL LOCO SHED FHH		North & East
27217	BARROW HILL NORTH JN		North & East
27220	BARROW HILL R.S.		North & East
27215	BARROW HILL SIGNAL 1003		North & East
27219	BARROW HILL SOUTH JN.		North & East
27214	BARROW HILL STAVELEY GDSLP		North & East
27222	BARROW HILL STAVELEY GOODS FLHH		North & East
27225	BARROW HILL UP REC 4		North & East
27226	BARROW HILL UP SDG 4 GBRF		North & East
27223	BARROW HILL UP SDG NO 1		North & East
27221	BARROW HILL UP SDGS NO 2 AND 3		North & East
11231	BARROW-IN-FURNESS	BIF	North West
11232	BARROW-IN-FURNESS SIG 52/53/54		North West
11249	BARROW-IN-FURNESS T.C.		North West
11243	BARROW MARINE TERMINAL		North West
81424	BARROW ROAD A.C.C. R.T.S		Western
59009	BARROW UPON SOAR	BWS	East Midlands
78810	BARRY	BRY	Wales
78812	BARRY		Wales
78808	BARRYDOCK		Wales
78811	BARRYDOCK		Wales
78813	BARRYDOCK		Wales
78805	BARRY DOCKS	BYD	Wales
78802	BARRY DOCKS ABP SHIPMENT		Wales
78809	BARRY DOCKS DOW CHEMICALS		Wales
78801	BARRY DOCKS (DUNN) (ADVENZA)		Wales
78807	BARRY DOCKS (DUNN BROS)		Wales
78803	BARRY DOCKS EWS		Wales
78806	BARRY DOCKS (HEXION)		Wales
78804	BARRY DOCKS ZEON		Wales
78899	BARRY DOWN GOODS LOOP		Wales
78118	BARRY DOWN SIDINGS		Wales
78817	BARRY ISLAND	BYI	Wales
78818	BARRY ISLAND COLAS RAIL		Wales
03038	BARRY LINKS	BYL	Scotland
78815	BARRY SIGNAL B49		Wales
78816	BARRY TOURIST RAILWAY		Wales
42414	BARTHOMLEY JN		North West
30106	BARTON & BROUGHTON		North West
30107	BARTON & BROUGHTON		North West
33012	BARTONDK		North West
33011	BARTON DOCK ROAD C.B.		North West
33013	BARTON DOCK ROAD (GBRF)		North West
57728	BARTON GPL DY56		East Midlands
57729	BARTON GPL DY57		East Midlands
16234	BARTON HILL		North & East
81433	BARTON HILL FLINER HH		Western
21001	BARTON-ON-HUMBER	BAU	North & East
57725	BARTON UNDER NEEDWOOD CMD	XUN	East Midlands
57727	BARTON UNDER NEEDWOOD N JN		East Midlands
57726	BARTON UNDER NEEDWOOD S JN		East Midlands
57731	BARTON U NEEDWOOD LH GROUP		East Midlands
57724	BARTON & WALTON		East Midlands
64123	BASCHURCH LEVEL CROSSING		Wales
00506	BASEL		High Speed
00505	BASEL SBB GB GTI		High Speed
55118	BASFORD		East Midlands
51019	BASILDON	BSO	Anglia
86066	BASINGSTOKE	BSK	Wessex
86065	BASINGSTOKE BARTN ML C.S.D	XBS	Wessex
86052	BASINGSTOKE BARTON MILL EAST		Wessex
86058	BASINGSTOKE DN E END SDG	XDF	Wessex
86063	BASINGSTOKE DOWN YARD	XBT	Wessex
86060	BASINGSTOKE NORTH YARD		Wessex
86050	BASINGSTOKE SIG B5106		Wessex
86053	BASINGSTOKE SIGNAL 109		Wessex
86055	BASINGSTOKE SIGNAL BE5105		Wessex
86062	BASINGSTOKE SIGNAL BE547		Wessex
86064	BASINGSTOKE WEST YARD	XBZ	Wessex
89349	BAT & BALL	BBL	Kent
81502	BATH A.C.C. R.T.S.		Western
75356	BATHAMPTON JN		Western
75359	BATHAMPTON SIG BL1990		Western
75358	BATHAMPTON SIGNAL 1995		Western
04010	BATHGATE	BHG	Scotland
07330	BATHGATE EAST JN		Scotland
07332	BATHGATE LMD		Scotland
04012	BATHGATE M.A.T.		Scotland
07333	BATHGATE SIG 2031		Scotland
04009	BATHGATE T.C.		Scotland
81500	BATH GOODS LOOP		Western
81505	BATH GOODS SIG BL 1924		Western
81506	BATH SIDINGS		Western
81501	BATH SPA	BTH	Western
81499	BATH YARD		Western
18437	BATLEY	BTL	North & East
15511	BATTERSBY	BTT	North & East
87239	BATTERSEA LOOP		Sussex
87203	BATTERSEA PARK	BAK	Sussex
87199	BATTERSEA PIER JN.		Sussex
87278	BATTERSEA REVRSIBLE GPL571		Sussex
89398	BATTLE	BAT	Kent
89385	BATTLE NO 2 CROSSOVER		Kent
50309	BATTLESBRIDGE	BLB	Anglia
12225	BATTLESHIP WHF NTH BLYTH (GBRF)		North & East
23487	BAWTRY CROSSOVER		East Coast
53243	BAYFORD	BAY	East Coast
11725	BAY HORSE		North West
64234	BAYSTON HILL QUARRY		Wales
33049	BDGWATRJN		North West
73502	BEACONSFIELD	BCF	Central
12103	BEAL CROSSOVERS TW134		East Coast
12101	BEAL CROSSOVERS TW136		East Coast
49125	BEALINGS		Anglia
12105	BEAL L.C.		East Coast
15628	BEAM MILL JN.		North & East
66454	BEARLEY	BER	Central
66453	BEARLEY JN		Central
06305	BEARSDEN	BRN	Scotland
89404	BEARSTED	BSD	Kent
06005	BEASDALE	BSL	Scotland
07977	BEATTOCK		Scotland
07978	BEATTOCK DOWN SDGS		Scotland
07995	BEATTOCK D.P.L.		Scotland
08014	BEATTOCK MC729		Scotland
08011	BEATTOCK SIG MC 716		Scotland
07999	BEATTOCK SIG MC725		Scotland
07975	BEATTOCK SUMMIT		Scotland
07990	BEATTOCK SUMMIT DOWN SDGS		Scotland
07974	BEATTOCK SUMMIT D.P.L.		Scotland
07973	BEATTOCK SUMMIT U.P.L.		Scotland
07976	BEATTOCK U.P.L.		Scotland
07996	BEATTOCK UP SDGS		Scotland
07987	BEATTOCK UP SUMMIT SDGS		Scotland
86896	BEAULIEU ROAD	BEU	Wessex
01089	BEAULY	BEL	Scotland
38208	BEBINGTON	BEB	North West
49103	BECCLES	BCC	Anglia
88472	BECKENHAM HILL	BEC	Kent
88316	BECKENHAM JN SIG VS607		Kent
88315	BECKENHAM JUNCTION	BKJ	Kent
88556	BECKENHAM SIGNAL VS167		Kent
88543	BECKENHAM SPUR		Kent
23507	BECKINGHAM LOOP		North & East
15904	BEDALE (TEST)		Private Railway
62011	BEDFORD	BDM	East Midlands
62015	BEDFORD CAULDWELL DEPOT		East Midlands
62014	BEDFORD C S		East Midlands
62017	BEDFORD ENGINEERS SDGS		East Midlands
62022	BEDFORD JOWETT SDGS		East Midlands
62008	BEDFORD NORTH JN.		East Midlands
62009	BEDFORD NORTH SIDINGS		East Midlands
62010	BEDFORD SIG 603		East Midlands
62023	BEDFORD SIGNAL WH642		East Midlands
62016	BEDFORD SOUTH JN.		East Midlands
62035	BEDFORD ST JOHNS	BSJ	West Coast South
62036	BEDFORD ST JOHNS G.L.		West Coast South
62021	BEDFORD WASH ROAD		East Midlands
86339	BEDHAMPTON	BDH	Wessex
12236	BEDLINGTON NTH. L.C.		North & East
12241	BEDL'TON FURNACEWAY SDGS		North & East
81813	BEDMINSTER	BMT	Western
69106	BEDWORTH	BEH	West Coast South
69105	BEDWORTH GROUND FRAME		West Coast South
69104	BEDWORTH MURCO SDGS		West Coast South
69109	BEDWORTH PUMA GBRF		West Coast South
74816	BEDWYN	BDW	Western
74823	BEDWYN REVERSING SDG		Western
89415	BEECHBROOK FARM LOOP		Kent
82115	BEECHGROVE GF		Western
55214	BEESTNSDS		East Midlands
55212	BEESTON	BEE	East Midlands
42113	BEESTON CASTLE & T. S. B.		North West
55211	BEESTON CEMENT SDGS		East Midlands
55224	BEESTON HEADSHUNT		East Midlands
55217	BEESTON NORTH JN		East Midlands
55223	BEESTON RUN ROUND		East Midlands
55215	BEESTON SIDINGS		East Midlands
55210	BEESTON SIDINGS GBRF		East Midlands
55208	BEESTON SIG 344		East Midlands
55222	BEESTON SIG TN4918		East Midlands
55225	BEESTON SIG TN4931		East Midlands
55216	BEESTON SIMS MCINTYRE LTD		East Midlands
55218	BEESTON SIMS METALS FHH		East Midlands
55220	BEESTON SIMS METALS GBRF		East Midlands
55213	BEESTON SOUTH JN		East Midlands
55209	BEESTON SOUTH SDGS (FASTLINE)		East Midlands
25826	BEIGHTON DEPOT		North & East
25827	BEIGHTON DEPOT E ALLEN		North & East
25831	BEIGHTON JN		North & East
25825	BEIGHTON STATION JN		North & East
07100	BEITH		Scotland
89513	BEKESBOURNE	BKS	Kent
15015	BELASIS LANE S.B.		North & East
12107	BELFORD DRS		East Coast
12106	BELFORD L.C.		East Coast
12114	BELFORD TAMPER SIDINGS		East Coast
54304	BELLE ISLE	XKB	East Coast
54305	BELLE ISLE SIG K303		East Coast
32061	BELLE VUE	BLV	North West
06701	BELLGROVE	BLG	Scotland
06530	BELLGROVE SIG YS783		Scotland
06705	BELLGROVE SIG YS785		Scotland
88471	BELLINGHAM	BGM	Kent
88484	BELLINGHAM SDG		Kent
07429	BELLSHILL	BLH	Scotland
44221	BELLWATER JN. S.B.		East Midlands
08620	BELMONT		Scotland
87675	BELMONT	BLM	Sussex
23432	BELMONT DOWN RECEPTION		East Coast
23455	BELMONT DOWN RECEPTION		East Coast
57111	BELPER	BLP	East Midlands
89329	BELTRING	BEG	Kent
88602	BELVEDERE	BVD	Kent
19006	BEMPTON	BEM	North & East
51014	BENFLEET	BEF	Anglia
07435	BENHAR JN	XJB	Scotland
07437	BENHAR JN C.E.		Scotland
00232	BENIFAYO-ALMOSAFES		High Speed
16401	BENINGBROUGH		East Coast
56541	BENNERLEY		East Midlands
56450	BENNERLY JN		East Midlands
17054	BEN RHYDDING	BEY	North & East
11563	BENTHAM	BEN	North West
56302	BENTINCK COLLY SDGS		East Midlands
87024	BENTLEY	BTY	Wessex
23201	BENTLEY CROSSOVER		East Coast
66463	BENTLEY HEATH CROSSING		Central
23027	BENTLEY JN		East Coast
49300	BENTLEY (SUFFOLK)		Anglia
23115	BENTLEY (S.YORKS)	BYK	East Coast
12419	BENTON (METRO)	BNO	East Coast
12255	BENTON NTH JN		East Coast
84207	BERE ALSTON	BAS	Western
84205	BERE FERRERS	BFE	Western
68144	BERKELEY C.E.G.B.		Western
68145	BERKELEY RD JN		Western
70421	BERKHAMSTED	BKM	West Coast South
69211	BERKSWELL	BKW	Central
69103	BERMUDA PARK	BEP	West Coast South
48066	BERNEY ARMS	BYA	Anglia
18488	BERRY BROW	BBW	North & East
02069	BERRYDEN JUNCTION		Scotland
87170	BERRYLANDS	BRS	Wessex
87285	BERRYLANDS JUNCTION		Wessex
88245	BERWICK SIG 1362		Sussex
12004	BERWICK SOUTH SIDING		East Coast
88246	BERWICK (SUSSEX)	BRK	Sussex
12001	BERWICK-UPON-TWEED	BWK	East Coast
12002	BERWICK UPON TWEED GDS LP		East Coast
12000	BERWICK-U-T NTH DOWN SDGS		East Coast
35018	BESCAR LANE	BES	North West
65703	BESCOT BALLAST RECLAIM STE		Central
65704	BESCOTBKS		Central
65713	BESCOT C&D ROADS SPOIL TIP		Central
65708	BESCOT CURVE JN.		Central
65700	BESCOT DOWN SIDE	XBY	Central
65717	BESCOT DOWN SIDE GBRF		Central
65714	BESCOT ENG SDG PPM POINT		Central
65712	BESCOT HOLDING SIDINGS		Central
65709	BESCOT JN		Central
65707	BESCOT STADIUM	BSC	Central
65701	BESCOT STORAGE SIDINGS		Central
65702	BESCOT T.M.D.		Central
65710	BESCOT UP AND DOWN GOODS		Central
65719	BESCOT UP BROOK SDGS GBRF		Central
65720	BESCOT UP ENGINEERS GBRF		Central
65705	BESCOT UP ENGINEERS SDGS		Central
65706	BESCOT UP LOOP		Central
65711	BESCOT UP REC SDGS - VRT Q		Central
65718	BESCOT VQ RECEPTION GBRF		Central
23475	BESSACARR JN		East Coast
55111	BESTWOOD PARK JN		East Midlands
87085	BETCHWORTH	BTO	Sussex
87090	BETCHWORTH UP CE SIDING		Wessex
52739	BETHNAL GREEN	BET	Anglia
52744	BETHNAL GREEN EAST JN.		Anglia
52740	BETHNAL GREEN NORTH JN.		Anglia
52742	BETHNAL GREEN WEST JN.		Anglia
42300	BETLEY ROAD SB		West Coast South
00889	BETTEMBOURG	BBR	High Speed
40061	BETWS-Y-COED	BYC	Wales
19023	BEVERLEY	BEV	North & East
88275	BEXHILL	BEX	Sussex
88268	BEXHILL GROUND FRAME		Sussex
88267	BEXHILL SUNT SIG 1435		Sussex
88463	BEXLEY	BXY	Kent
88421	BEXLEYHEATH	BXH	Kent
66407	B'HAM MOOR ST SIG WM190		Central
74554	BICESTER C.O.D.		Central
74556	BICESTER DEPOT EAST JN		Central
74559	BICESTER DEPOT-GLP-RR		Central
74553	BICESTER DEPOT SIG OB5009		Central
74560	BICESTER DEPOT WEST JN		Central
69501	BICESTER ENGINEERS SDGS		Central
74562	BICESTER GAVRAY JN		Central
74555	BICESTER LONDON RD L.C.		Central
74549	BICESTER MOD GBRF		Central
69502	BICESTER NORTH	BCS	Central
69499	BICESTER NORTH TURNBACK SG		Central
69507	BICESTER NTH SIG 189		Central
69509	BICESTER NTH SIG 192		Central
74563	BICESTER SIG ME2032		Central
74567	BICESTER SIG ME210		Central
69503	BICESTER SIGNAL ME2034		Central
74564	BICESTER SIG OB1792		Central
74565	BICESTER SIG OB1794		Central
74566	BICESTER SIG OB9024		Central
74561	BICESTER SOUTH JN	XJV	Central
74557	BICESTER VILLAGE	BIT	Central
88478	BICKLEY	BKL	Kent
88479	BICKLEY JN	XLY	Kent
88527	BICKLEY JNC SIGNAL AD35		Kent
88532	BICKLEY SIGNAL VS626		Kent
38012	BIDSTON	BID	North West
38019	BIDSTON DEE JN		North West
38014	BIDSTON EAST JN		North West
38013	BIDSTON SIDINGS		North West
38017	BIDSTON SIG 601		North West
38015	BIDSTON SIGNAL 1544		North West
38007	BIDSTON STABLING SIDINGS		North West
45611	BIGGLESWADE	BIW	East Coast
45612	BIGGLESWADE PLASMOR		East Coast
45614	BIGGLESWADE SIG K235		East Coast
65035	BILBROOK	BBK	Central
50327	BILLERICAY	BIC	Anglia
15039	BILLINGHAM	BIL	North & East
15029	BILLINGHAM JN		North & East
15021	BILLINGHAM MARCROFT ENG.		North & East
15022	BILLINGHAM RFS ENG		North & East
87934	BILLINGHURST SIGNAL T862		Sussex
87951	BILLINGSHURST	BIG	Sussex
87990	BILLINGSHURST SIGNAL T1430		Sussex
55625	BINGHAM	BIN	East Midlands
17016	BINGLEY	BIY	North & East
66033	BIRCH COPPICE EXCHANGE SDG		Central
66035	BIRCH COPPICE EX SDS (FASTLINE)		Central
66034	BIRCH COPPICE FREIGHTLINER		Central
66036	BIRCH COPPICE GBRF		Central
66037	BIRCH COPPICE REPAIR POINT		Central
78387	BIRCHGROVE	BCG	TfW Cardiff Valleys
89479	BIRCHINGTON-ON-SEA	BCH	Kent
89481	BIRCHNGTN		Kent
36716	BIRCHWOOD	BWD	North West
88312	BIRKBECK	BIK	Sussex
36060	BIRKDALE	BDL	North West
36059	BIRKDALE SIDINGS		North West
38101	BIRKENHEAD CAVENDISH T.C.		North West
38200	BIRKENHEAD CENTRAL	BKC	North West
38199	BIRKENHEAD CENTRAL C.S.		North West
38197	BIRKENHEAD CENTRAL SIG 717		North West
38131	BIRKENHEAD DOCKS (MDHC)		North West
38151	BIRKENHEAD NORTH	BKN	North West
38155	BIRKENHEAD NORTH E.M.U.D	XDB	North West
38152	BIRKENHEAD NORTH SIGNL 564		North West
38153	BIRKENHEAD PARK	BKP	North West
09437	BIRKETT TUNNEL		North West
57800	BIRMINGHAM CURVE JN		East Midlands
69215	BIRMINGHAM INTERNATIONAL	BHI	Central
69214	BIRMINGHAM INTER NORTH JN		Central
69216	BIRMINGHAM INTER SOUTH JN		Central
66411	BIRMINGHAM MOOR STREET	BMO	Central
66418	BIRMINGHAM MOOR STREET SDG 1		Central
66410	BIRMINGHAM MOOR STREET SDG 2		Central
65629	BIRMINGHAM NEW ST BALLAST		Central
65630	BIRMINGHAM NEW STREET	BHM	Central
66409	BIRMINGHAM SNOW HILL	BSW	Central
66408	BIRMINGHAM SNOW HILL T/B S		Central
66406	BIRMINGHAM SNOW HL SIGSY459		Central
66990	BIRMINGHM		NONE
13554	BIRTLEY JN		East Coast
15826	BISHOP AUCKLAND	BIA	North & East
15827	BISHOP AUCKLAND WEST		North & East
06443	BISHOPBRIGGS	BBG	Scotland
83014	BISHOPS LYDEARD	BIB	Private Railway
83020	BISHOPS LYDEARD WSR (GBRF)		Western
47412	BISHOPS STORTFORD	BIS	Anglia
47501	BISHOPS STORTFORD CHARRGTN		Anglia
47413	BISHOPS STORTFORD C. SDGS		Anglia
47411	BISHOPS STORTFORD RECP.		Anglia
47414	BISHOPS STORTFORD UP LOOP		Anglia
88238	BISHOPSTONE	BIP	Sussex
07132	BISHOPTON	BPT	Scotland
07131	BISHOPTON BRIT. AEROSPACE		Scotland
86216	BITTERNE	BTE	Wessex
29158	BLACKBNFD		North West
29150	BLACKBURN	BBN	North West
29170	BLACKBURN BOLTON BRANCH JN		North West
29152	BLACKBURN BOLTON RD SDG PWAY YD		North West
29153	BLACKBURN EAST LANCS SDG		North West
29159	BLACKBURN KING ST (B.FUEL)		North West
29154	BLACKBURN KING STREET		North West
29157	BLACKBURN PG FOGARTY		North West
29149	BLACKBURN SIG 444		North West
29151	BLACKBURN STN HOLDING SDGS		North West
29160	BLACKBURN TAYLOR ROAD GF		North West
23456	BLACK CARR JN DONCASTER		East Coast
03155	BLACKFORD		Scotland
03154	BLACKFORD DOWN SDG ISU CE		Scotland
03159	BLACKFORD FREIGHT TERMINAL		Scotland
03166	BLACKFORD F.T. (DRS)		Scotland
03164	BLACKFORD SOUTH JUNCTION		Scotland
03158	BLACKFORD UP SIDING		Scotland
87242	BLACKFRIARS C.H.S.		Kent
88395	BLACKFRIARS JN		Kent
88384	BLACKFRIARS JN TVS4408		Kent
70342	BLACKGROVE ROAD		Central
88416	BLACKHEATH	BKH	Kent
14185	BLACKHILLS FARM		North & East
51555	BLACKHORSE ROAD	BHO	Anglia
30021	BLACKPOOL NORTH	BPN	North West
30022	BLACKPOOL NORTH CAR. M.D.	XNS	North West
30034	BLACKPOOL PLEASURE BEACH	BPB	North West
30033	BLACKPOOL SOUTH	BPS	North West
07328	BLACKRIDGE STN	BKR	Scotland
30221	BLACKROD	BLK	North West
69504	BLACKTHORNE		Central
87009	BLACKWATER	BAW	Wessex
87011	BLACKWATER SIGNAL WM530		Wessex
67001	BLACKWELL		Central
56126	BLACKWELL (DB SCHENKER)		East Midlands
56123	BLACKWELL (FLHH)		East Midlands
56124	BLACKWELL SIGNAL TC4726		East Midlands
56125	BLACKWELL SIG TC4727		East Midlands
56129	BLACKWELL SOUTH JN (DERBS)		East Midlands
40066	BLAENAU FFESTINIOG	BFF	Wales
40069	BLAENAU FFESTINIOG NO2 GF		Wales
40068	BLAENAU FFESTINIOG NO3 GF		Wales
03101	BLAIR ATHOLL	BLA	Scotland
03099	BLAIR ATHOLL DOWN SIDINGS		Scotland
06714	BLAIRHILL	BAI	Scotland
65938	BLAKEDOWN	BKD	Central
65343	BLAKE STREET	BKT	Central
07486	BLANTYRE	BLT	Scotland
82207	BLATCHBRIDGE JN		Western
13403	BLAYDON	BLO	North & East
09445	BLEA MOOR		North West
09446	BLEA MOOR UGL		North West
55505	BLEASBY	BSB	East Midlands
70304	BLETCHC&W		West Coast South
74450	BLETCH GF		Western
70306	BLETCHLEY	BLY	West Coast South
70314	BLETCHLEY ARRIVAL		West Coast South
70295	BLETCHLEY CAMBRIDGE SDGS		West Coast South
70290	BLETCHLEY CEMEX GBRF		West Coast South
70307	BLETCHLEY CE SDGS		West Coast South
70309	BLETCHLEY C.S.	XBL	West Coast South
70296	BLETCHLEY DOWN SDGS		West Coast South
70312	BLETCHLEY DRAYTON RD JN		West Coast South
70305	BLETCHLEY FIELD SIDINGS		West Coast South
70301	BLETCHLEY FLYOVER JN		West Coast South
70313	BLETCHLEY FREIGHT DPT FHH		West Coast South
70303	BLETCHLEY HOPPER SIDINGS		West Coast South
70308	BLETCHLEY ISU (S&TE)		West Coast South
70299	BLETCHLEYN RELIEF 1		West Coast South
70298	BLETCHLEY RELIEF 2		West Coast South
70297	BLETCHLEY SHUNT NECK		West Coast South
70292	BLETCHLEY SIGNAL BY76		West Coast South
72092	BLETCHLEY SIGNAL BY76		West Coast South
70293	BLETCHLEY SMT OF FLYOVER		West Coast South
70310	BLETCHLEY SOUTH JN		West Coast South
70294	BLETCHLEY SWANBOURNE SDG		West Coast South
70302	BLETCHLEY T.M.D.	XBQ	West Coast South
70291	BLETCHLEY WATER EATON RD		West Coast South
70300	BLETCHLEY YARD	XYB	West Coast South
04813	BLINDWELLS OPENCAST		Scotland
70138	BLISWORTH C.E. SDGS		West Coast South
70139	BLISWORTH GROUND FRAME		West Coast South
70051	BLISWORTH SIG KR1200		West Coast South
70052	BLISWORTH SIG KR1201		West Coast South
29155	BLKBBOLJN		North West
30166	BLNSCOUGH		North West
46003	BLOTOFT SIGNAL BOX		East Midlands
65522	BLOXWCH		Central
65519	BLOXWICH	BLX	Central
65521	BLOXWICH IMPERIAL SMELTING		Central
65517	BLOXWICH NORTH	BWN	Central
65523	BLOXWICH SIGNAL BH103		Central
65520	BLOXWICH SIGNAL BOX		Central
88412	BLUE ANCHOR		Kent
36068	BLUNDELLSANDS & CROSBY	BLN	North West
12990	BLYTH		North & East
12230	BLYTH CAMBOIS L.I.P.		North & East
43503	BLYTHE BRIDGE	BYB	East Midlands
12231	BLYTH EWS C&W		North & East
74426	BMW OXFORD C&W		Western
01143	BOAT OF GARTEN	BGR	Scotland
01148	BOAT OF GARTEN GBRF		Scotland
02040	BOAT OF KINTORE		Scotland
00023	BOCHUM HBF	BUM	High Speed
85011	BODMIN PARKWAY	BOD	Western
85015	BODMINPKW		Western
85012	BODMIN SDG		Western
85013	BODMIN SIG LL1042		Western
85014	BODMIN SIG LL1043		Western
40017	BODORGAN	BOR	Wales
00027	BOENEN (GERMANY)		High Speed
09193	BOG JN		North West
86441	BOGNOR REGIS	#MULTIVALUE	Sussex
86440	BOGNOR REGIS (BALLAST)		Sussex
86443	BOGNOR REGIS SIDING		Sussex
86442	BOGNOR REGIS SIG BR13		Sussex
86444	BOGNOR REGIS SIGNAL BR55		Sussex
08301	BOGSIDE (AYRSHIRE)		Scotland
08303	BOGSIDE JUNCTION		Scotland
07028	BOGSTON	BGS	Scotland
14007	BOLDON EAST JN		East Coast
14001	BOLDON NORTH JUNCTION		East Coast
14002	BOLDON WEST JCN		East Coast
72250	BOLLOLANE		Anglia
27114	BOLSOVER COALITE		North & East
27115	BOLSOVER COALITE (FHH)		North & East
27113	BOLSOVER C&W EWS		North & East
31620	BOLTON	BON	North West
24011	BOLTON-ON-DEARNE	BTD	North & East
24010	BOLTON-UPON-DEARNE LOS		North & East
73112	BOND STREET	BDS	Private Railway
05116	BO'NESS D.P.L.		Scotland
05124	BO'NESS EXCHANGE SDGS GBRF		Scotland
05123	BO'NESS GBRF		Scotland
05118	BO'NESS G.F.		Scotland
05117	BO'NESS JN		Scotland
05115	BO'NESS JN EXCHANGE SDG		Scotland
00031	BONN HBF	BNJ	High Speed
64314	BONTDOLGOCH		Wales
87072	BOOKHAM	BKA	Wessex
16245	BOOTHAM		North & East
19157	BOOTHFERRY PARK		North & East
11209	BOOTLE	BOC	North West
36600	BOOTLE BRANCH JN		North West
36085	BOOTLE DOWN & UP GDS LINE		North West
36074	BOOTLE JN		North West
36071	BOOTLE NEW STRAND	BNW	North West
36072	BOOTLE ORIEL ROAD	BOT	North West
88284	BOPEEP JN S.B.	XOP	Kent
00792	BORDEAUX ST. JEAN	BOX	High Speed
00845	BORDERTGV		High Speed
66412	BORDESLEY	BBS	Central
66417	BORDESLEY CAR TERMINAL		Central
66324	BORDESLEY JN	XIR	Central
66419	BORDESLEY LOOP		Central
66413	BORDESLEY SIG LJ7326		Central
66401	BORDESLEY SOUTH JN		Central
66405	BORDESLEY UP LOOP		Central
66416	BORDSLEY T.C.		Central
15882	BOROUGHBRIDGE RD. L.C.		East Coast
89412	BOROUGH GREEN DOWN LOOP		Kent
89435	BOROUGH GREEN SIG ME303		Kent
89401	BOROUGH GREEN & WROTHAM	BRG	Kent
88404	BOROUGH MARKET JN		Kent
09339	BORROW BROOK VIADUCT		North West
64604	BORTH	BRH	Wales
86373	BOSHAM	BOH	Sussex
44212	BOSTON	BSN	East Midlands
44216	BOSTON DOCKS		East Midlands
44217	BOSTON DOCKS COLAS		East Midlands
44215	BOSTON LAFARGE REDLAND		East Midlands
44214	BOSTON SLEAFORD SIDINGS		East Midlands
44213	BOSTON STATION SIDINGS		East Midlands
19101	BOTANIC GARDENS D.M.U.D.	XBG	North & East
86202	BOTLEY	BOE	Wessex
86203	BOTLEY AGGREGATE SDGS.		Wessex
86206	BOTLEY FOSTER YEOMAN (FLHH)		Wessex
86207	BOTLEY SIGNAL E295		Wessex
44511	BOTTESFORD	BTF	East Midlands
44512	BOTTESFORD WEST JN		East Midlands
28508	BOUGHTON		North & East
28509	BOUGHTON JN		North & East
15685	BOULBYMIN		North & East
15686	BOULBY MINE CARLIN HOW (FLHH)		North & East
15687	BOULBY MINE C&W (FLHH)		North & East
15684	BOULBY POTASH RECP.		North & East
44027	BOULTHAM JN		East Midlands
44028	BOULTHAM JN SIGNAL NL7947		East Midlands
54101	BOUNDS GREEN T&R.S.M.D	XGD	East Coast
00779	BOURG-EN-BRESSE		High Speed
00768	BOURG ST MAURICE	XIB	High Speed
74014	BOURNE END	BNE	Western
71009	BOURNE END JN (HERTS)	XOE	West Coast South
71018	BOURNE END SIG WT1412		West Coast South
71016	BOURNE END SIG WT1414		West Coast South
71017	BOURNE END SIG WT1419		West Coast South
71015	BOURNE END SIG WT1421		West Coast South
86921	BOURNEMOUTH	BMH	Wessex
86928	BOURNEMOUTH HURN AIRPORT	BHA	Wessex
86924	BOURNEMOUTH MIDDLE SDGS		Wessex
86926	BOURNEMOUTH SIG 21		Wessex
86920	BOURNEMOUTH SIG BC1011		Wessex
86922	BOURNEMOUTH T&RS DEPOT		Wessex
86923	BOURNEMOUTH T&R.S.M.D	XBM	Wessex
86925	BOURNEMOUTH UP SIDING		Wessex
66503	BOURNVILLE	BRV	Central
74335	BOURTON		Western
62055	BOW BRICKHILL	BWB	West Coast South
52601	BOW DEPOT		Anglia
52600	BOW DEPOT EWS LOOP		Anglia
52606	BOW DEPOT FLHH		Anglia
52609	BOW DEPOT GBRF		Anglia
52607	BOW EAST (DB SCHENKER)		Anglia
52608	BOW EAST (OLYMPICS) (FLHH)		Anglia
52605	BOW ECCQ PRIVATE SIDINGS		Anglia
01026	BOWER		Scotland
15319	BOWESFIELD JN.		North & East
53309	BOWES PARK	BOP	East Coast
53310	BOWES PARK REVERSING SDG		East Coast
03255	BOWHILL		Scotland
52701	BOW JN SIG L5069	XOW	Anglia
52604	BOW JUNCTION SIGNAL L5069		Anglia
52603	BOW JUNCTION SIGNAL L5073		Anglia
04703	BOWLAND JN		Scotland
06203	BOWLING	BWG	Scotland
06201	BOWLING ESSO		Scotland
52602	BOW MIDLAND WASTE RECYCLNG		Anglia
64603	BOW STREET	BOW	Wales
64606	BOW STREET		Wales
52610	BOW YARD RECEPTION		Anglia
87686	BOX HILL & WESTHUMBLE	BXW	Wessex
71014	BOXMOOR SIDINGS		West Coast South
05084	BP GRANGEMOUTH (COLAS)		Scotland
08524	BP OIL PRESTWICK (COLAS)		Scotland
87101	BRACKNELL	BCE	Wessex
87087	BRACKNELL EMERGENCY T XOVER		Wessex
15121	BRADBURY APCO		East Coast
17019	BRADFORD FORSTER SQUARE	BDQ	North & East
18641	BRADFORD INTERCHANGE	BDI	North & East
75363	BRADFORD JN		Western
82075	BRADFORD-ON-AVON	BOA	Western
86295	BRADING	BDN	Wessex
18471	BRADLEY JN		North & East
18469	BRADLEY WOOD JN		North & East
43039	BRADWELL JN SIG SOT564		West Coast South
43040	BRADWELL JUNCTION		West Coast South
53247	BRAGBURY JN		East Coast
07453	BRAIDHURST		Scotland
07454	BRAIDHURST DOWN LOOP		Scotland
50204	BRAINTREE	BTR	Anglia
50205	BRAINTREE FREEPORT	BTP	Anglia
32579	BRAMHALL	BML	North West
86061	BRAMLEY (HANTS)	BMY	Wessex
18654	BRAMLEY (YORKS)	BLE	North & East
13302	BRAMPTON (CUMBRIA)	BMP	North & East
13301	BRAMPTON FELL S.B.		North & East
49105	BRAMPTON (SUFFOLK)	BRP	Anglia
43515	BRAMSHALL L.C.		East Midlands
07005	BRANCHTON	BCN	Scotland
26305	BRANCLIFFE EAST JN		North & East
46264	BRANDON	BND	Anglia
46263	BRANDON DOWN GOODS LOOP		Anglia
46265	BRANDON DOWN SIDINGS		Anglia
46245	BRANDON HABD		West Coast South
46251	BRANDON SIG B19		Anglia
46249	BRANDON SIG EN8063		Anglia
46262	BRANDON UP REFUGE SIDINGS		Anglia
86927	BRANKSOME	BSM	Wessex
57721	BRANSTON JN		East Midlands
44091	BRANSTON & WASHINGBOROUGH		East Midlands
59411	BRAYBROOK		East Midlands
10195	BRAYSTONES	BYS	North West
09226	BRAYTON		North West
57225	BREADSALL		East Midlands
03010	BRECHIN		Scotland
32065	BREDBURY	BDY	North West
32326	BREDBURY (FLHH)		North West
32325	BREDBURY R.T.S.		North West
32333	BREDBURY TILCON		North West
32334	BREDBURY TILCON GBRF		North West
04088	BREICH	BRC	Scotland
63303	BRENT CURVE JN		East Midlands
73676	BRENTFD TN W.WASTE R.T.S		Western
87144	BRENTFORD	BFD	Wessex
73672	BRENTFORD TOWN		Western
73670	BRENTFORD TOWN DAYS FLHH		Western
73669	BRENTFORD TOWN DAYS GBRF		Western
73671	BRENTFORD TOWN DAY & SONS		Western
73675	BRENTFRD		Western
81914	BRENT KNOLL		Western
72114	BRENT NEW JN		West Coast South
72290	BRENT RECEPTION AND DEPARTURE		West Coast South
63304	BRENT SDGS RECEPTION		East Midlands
50331	BRENTWOOD	BRE	Anglia
00348	BRESCIA		High Speed
31337	BREWERY JUNCTION		North West
71036	BRICKET WOOD	BWO	West Coast South
87600	BRICKLAYERS ARM JN TVS4408		Sussex
87602	BRICKLAYERS ARMS JN	XLJ	Kent
21120	BRICKPITS		North & East
23443	BRIDGE JN		East Coast
79791	BRIDGEND	BGN	Wales
79792	BRIDGEND 602 SIGNAL		Wales
79800	BRIDGEND FORD REPAIR SDGS		Wales
79797	BRIDGEND FORD SIDINGS		Wales
79796	BRIDGEND FORD SIDINGS G.F.		Wales
79707	BRIDGEND RP (DBC)		Wales
79802	BRIDGEND SIGNAL 3463		Wales
79794	BRIDGEND SIGNAL PT3028		Wales
79789	BRIDGEND SIG PT165		Wales
03165	BRIDGE OF ALLAN	BEA	Scotland
06037	BRIDGE OF ORCHY	BRO	Scotland
06038	BRIDGE OF ORCHY C.E.		Scotland
06067	BRIDGE OF ORCHY GF		Scotland
19126	BRIDGES JN		North & East
07246	BRIDGE STREET JCN GLASGOW		Scotland
07269	BRIDGETON	BDG	Scotland
07289	BRIDGETON RP GBRF		Scotland
07271	BRIDGETON YARD		Scotland
07274	BRIDGETON YARD GBRF		Scotland
65951	BRIDGNORTH		Private Railway
81924	BRIDGWATER	BWT	Western
81925	BRIDGWATER CHARTERAIL		Western
81921	BRIDGWATER F.D		Western
81926	BRIDGWATER SIG 80		Western
81923	BRIDGWATER UP SDG GF		Western
81922	BRIDGWATR		Western
19007	BRIDLINGTON	BDT	North & East
29036	BRIERFIELD	BRF	North West
65727	BRIERLEYH		Central
65729	BRIERLEY HILL		Central
65730	BRIERLEY HILL (FLHH)		Central
65726	BRIERLEY HILL GBRF		Central
26001	BRIGG	BGG	North & East
34236	BRIGGS GROUND FRAME		North West
34233	BRIGGS SIDING (EWS)		North West
18455	BRIGHOUSE	BGH	North & East
87980	BRIGHTON	BTN	Sussex
87977	BRIGHTON (BALLAST)		Sussex
88017	BRIGHTON DOWN NECK SDG		Sussex
87981	BRIGHTON DOWN SDG	#MULTIVALUE	Sussex
88004	BRIGHTON ENGRS DEPOT SDGS		Sussex
87983	BRIGHTON L.H.S	XDV	Sussex
87976	BRIGHTON REC ROAD (TPS)		Sussex
87978	BRIGHTON SIGNAL 1257		Sussex
88012	BRIGHTON SIGNAL T1249		Sussex
88018	BRIGHTON SIGNAL T1261		Sussex
87970	BRIGHTON SIGNAL T1277		Sussex
88095	BRIGHTON SIGNAL T1280		Sussex
87984	BRIGHTON WALL SIDING		Sussex
25512	BRIGHTSIDE LOOP SIG 174		North & East
25514	BRIGHTSIDE NO 1 RECEPTION		North & East
25515	BRIGHTSIDE NO 2 RECEPTION		North & East
25511	BRIGHTSIDE STA JN		North & East
25513	BRIGHTSIDE UP & DN EAST SLOW		North & East
69506	BRILL		Central
51914	BRIMSDOWN	BMD	Anglia
31553	BRINDLE HEATH (FLHH)		North West
31563	BRINDLE HEATH LOOP		North West
31552	BRINDLE HEATH R.T.S.		North West
69025	BRINKLOW		West Coast South
32064	BRINNINGTON	BNT	North West
81851	BRISTLFLT		Western
81434	BRISTOL BARTON HILL (EWS)		Western
81432	BRISTOL BARTON HILL W.R.D.	XHL	Western
81800	BRISTOL BATH ROAD MPD	XAB	Western
81701	BRISTOLDT		Western
81512	BRISTOL EAST DEPOT DBC		Western
81511	BRISTOL EAST DEPOT DGL		Western
81513	BRISTOL EAST DEPOT R.C.E		Western
81690	BRISTOL EAST JN		Western
81704	BRISTOL HIGH LEVEL SDG		Western
81610	BRISTOL KINGSLAND RD S&TE		Western
81608	BRISTOL KINGSLAND ROAD		Western
81609	BRISTOL KINGSLAND ROAD FHH		Western
81527	BRISTOL MARSH JN UP GF		Western
81109	BRISTOL PARKWAY	BPW	Western
81126	BRISTOL PARKWAY BL6579		Western
81130	BRISTOL PARKWAY SIG BL1514		Western
81128	BRISTOL PARKWAY SIG BL6585		Western
81127	BRISTOL PARKWAY SIG BL6602		Western
81705	BRISTOL SIGNAL BL1820		Western
81700	BRISTOL TEMPLE MEADS	BRI	Western
80703	BRISTOL TEMPLE MEADS BL423		Western
81703	BRISTOL TEMPLE MEADS SIG BL423		Western
81702	BRISTOL TM LOCO SPUR		Western
81405	BRISTOL TM SIG 533		Western
81406	BRISTOL TM SIG 6720		Western
81706	BRISTOL TM SIG 6720		Western
81498	BRISTOL TM SIG B175		Western
81404	BRISTOL TM SIGNAL B242		Western
81812	BRISTOL WEST JN.		Western
81852	BRISTOLWS		Western
78349	BRITHDIR	BHD	TfW Cardiff Valleys
15656	BRITISH STEEL REDCAR	RBS	North & East
79602	BRITONFER		Wales
79600	BRITON FERRY	BNF	Wales
79605	BRITON FERRY EAST		Wales
79601	BRITON FERRY U.F.L. JN.		Wales
79604	BRITON FERRY WEST JN		Wales
79603	BRITON FERRY YARD		Wales
48055	BRITTANIC FARM		Anglia
87248	BRIXTON	BRX	Kent
32232	BROADBOTTOM	BDB	North West
01068	BROADFORD		Scotland
36602	BROAD GREEN	BGE	North West
57109	BROADHOLME		East Midlands
89474	BROADSTAIRS	BSR	Kent
86901	BROCKENHURST	BCU	Wessex
86903	BROCKENHURST DOWN SIDING		Wessex
86904	BROCKENHURST SIGNAL BH16		Wessex
86902	BROCKENHURST UP SIDING		Wessex
18492	BROCKHOLES	BHS	North & East
21403	BROCKLESBY JN.		North & East
87629	BROCKLEY	BCY	Sussex
14003	BROCKLEY WHINS	BNR	East Coast
01123	BRODIE		Scotland
38218	BROMBOROUGH	BOM	North West
38216	BROMBOROUGH RAKE	BMR	North West
76376	BROMFIELD		Wales
66306	BROMFORD BRIDGE		Central
66305	BROMFORD BRIDGE ESSO SDG		Central
66307	BROMFORD LOOP		Central
67004	BROMGROVE SIGNAL G463		Central
52252	BROMLEY-BY-BOW LT	ZBW	Anglia
29177	BROMLEY CROSS	BMC	North West
87647	BROMLEY JN		Sussex
88482	BROMLEY NORTH	BMN	Kent
88477	BROMLEY SOUTH	BMS	Kent
88500	BROMLEY SOUTH SIG VS617		Kent
29176	BROMLYXNJ		North West
67003	BROMSGROVE	BMV	Central
67006	BROMSGROVE RMC		Central
67010	BROMSGROVE TAMPER SIDINGS		Central
67002	BROMSGROVE UP GOODS LOOP		Central
72415	BRONDESBURY	BSY	Anglia
72414	BRONDESBURY PARK	BSP	Anglia
89307	BROOKGATE		Kent
89310	BROOKGATE SDGS		Kent
53995	BROOKMANS PARK	BPK	East Coast
59115	BROOKSBY LEVEL CROSSING		East Midlands
86041	BROOKWOOD	BKO	Wessex
86046	BROOKWOOD COUNTRY END		Wessex
86044	BROOKWOOD LONDON END		Wessex
79099	BROOME	BME	Wales
19213	BROOMFLEET	BMF	North & East
08632	BROOMHILLOPENCAST		Scotland
01021	BRORA	BRA	Scotland
01022	BRORA C.E.		Scotland
19211	BROUGH	BUH	North & East
19210	BROUGH CROSSOVER		North & East
25155	BROUGHTON LANE JN		North & East
03041	BROUGHTY FERRY	BYF	Scotland
08008	BROWNHILL D.P.L.		Scotland
08007	BROWNHILL JN	XBA	Scotland
65319	BROWNHILLS		Central
51722	BROXBOURNE	BXB	Anglia
51716	BROXBOURNE DN TAMP SDG GBF		Anglia
51725	BROXBOURNE DOWN PASS LOOP		Anglia
51718	BROXBOURNE DOWN TAMPER SDG		Anglia
51720	BROXBOURNE JN		Anglia
51721	BROXBOURNE RECP.		Anglia
47701	BROXBOURNE REDLAND AGGS		Anglia
51727	BROXBOURNE SIG BN30		Anglia
51726	BROXBOURNE SIG L1484		Anglia
51724	BROXBOURNE SIG L5315		Anglia
51723	BROXBOURNE SIG L5331		Anglia
00856	BRSFOREST		High Speed
51952	BRUCE GROVE	BCV	Anglia
48215	BRUNDALL	BDA	Anglia
48216	BRUNDALL GARDENS	BGA	Anglia
04635	BRUNSTANE	BSU	Scotland
36082	BRUNSWICK	BRW	North West
87590	BRUNSWICK COURT JN		Kent
82299	BRUTON	BRU	Western
00855	BRUXELLES FOREST DEPOT		High Speed
00850	BRUXELLES MIDI	BXS	High Speed
35394	BRYN	BYN	North West
79501	BRYNTEG LOADING PAD		Wales
48213	BUCKENHAM	BUC	Anglia
83709	BUCKFASTLEIGH	BFL	Western
89521	BUCKLAND JN	XUK	Kent
41019	BUCKLEY	BCK	Wales
79097	BUCKNELL	BUK	Wales
30201	BUCKSHAW VILLAGE	BSV	North West
69317	BUDBROOK JN		Central
85231	BUGLE	BGL	Western
79080	BUILTH ROAD	BHR	Wales
55116	BULWELL	BLW	East Midlands
55115	BULWELL SOUTH JN		East Midlands
50109	BURES	BUE	Anglia
87971	BURGESS HILL	BUG	Sussex
02003	BURGHEAD		Scotland
02001	BURGHEAD D.C.L.		Scotland
17045	BURLEY-IN-WHARFEDALE	BUW	North & East
17101	BURLEY PARK	BUY	North & East
32522	BURNAGE	BNA	North West
31615	BURNDEN JN		North West
11005	BURNESIDE	BUD	North West
85402	BURNGULLOW E.C.C.		Western
85404	BURNGULLOW (FLHH)		Western
85401	BURNGULLOW JN		Western
85406	BURNGULLOW SHUNT SIG P203		Western
85400	BURNGULOW		Western
85403	BURNGULRP		Western
73996	BURNHAM	BNM	Western
50304	BURNHAM-ON-CROUCH	BUU	Anglia
07355	BURNHOUSE		Scotland
29043	BURNLEY BARRACKS	BUB	North West
29041	BURNLEY CENTRAL	BNC	North West
29005	BURNLEY MANCHESTER ROAD	BYM	North West
04844	BURNMOUTH		Scotland
30015	BURN NAZE H.S.		North West
30012	BURN NAZE I.C.I. SDGS.		North West
30013	BURN NAZE VCM SDGS		North West
07553	BURNSIDE	BUI	Scotland
03291	BURNTISLAND	BTS	Scotland
03290	BURNTISLD		Scotland
35022	BURSCOUGH BRIDGE	BCB	North West
30157	BURSCOUGH JUNCTION	BCJ	North West
86223	BURSLEDON	BUO	Wessex
48999	BURSTON		Anglia
19012	BURTON AGNES		North & East
57702	BURTON EAST LOOP REPAIR PT		East Midlands
57730	BURTON GPL 175		East Midlands
57717	BURTON GPL DY141		East Midlands
57718	BURTON GPL DY146		East Midlands
57719	BURTON GPL DY151		East Midlands
57720	BURTON GPL DY163		East Midlands
57722	BURTON GPL DY165		East Midlands
57723	BURTON GPL DY172		East Midlands
57716	BURTON GPL DY97		East Midlands
55499	BURTON JOYCE	BUJ	East Midlands
57715	BURTON LEICESTER JN		East Midlands
57705	BURTON MOSLEY STREET		East Midlands
57712	BURTON-ON-TRENT	BUT	East Midlands
57707	BURTON-ON-TRENT REP PT		East Midlands
57703	BURTON OT EAST YARD LOOP		East Midlands
57711	BURTON OT WETMORE SIDINGS		East Midlands
57704	BURTON OT W YD MAURICE H		East Midlands
38037	BURTON POINT		North West
57701	BURTON ROAD AND RAIL TML		East Midlands
36709	BURTONWD		North West
57706	BURTON WEST YARD		East Midlands
57708	BURTON WEST YARD GBRF		East Midlands
57710	BURTON WETMORE JN		East Midlands
46304	BURY C&W		Anglia
31020	BURY EAST LANCS RAILWAY		North West
46301	BURY ST EDMUNDS	BSE	Anglia
46303	BURY ST. EDMUNDS CMD		Anglia
46305	BURY ST EDMUNDS DGL		Anglia
46307	BURY ST EDMUNDS FD TARMAC		Anglia
46306	BURY ST EDMUNDS FHH		Anglia
46302	BURY ST EDMUNDS RECP.		Anglia
46308	BURY ST EDMUNDS SIG BY19		Anglia
51948	BURY STREET JN	XSG	Anglia
07613	BUSBY	BUS	Scotland
07234	BUSBY JN		Scotland
65006	BUSHBURY JN	XBJ	Central
65007	BUSHBURY JN D G L		Central
72003	BUSHEY	BSH	West Coast South
72001	BUSHEY DC		West Coast South
51947	BUSH HILL PARK	BHK	Anglia
00613	BUSIGNY		High Speed
00309	BUSTO ARSIZIO		High Speed
65345	BUTLERS LANE	BUL	Central
56513	BUTTERLEY M.R.C.		East Midlands
12211	BUTTERWELL (DCR)		North & East
12121	BUTTERWELL JN		East Coast
12126	BUTTERWELL JN M160		East Coast
12209	BUTTERWELL OPENCAST		North & East
12210	BUTTERWELL OPENCAST (FLHH)		North & East
12208	BUTTERWELL OPENCAST (GBRF)		North & East
64303	BUTTINGTON		Wales
87768	BUXTED	BXD	Sussex
34201	BUXTON	BUX	North West
34203	BUXTON S.B.		North West
34202	BUXTON TMD		North West
34199	BUXTON URS		North West
86021	BYFLEET JN		Wessex
86022	BYFLEET & NEW HAW	BFN	Wessex
79054	BYNEA	BYE	Wales
08398	BYREHILL JN		Scotland
06459	CADDER DOWN A/D LINE		Scotland
06451	CADDER DOWN PASSENGER LOOP		Scotland
06445	CADDER EAST DEPARTURE		Scotland
06444	CADDER HST DEPOT		Scotland
06450	CADDER UP PASSENGER LOOP		Scotland
06446	CADDER WEST DEPARTURE		Scotland
06449	CADDER YARD		Scotland
06452	CADDER YARD DRS		Scotland
06453	CADDRYDRP		Scotland
24220	CADEBY UP GOODS LOOP		North & East
78719	CADOXTON	CAD	Wales
78720	CADOXTON DBS		Wales
78721	CADOXTON SIGNAL B9		Wales
53205	CADWELL		East Coast
53206	CADWELL SIG K718		East Coast
64499	CAE PAWE FLAT CROSSING		Wales
41027	CAERGWRLE	CGW	Wales
78374	CAERPHILLY	CPH	TfW Cardiff Valleys
64312	CAERSWS	CWS	Wales
76083	CAERWENT		Wales
76082	CAERWENT BRANCH JUNCTION		Wales
00715	CALAIS COQUELLES EUROTUNL		Kent
00709	CALAIS EUROTUNNEL EMGCY S		High Speed
00719	CALAIS FRETHUN DEPOT		Kent
00711	CALAIS FRETHUN GARE VGRS	FRH	High Speed
00717	CALAIS FRETHUN (LOCAL)		Kent
00713	CALAIS FRETHUN (TUNNEL)		Kent
00707	CALAIS TUNNEL SOUTH H.S		High Speed
00729	CALAIS VILLE GARE VGRS		High Speed
18054	CALDER BRIDGE JN		North & East
07335	CALDERCRUIX CROSSOVER		Scotland
07334	CALDERCRUIX STN	CAC	Scotland
09159	CALDEW JN		North West
76078	CALDICOT	CDT	Wales
43432	CALDON LOW		West Coast South
43431	CALDONLOW		West Coast South
43430	CALDON LOW (BALLAST)		West Coast South
52058	CALEDONIAN RD & BARNSBURY	CIR	Anglia
84209	CALSTOCK	CSK	Western
70331	CALVERT		Central
70334	CALVERT GBRF		Central
70333	CALVERT NORTH JN		Central
55101	CALVERTON COLLY		East Midlands
70332	CALVERT (SHANKS&MCEWAN)FL		Central
70335	CALVERT WASTE TERMINAL D&C		Central
87099	CAMBERLEY	CAM	Wessex
87094	CAMBERLEY SHUNT SIGNAL 4		Wessex
12234	CAMBOIS POWR STATION BLYTH		North & East
85622	CAMBORNE	CBN	Western
85624	CAMBORNE SIG R10		Western
85623	CAMBORNE SIG R6		Western
87605	CAMBRIA JN		Kent
87656	CAMBRIA JN SIGNAL VS675		Kent
87658	CAMBRIA JN SIGNAL VS679		Kent
47221	CAMBRIDGE	CBG	Anglia
47233	CAMBRIDGE COALFIELDS		Anglia
47238	CAMBRIDGE ECD ISU (OHL)		Anglia
52738	CAMBRIDGE HEATH	CBH	Anglia
47218	CAMBRIDGE ISU (CE)		Anglia
47217	CAMBRIDGE ISU (S&TE)		Anglia
47222	CAMBRIDGE L.H.S.		Anglia
47214	CAMBRIDGE NORTH	CMB	Anglia
47229	CAMBRIDGE PECP 1&2 GBRF		Anglia
47219	CAMBRIDGE RECEPTION SIDINGS		Anglia
47220	CAMBRIDGE RECP 1&2		Anglia
47230	CAMBRIDGE RECP 1&2 DBC		Anglia
47231	CAMBRIDGE RECP 1&2 FL		Anglia
47212	CAMBRIDGE SIDINGS NORTH		Anglia
47216	CAMBRIDGE SIDINGS SOUTH		Anglia
47225	CAMBRIDGE SIG 147		Anglia
47228	CAMBRIDGE SIG 149		Anglia
47234	CAMBRIDGE SIG 164		Anglia
47236	CAMBRIDGE  SIGNAL 177		Anglia
47226	CAMBRIDGE SIGNAL 180		Anglia
47227	CAMBRIDGE SIGNAL 708		Anglia
47235	CAMBRIDGE SIGNAL CA647		Anglia
47224	CAMBRIDGE SIGNAL CA722		Anglia
47237	CAMBRIDGE SIGNAL CA732		Anglia
47223	CAMBRIDGE SOUTH JN		Anglia
47215	CAMBRIDGE T.&R.S.M.D.	XCA	Anglia
07411	CAMBUSLANG	CBL	Scotland
03377	CAMBUS LOOP		Scotland
72401	CAMDEN C.S.D.	XCM	West Coast South
72315	CAMDEN JN		West Coast South
72398	CAMDEN JN DOWN THROUGH SDG		West Coast South
72318	CAMDEN JN SIG WM801		West Coast South
72422	CAMDEN RD. E. JN.		Anglia
72421	CAMDEN ROAD	CMD	Anglia
72426	CAMDEN ROAD CENTRAL JN		Anglia
72431	CAMDEN ROAD INCLINE JN		Anglia
72425	CAMDEN ROAD JN		Anglia
72427	CAMDEN ROAD JN SIG 1202		Anglia
72423	CAMDEN SIGNAL 2102		Anglia
72429	CAMDEN SIGNAL NL1200		Anglia
72433	CAMDEN SIG NL1052		Anglia
72319	CAMDEN SIG WM610		West Coast South
72316	CAMDEN SOUTH JN		West Coast South
72399	CAMDEN W.M.		West Coast South
68140	CAM & DURSLEY	CDU	Western
05037	CAMELON	CMO	Scotland
03243	CAMERON BRIDGE U.M.G.D.		Scotland
03043	CAMPERDOWN JN		Scotland
87570	CANADA WATER CROSSOVER (ELL)		Private Railway
87568	CANADA WATER (ELL)	ZCW	Private Railway
69033	CANAL FARM JUNCTION***		West Coast South
87578	CANAL JUNCTION (ELL)		Private Railway
52208	CANARY WHARF	CWX	Private Railway
25015	CANKLOW LOOP		North & East
25017	CANKLOW S1055		North & East
25018	CANKLOW S1059		North & East
69207	CANLEY	CNL	Central
65512	CANNOCK	CAO	Central
65514	CANNOCK FREIGHTLINER TERM		Central
88399	CANNON STREET (BALLAST)		Kent
88398	CANNON ST SDG		Kent
88379	CANNON ST SIG TL1066		Kent
52048	CANONBURY	CNN	Anglia
52049	CANONBURY ELL	XIC	Private Railway
52054	CANONBURY WEST JN	XJC	Anglia
89512	CANTERBURY EAST	CBE	Kent
89505	CANTERBURY EAST ENGRS SDG		Kent
89520	CANTERBURY EAST SIG CB24		Kent
89510	CANTERBURY EAST SIG CB5		Kent
89524	CANTERBURY EAST SIG EK4415		Kent
87607	CANTERBURY ROAD JUNCTION		Kent
89446	CANTERBURY WEST	CBW	Kent
89447	CANTERBURY WEST SHUNT SIG SG1		Kent
89450	CANTERBURY WEST SIG 25		Kent
89448	CANTERBURY WEST UP SIDING		Kent
48211	CANTLEY	CNY	Anglia
48212	CANTLEY B.S.C.		Anglia
78515	CANTONDEP		Wales
78513	CANTON FD		Wales
78512	CANTON ISIS LINK		Wales
78522	CANTON PENARTH CURVE CE		Wales
78520	CANTON SIDINGS	XPC	Wales
78525	CANTON SIGNAL C641		Wales
78519	CANTON SIGNAL CF2324		Wales
78521	CANTON TAFF VALE SIDINGS		Wales
03247	CAPELDRAE		Scotland
38304	CAPENHURST	CPU	North West
85713	CARBIS BAY	CBB	Western
23119	CARCROFT JN		East Coast
03248	CARDENDEN	CDD	Scotland
77099	CARDF DKS		Wales
77094	CARDFDOCK		Wales
78456	CARDIFF BAY	CDB	TfW Cardiff Valleys
78457	CARDIFF BRICKYARD SIDING		TfW Cardiff Valleys
78523	CARDIFF CANTON (FLHH)		Wales
78514	CARDIFF CANTON SIDINGS	XCC	Wales
78524	CARDIFF CANTON SIDINGS (GBRF)		Wales
77224	CARDIFF CASTLE WORKS (ADVENZA)		Wales
77225	CARDIFF CASTLE WORKS (GBRF)		Wales
78419	CARDIFF CATHAYS ISU (CE)		TfW Cardiff Valleys
77301	CARDIFF CENTRAL	CDF	Wales
77100	CARDIFF DOCKS DOWLIAS WHRF		Wales
77106	CARDIFF DOCKS GREENERGY GB		Wales
77098	CARDIFF DOCKS HCB ENERGY		Wales
77107	CARDIFF DOCKS RP GBRF		Wales
77102	CARDIFF DOCKS RYANS F.W.		Wales
77101	CARDIFF DOCKS RYANS SDGS		Wales
77299	CARDIFF EAST		Wales
78451	CARDIFF QUEEN STREET	CDQ	TfW Cardiff Valleys
78698	CARDIFF RADYR BRANCH JN		Wales
77304	CARDIFF RIVERSIDE		Wales
77223	CARDIFF RODMILL ALLIED S&W		Wales
78450	CARDIFF SIG 305		TfW Cardiff Valleys
78449	CARDIFF SIGNAL 2036		TfW Cardiff Valleys
78454	CARDIFF SIGNAL 2328		TfW Cardiff Valleys
78452	CARDIFF SIGNAL 2342		TfW Cardiff Valleys
78455	CARDIFF SIGNAL 7048		TfW Cardiff Valleys
78459	CARDIFF SIGNAL 7058		TfW Cardiff Valleys
78458	CARDIFF SIGNAL 7208		TfW Cardiff Valleys
78453	CARDIFF SIGNAL C430		TfW Cardiff Valleys
77105	CARDIFF TIDAL COMPLEX		Wales
77082	CARDIFF TIDAL (DC)		Wales
77108	CARDIFF TIDAL RP GBRF		Wales
77090	CARDIFF TIDAL T.C.		Wales
77080	CARDIFF TIDAL TC GBRF		Wales
77302	CARDIFF UP GOODS LOOP		Wales
77303	CARDIFF WEST		Wales
07154	CARDONALD	CDO	Scotland
07153	CARDONALD JN		Scotland
07156	CARDONALD NORTH JN		Scotland
07155	CARDONALD SIGNAL G567		Scotland
06113	CARDROSS	CDR	Scotland
07432	CARFIN	CRF	Scotland
15620	CARGO FLEET		North & East
15607	CARGO FLEET STOCKTON HLGE		North & East
00344	CARIMATE		High Speed
11331	CARK	CAK	North West
30023	CARLETON CROSSING L.C.		North West
09146	CARLISLE		North West
09161	CARLISLE	CAR	North West
09156	CARLISLE B GROUP REPAIR POINT		North West
09143	CARLISLE BRUNTHILL COLAS		North West
09144	CARLISLE BRUNTHILL (FHH)		North West
09173	CARLISLE CE 291 SIGNAL		North West
09168	CARLISLE CE 335 SIG		North West
09142	CARLISLE HARKER KINGSTOWN		North West
09160	CARLISLE HIGH WAPPING SDGS		North West
09163	CARLISLE HIGH WAPPING SDGS		North West
09147	CARLISLE KINGMOOR B GP SDG		North West
09170	CARLISLE KINGMOOR DD1 SB		North West
09153	CARLISLE KINGMOOR JCN		North West
09149	CARLISLE KINGMOOR SDG(DRS)		North West
09165	CARLISLE KINGMOOR SIG 481		North West
09166	CARLISLE KINGMOOR SIG 482		North West
09167	CARLISLE KINGMOOR SIG UD1		North West
09148	CARLISLE KINGMOOR TMD(DRS)		North West
09152	CARLISLE KINGMOOR V.Q.(RT)		North West
09171	CARLISLE LONDON ROAD		North West
09178	CARLISLE NE SHUNT NECK		North West
09154	CARLISLE NETWORK YD (DRS)		North West
09162	CARLISLE NO1 D R SDG		North West
09150	CARLISLE N.Y.	XKY	North West
09158	CARLISLE NY DBS LOCO MAIN PT		North West
09145	CARLISLE STAINTON RUNROUND		North West
09177	CARLISLE ST NICHOLAS CE		North West
09197	CARLISLE UPPERBY C.E.SDGS		North West
09155	CARLISLE YARD (COLAS)		North West
09169	CARLISLE YARD LHS		North West
55497	CARLTON	CTO	East Midlands
23498	CARLTON ON TRENT LOOP		East Coast
63547	CARLTON ROAD JN		East Midlands
07955	CARLUKE	CLU	Scotland
80419	CARMARTHEN	CMN	Wales
80409	CARMARTHEN BRIDGE		Wales
80417	CARMARTHEN DOWN SDGS		Wales
80411	CARMARTHEN JN	XCI	Wales
80414	CARMARTHEN SIDINGS		Wales
04023	CARMONDEAN JN		Scotland
02115	CARMONT		Scotland
05019	CARMUIRS EAST JN		Scotland
05017	CARMUIRS WEST JN		Scotland
07294	CARMYLE	CML	Scotland
19009	CARNABY		North & East
25805	CARNBROOK	CAE	North & East
11511	CARNFORTH		North West
11525	CARNFORTH	CNF	North West
11524	CARNFORTH BTM END CE SDG		North West
11531	CARNFORTH DOWN SDGS		North West
11519	CARNFORTH D&U.G.L.	XCS	North West
11515	CARNFORTH F&M JN		North West
11527	CARNFORTH H.S.		North West
11526	CARNFORTH NORTH JN	XOA	North West
11529	CARNFORTH PLANT SDG (WCA)		North West
11532	CARNFORTH SOUTH JN		North West
11522	CARNFORTH STEAMTOWN		North West
11523	CARNFORTH T.C.		North West
11530	CARNFORTH UP PASSENGR LOOP		North West
11528	CARNFORTH VIRTUAL QUARRY		North West
64315	CARNO L.C.		Wales
03031	CARNOUSTIE	CAN	Scotland
03030	CARNOUSTIE DOWN SIDING		Scotland
06706	CARNTYNE	CAY	Scotland
72004	CARPENDERS PARK	CPK	West Coast South
52222	CARPENTERS RD SOUTH JN		Anglia
52211	CARPENTERS ROAD CURVE		Anglia
01138	CARRBRIDGE	CAG	Scotland
01139	CARRBRIDGE SDG ISU (CE)		Scotland
08847	CARRONBRIDGE		Scotland
87669	CARSHALTON	CSH	Sussex
87665	CARSHALTON BEECHES	CSB	Sussex
07962	CARSTAIRS	CRS	Scotland
07963	CARSTAIRS C.E.		Scotland
07940	CARSTAIRS DOWN SDGS (FHH)		Scotland
07968	CARSTAIRS D.P.L.		Scotland
07960	CARSTAIRS DS		Scotland
07961	CARSTAIRS EAST JN		Scotland
07964	CARSTAIRS M.& E.E.		Scotland
08010	CARSTAIRS SIG MC405		Scotland
08016	CARSTAIRS SIG MC408		Scotland
08006	CARSTAIRS SIG MC419		Scotland
08004	CARSTAIRS SIG MC421		Scotland
07942	CARSTAIRS SIG MC422		Scotland
07967	CARSTAIRS SIG MC423		Scotland
07997	CARSTAIRS SIG MC428		Scotland
08009	CARSTAIRS SIG MC436		Scotland
08015	CARSTAIRS SIG MC437		Scotland
07958	CARSTAIRS SIGNAL MC410		Scotland
07966	CARSTAIRS SOUTH JN		Scotland
07965	CARSTAIRS U.P.L.		Scotland
07023	CARTSDYKE	CDY	Scotland
56629	CASTE DONNIGTON SIG 4455		East Midlands
73272	CASTLE BAR PARK	CBP	Western
66301	CASTLE BROMWICH CEMENT SDG		Central
66300	CASTLE BROMWICH C&W		Central
66304	CASTLE BROMWICH JAGUAR		Central
66293	CASTLE BROMWICH JN		Central
66302	CASTLE B'WICH DUNLOP SDG		Central
66303	CASTLE B'WICH M.E.B. SDG		Central
82301	CASTLE CARY	CLC	Western
82302	CASTLE CARY (CE)		Western
82308	CASTLE CARY SIG W782		Western
82300	CASTLE CARY UP SIDINGS		Western
29142	CASTLE CEMENT (FHH)		North West
56625	CASTLE DONINGTON	XDD	East Midlands
56626	CASTLE DONINGTON EDMC		East Midlands
33089	CASTLEFIELD JN		North West
16912	CASTLEFORD	CFD	North & East
16913	CASTLEFORD SIGNAL CD5209		North & East
31047	CASTLEFORD SOUTH JN		North West
15884	CASTLE HILLS LOOP		East Coast
25813	CASTLE SQUARE	CAX	North & East
70204	CASTLETHORPE		West Coast South
31044	CASTLETON	CAS	North West
31050	CASTLETON DOWN GOODS LINE		North West
31048	 CASTLETON DOWN SIDINGS		North West
31045	CASTLETON EAST JN		North West
15517	CASTLETON MOOR	CSM	North & East
31046	CASTLETON NORTH JN		North West
31042	CASTLETON R.W.D.		North West
31041	CASTLETON R.W.D. (GBRF)		North West
31051	CASTLETON SIG CE30		North West
87706	CATERHAM	CAT	Sussex
87705	CATERHAM SIG T1361		Sussex
88469	CATFORD	CTF	Kent
88311	CATFORD BRIDGE	CFB	Kent
78418	CATHAYS		TfW Cardiff Valleys
78420	CATHAYS	CYS	TfW Cardiff Valleys
07238	CATHCART	CCT	Scotland
07580	CATHCART EAST JN		Scotland
07578	CATHCART NORTH JN		Scotland
07579	CATHCART WEST JN		Scotland
16116	CATTAL	CTL	North & East
84123	CATTEWATER BITUMEN SDGS		Western
84417	CAUSELAND	CAU	Western
03395	CAUSEWAY JUNCTION STIRLING		Scotland
43502	CAVERSWALL		East Midlands
43504	CAVERSWALL SIGS CL24 CL5		East Midlands
04030	CAWBURN JN		Scotland
38327	CAWOODS FREIGHTLINER		North West
77093	CDIFF DOCKS CSTAL SHIPPING		Wales
63618	CEDAR JUNCTION ST PANCRAS		High Speed
41408	CEFN VIADUCT		Wales
41029	CEFN-Y-BEDD	CYB	Wales
14215	CEMETERY NORTH JN.		North & East
64320	CEMMES ROAD		Wales
00798	CERBERE	CER	High Speed
08736	CESSNOCK WATER VIADUCT		Scotland
85595	CHACEWTER		Western
57408	CHADDESDEN CURVE		East Midlands
57301	CHADDESDEN SDGS		East Midlands
57305	CHADDESDEN SIDINGS GBRF		East Midlands
57302	CHADDESDN		East Midlands
57303	CHADDESDON SDGS		East Midlands
57304	CHADDESTON FP		East Midlands
50405	CHADWELL HEATH	CTH	Anglia
50406	CHADWELL HEATH TURNBACK		Anglia
29032	CHAFFERS LC (TMO)		North West
51313	CHAFFORD HUNDRED	CFH	Anglia
70366	CHALFONT & LATIMER	CFO	The Chiltern Railway Co Ltd
51011	CHALKWELL	CHW	Anglia
74329	CHALLOW		Western
08635	CHALMERSTON		Scotland
08634	CHALMERSTON (FLHH)		Scotland
00785	CHAMBERY-CHALLES-LES-EAUX	CMC	High Speed
86108	CHANDLERS FORD	CFR	Wessex
52219	CHANNELSEA JN		Anglia
52209	CHANNELSEA UP LOOP		Anglia
32547	CHAPEL-EN-LE-FRITH	CEF	North West
83225	CHAPELTON	CPN	Western
25307	CHAPELTOWN	CLN	North & East
50107	CHAPPEL & WAKES COLNE	CWC	Anglia
83469	CHARD JN		Wessex
83468	CHARD JN. S.B		Wessex
68151	CHARFIELD		Western
89408	CHARING	CHG	Kent
88397	CHARING CROSS (BALLAST)		Kent
89564	CHARING CROSSOVER (CTRL)	XXB	High Speed
88381	CHARING CROSS SIG TL1002		Kent
88382	CHARING CROSS SIG TL1004		Kent
88380	CHARING CROSS SIG TL1016		Kent
74454	CHARLBURY	CBY	Western
03342	CHARLESTOWN JN		Scotland
00748	CHARLEVILLE-MEZIERES	CHV	High Speed
88514	CHARLTNJN		Kent
88515	CHARLTON	CTN	Kent
88518	CHARLTON C & P XOVER		Kent
82303	CHARLTON MACKRELL		Western
89445	CHARTHAM	CRT	Kent
89417	CHART LEACON T&R.S.M.D	XEV	Kent
33098	CHASSEN ROAD	CSR	North West
29140	CHATBURN OVERBRIDGE 65		North West
07490	CHATELHERAULT	CTE	Scotland
89007	CHATHAM	CTM	Kent
89015	CHATHAM DOCKYARD	XXD	Kent
12109	CHATHILL	CHT	East Coast
12117	CHATHILL APCO		East Coast
43042	CHATTERLEY VALLEY		West Coast South
00770	CHAUMONT		High Speed
32564	CHEADLE H		North West
32563	CHEADLE HULME	CHU	North West
32397	CHEADLE JN		North West
32533	CHEADLE VILLAGE JUNCTION		North West
87678	CHEAM	CHE	Sussex
70319	CHEDDINGTON	CED	West Coast South
31503	CHEETHAM HILL JN		North West
32583	CHELFORD	CEL	North West
32584	CHELFORD LOOP		North West
56627	CHELLASTON EAST JN		East Midlands
50223	CHELMSFORD	CHM	Anglia
50220	CHELMSFORD ARBOUR LANE		Anglia
50218	CHELMSFORD BRICK HOUSE XOV		Anglia
50219	CHELMSFORD D.G.L		Anglia
50221	CHELMSFORD RECP.		Anglia
50222	CHELMSFORD RECP GBRF		Anglia
88495	CHELSFIELD	CLD	Kent
68069	CHELTENHAM ALSTONE UGL		Western
68079	CHELTENHAM LANSDOWN LOOP		Western
68080	CHELTENHAM SIG 422		Western
68094	CHELTENHAM SIGNAL 420		Western
68076	CHELTENHAM SPA	CNM	Western
76079	CHEPSTOW	CPW	Wales
76080	CHEPSTOW SIGNAL 6421		Wales
47007	CHERRY HINTON	CYH	Anglia
29162	CHERRY TREE	CYT	North West
89740	CHERTNDPT		Kent
86012	CHERTSEY	CHY	Wessex
51815	CHESHUNT	CHN	Anglia
51939	CHESHUNT JN SIG L1395		Anglia
87405	CHESSINGTON NORTH	CSN	Wessex
87411	CHESSINGTON SOUTH	CSS	Wessex
87406	CHESSINGTON SOUTH UP SDG		Wessex
87407	CHESSINGTON STH SIG. W1161		Wessex
40320	CHESTER	#MULTIVALUE	North West
40306	CHESTER BALLAST HOLE SDGS		North West
40312	CHESTER BROOK LANE SDG CE		North West
40307	CHESTER BROOK LANE SDG S&T		North West
40301	CHESTER C.W.M.D.		North West
40304	CHESTER D.M.U.D.	XCH	North West
40319	CHESTER EAST JN.		North West
27263	CHESTERFIELD	CHD	North & East
27264	CHESTERFIELD DOWN SIDINGS		North & East
27265	CHESTERFIELD SOUTH JUNCTION		North & East
13571	CHESTER-LE-STREET	CLS	East Coast
65605	CHESTER ROAD	CRD	Central
40239	CHESTER ROODEE JN		North West
40313	CHESTER SIG.CR106		North West
40314	CHESTER SIG. CR97		North West
40238	CHESTER SOUTH JN.		North West
47104	CHESTERTJ		Anglia
47101	CHESTERTON JN		Anglia
47106	CHESTERTON JN. BALLAST		Anglia
47108	CHESTERTON JN CAMBS (ADVENZA)		Anglia
47109	CHESTERTON JN CAMBS (ADVENZA)		Anglia
47103	CHESTERTON JUNCTION FHH		Anglia
47107	CHESTERTON JUNCTION GBRF		Anglia
47099	CHESTERTON JUNCTION YD NORTH		Anglia
47105	CHESTERTON REDLAND SIDING		Anglia
40303	CHESTER WEST JUNCTION		North West
89486	CHESTFIELD & SWALECLIFFE	CSW	Kent
27271	CHESTRFLD		North & East
47102	CHESTRTNJ		Anglia
82315	CHETNOLE	CNO	Wessex
46218	CHETTISHAM		Anglia
12116	CHEVINGTON LOOP		East Coast
12122	CHEVINGTON LOOP DOWN SDG		East Coast
12123	CHEVINGTON NORTH CROSSOVERS		East Coast
86424	CHICHESTER	CCH	Sussex
86427	CHICHESTER OIL SIDINGS		Sussex
86426	CHICHESTER RECEPTION NO 2		Sussex
86425	CHICHESTER RECP.		Sussex
86428	CHICHESTER RECP (DBC)		Sussex
86422	CHICHESTER RECP. (FLHH)		Sussex
86421	CHICHESTER RECP (GBRF)		Sussex
86423	CHICHESTER YD STONE TRM RD		Sussex
89443	CHILHAM	CIL	Kent
62415	CHILTERN GREEN		East Midlands
69101	CHILVERS COTON JUNCTION		West Coast South
87082	CHILWORTH	CHL	Wessex
52731	CHINGFORD	CHI	Anglia
52730	CHINGFORD COUNTRY END SDGS		Anglia
52728	CHINGFORD LONDON END SDGS		Anglia
34001	CHINLEY	CLY	North West
33998	CHINLEY EAST JN		North West
34002	CHINLEY NORTH JN		North West
33997	CHINLEY SIG CY168		North West
33999	CHINLEY SOUTH JN		North West
75352	CHIPPENHAM	CPM	Western
46277	CHIPPENHAM JN		Anglia
81011	CHIPPING SODBURY		Western
87710	CHIPSTEAD	CHP	Sussex
41407	CHIRK	CRK	Wales
41405	CHIRK C		Wales
41402	CHIRK (COLAS)		Wales
41406	CHIRK KRONOSPAN		Wales
88483	CHISLEHURST	CIT	Kent
87148	CHISWICK	CHK	Wessex
50060	CHITTS HILL		Anglia
74301	CHOLSEY	CHO	Western
30213	CHORLEY	CRL	North West
30202	CHORLEY R.O.F.		North West
70368	CHORLEYWOOD	CLW	The Chiltern Railway Co Ltd
86915	CHRISTCHURCH	CHR	Wessex
52707	CHRISTIAN STREET JN.		Anglia
12110	CHRISTON BANK		East Coast
87948	CHRISTS HOSPITAL	CHH	Sussex
89741	CHRTNESDG		Kent
70095	CHURCH BRAMPTON		West Coast South
16495	CHURCH FENTON	CHF	North & East
16496	CHURCH FENTON NORTH JN		North & East
86525	CHURCH LANE JUNCTION		Wessex
50225	CHURCH LANE L XING		Anglia
29063	CHURCH & OSWALDTWISTLE	CTW	North West
89534	CHURCH PATH PIT SDGS		High Speed
64241	CHURCH STRETTON	CTT	Wales
63617	CHURCHYARD CASTLE CEMENT GB		East Midlands
63626	CHURCHYARD SDGS CASTLE CEM	XYR	East Midlands
63637	CHURCHYARD SDGS (FLHH)		East Midlands
63625	CHURCHYARD SDGS TARMAC		East Midlands
83638	CHURSTON T & D RLY	CHS	Western
79085	CILMERI	CIM	Wales
87244	CITY THAMESLINK	CTK	Kent
87240	CITY THAMESLINK SIG VC664		Kent
01090	CLACHNAHARRY		Scotland
50022	CLACTON C.S.D.	XLC	Anglia
50031	CLACTON DOWN SIDINGS		Anglia
50021	CLACTON-ON-SEA	CLT	Anglia
50034	CLACTON RUN ROUND ROAD		Anglia
50029	CLACTON SIGNAL CO1180		Anglia
50032	CLACTON SIGNAL CO1183		Anglia
50020	CLACTON WASH ROAD		Anglia
87069	CLANDON	CLA	Wessex
87209	CLAPHAM HIGH STREET	CLP	Sussex
87227	CLAPHAM JN MIDDLE SDG		Sussex
87206	CLAPHAM JN PIG HILL SDGS		Sussex
87270	CLAPHAM JN SIG 141		Wessex
87283	CLAPHAM JN SIGNAL 1049		Wessex
87281	CLAPHAM JN SIGNAL 150		Sussex
87218	CLAPHAM JN SIGNAL W104		Wessex
87223	CLAPHAM JN SIGNAL W1047		Wessex
87219	CLAPHAM JUNCTION	#MULTIVALUE	Wessex
87279	CLAPHAM JUNCTION SIG 144		Sussex
87276	CLAPHAM JUNCTION SIG VC143		Sussex
87224	CLAPHAM JUNCTION SIG VC147		Sussex
11565	CLAPHAM (NTH YORKSHIRE)	CPY	North West
87221	CLAPHAM YARD	XYM	Wessex
87228	CLAPHAM YARD SDGS		Wessex
52735	CLAPTON	CPT	Anglia
51938	CLAPTON JN		Anglia
80199	CLARBESTON ROAD	CLR	Wales
26209	CLARBOROUGH JN		North & East
14226	CLARENCE ROAD JN.		North & East
07615	CLARKSTON	CKS	Scotland
66455	CLAVERDON	CLV	Central
44042	CLAXBY & USSELBY		East Midlands
56101	CLAY CROSS NORTH JN		East Midlands
56099	CLAY CROSS SIDINGS		East Midlands
56102	CLAY CROSS SOUTH JN		East Midlands
49022	CLAYDON		Anglia
49024	CLAYDON		Anglia
70311	CLAYDON L.N.E. JN.		West Coast South
87189	CLAYGATE	CLG	Wessex
57606	CLAY MILLS JN		East Midlands
44365	CLAYPOLE LOOP		East Coast
18481	CLAYTON WEST JUNCTION		North & East
21141	CLEETHORPES	CLE	North & East
07430	CLELAND	CEA	Scotland
07433	CLELAND C.E.		Scotland
63634	CLERKENWELL TUNNEL SIG WH617		East Midlands
15873	CLEVELAND BRIDGE & ENG		East Coast
88735	CLIFFE BRETT MARINE	XLF	Kent
88736	CLIFFE BRETT MARINE GBRF		Kent
58122	CLIFFE HILL GF		East Midlands
58121	CLIFFE HILL SDGS		East Midlands
58132	CLIFFE HILL STUD FARM (GBRF)		East Midlands
58131	CLIFFE HILL STUD FM COLAS		East Midlands
58134	CLIFFE HILL STUD FM QUARRY		East Midlands
14237	CLIFFE HOUSE UGL SIG GM7110		North & East
88737	CLIFFE SIGNAL NK509		Kent
43215	CLIFFE VALE		West Coast South
58133	CLIFF HILL STUD FM TARMAC		East Midlands
14238	CLIFF HOUSE JN.		North & East
31565	CLIFTON	CLI	North West
81259	CLIFTON DOWN	CFN	Western
81258	CLIFTON DOWN SIGNAL B356		Western
09315	CLIFTON & LOWTHER		North West
82200	CLINK ROAD JN		Western
28210	CLIPSTONE COLLIERY (FHH)		North & East
28209	CLIPSTONE COLLIERY JCN		North & East
28405	CLIPSTONE EAST JN		North & East
28211	CLIPSTONE RJB MINING		North & East
28219	CLIPSTONE SOUTH JN		North & East
28326	CLIPSTONE WEST JN		North & East
29143	CLITHEROE	CLH	North West
29138	CLITHEROE (AXIOM / DBS)		North West
29141	CLITHEROE CASTLE CEMENT		North West
29137	CLITHEROE CASTLE CEMENT GB		North West
88319	CLOCK HOUSE	CLK	Kent
09015	CLOSEBURN (DUMFRIES)		Scotland
80305	CLUNDERWEN	CUW	Wales
01093	CLUNES I.B.		Scotland
03257	CLUNYBRIDGE JN	XCJ	Scotland
06345	CLYDEBANK	CYK	Scotland
80410	CMTHEN WAREHOUSING UP SDG		Wales
68141	COALEY JN		Western
58105	COALVILLE JN		East Midlands
07319	COATBGFLT		Scotland
07312	COATBRIDGE CENTRAL	CBC	Scotland
07310	COATBRIDGE D.G.L.		Scotland
07309	COATBRIDGE (DRS)		Scotland
07311	COATBRIDGE F.L.T.		Scotland
07308	COATBRIDGE FLT SHUNT NECK		Scotland
07315	COATBRIDGE JN		Scotland
07318	COATBRIDGE SIGNAL M250		Scotland
07313	COATBRIDGE SIGNAL M253		Scotland
07320	COATBRIDGE SIGNAL M254		Scotland
07331	COATBRIDGE SUNNYSIDE	CBS	Scotland
07329	COATDYKE	COA	Scotland
56131	COATES PARK		East Midlands
04108	COBBINSHAW		Scotland
04121	COBBINSHAW SIG EJ712		Scotland
04122	COBBINSHAW SIG EJ713		Scotland
87074	COBHAM & STOKE D'ABERNON	CSD	Wessex
04815	COCKENZIE POWER STN		Scotland
04814	COCKENZIE PWR STN TXP		Scotland
04807	COCKENZIE SIGNAL EA833		Scotland
04808	COCKENZIE YARD		Scotland
79323	COCKETT WEST		Wales
74997	COCKLEBURY EAST LOOP		Western
04842	COCKSBURNPATH		Scotland
43220	COCKSHUTE SDGS		West Coast South
56511	CODNOR PARK JN		East Midlands
56512	CODNOR PARK SOUTH SDGS		East Midlands
56515	CODNOR PK F&M FHH		East Midlands
56514	CODNOR PK FRG & MNMNT SDG		East Midlands
65034	CODSALL	CSL	Central
66523	COFTON JN		Central
78711	COGAN	CGN	Wales
78709	COGAN JN		Wales
83010	COGLOAD JN		Western
48105	COKE OVENS JN		Anglia
30126	COLAS RIBBLE RAIL		North West
50049	COLCHESTER	COL	Anglia
50047	COLCHESTER DGL (FL)		Anglia
50036	COLCHESTER EAST GATE JN		Anglia
50052	COLCHESTER GOODS LOOP		Anglia
50048	COLCHESTER L.I.P.	XLG	Anglia
50043	COLCHESTER RECEPTION LINE		Anglia
50037	COLCHESTER SIG CO1033		Anglia
50038	COLCHESTER SIG CO1072		Anglia
50040	COLCHESTER SIG CO4013		Anglia
49299	COLCHESTER SIGNAL 196		Anglia
50050	COLCHESTER SIGNAL 750		Anglia
49305	COLCHESTER SIGNAL 751		Anglia
50042	COLCHESTER SIGNAL CO1011		Anglia
50039	COLCHESTER SIGNAL CO16		Anglia
50053	COLCHESTER SUDBURY DOCK		Anglia
50051	COLCHESTER T.C.	XLP	Anglia
50041	COLCHESTER TOWN	CET	Anglia
50054	COLCHESTER UP PASSNGR LOOP		Anglia
46148	COLDHAM		Anglia
47213	COLDHAM LANE JN		Anglia
83323	COLEFORD (NR/DR BOUNDARY)		Western
64227	COLEHAM ISU (CE)		Wales
66231	COLESHILL		Central
66232	COLESHILL D.C.L.		Central
66230	COLESHILL PARKWAY	CEH	Central
44077	COLLINGHAM	CLM	East Midlands
88274	COLLINGTON	CLL	Sussex
31342	COLLYHURST STREET		North West
31340	COLLYHURST STREET GBRF		North West
31341	COLLYHURST ST. TILCON		North West
73789	COLNBRK		Western
73662	COLNBROOK BAA GBRF		Western
73790	COLNBROOK BAA LOGISTICS		Western
73801	COLNBROOK COLAS RAIL		Western
73786	COLNBROOK ELF OIL SIDING		Western
73802	COLNBROOK (FLHH)		Western
73788	COLNBROOK FOSTER YEOMAN		Western
73791	COLNBROOK FOSTER YEOMAN FH		Western
73800	COLNBROOK LAFARGE GBRF		Western
73803	COLNBROOK SIGNAL T3502		Western
73804	COLNBROOK SIGNAL T3503		Western
73805	COLNBROOK SIGNAL T3511		Western
73806	COLNBROOK SIGNAL T3512		Western
73792	COLNBROOK STOP BOARD		Western
29030	COLNE	CNE	North West
16460	COLTON JN		East Coast
16461	COLTON NORTH JN		East Coast
16491	COLTON SOUTH JN		East Coast
67217	COLWALL	CWL	Central
43328	COLWICH	XCO	West Coast South
40071	COLWYN BAY	CWB	Wales
74452	COMBE	CME	Western
15513	COMMONDALE	COM	North & East
64235	CONDOVER		Wales
06047	CONELFERY		Scotland
56103	CONEY GREEN JN		East Midlands
00759	CONFLANSJ		High Speed
43013	CONGLETON	CNG	North West
43012	CONGLETON ISU (CE)		North West
24221	CONISBROUGH	CNS	North & East
24227	CONISBROUGH GPLS883		North & East
24225	CONISBROUGH NORTH LOS		North & East
24224	CONISBROUGH S1125		North & East
24226	CONISBROUGH SOUTH LOS		North & East
06046	CONNEL FERRY	CON	Scotland
45177	CONNINGTON LOOP		East Coast
45173	CONNINGTON SOUTH JN		East Coast
45176	CONNINGTON TIP		East Coast
45175	CONNINGTON TIP (FLHH)		East Coast
01101	CONON BRIDGE	CBD	Scotland
52055	CONONBURY EAST JUNCTION		Anglia
17008	CONONLEY	CEY	North & East
89732	CONTINENTAL JUN		Kent
38157	CONWAY PARK	CNP	North West
40045	CONWY	CNW	Wales
88269	COODEN BEACH	COB	Sussex
74013	COOKHAM	COO	Western
88211	COOKSBRIDGE	CBR	Sussex
84415	COOMBE	COE	Western
84419	COOMBE NO. 1 G.F.		Western
54316	COPENHAGEN JN SIG K300		East Coast
54315	COPENHAGEN JUNCTION		East Coast
17152	COPLEY HILL WEST JCN		North & East
51936	COPPERMILL JN SIG L1005		Anglia
51937	COPPERMILL JUNCTION	XMI	Anglia
83238	COPPLESTONE	COP	Western
87966	COPYHOLD JN		Sussex
29004	COPY PIT		North West
87579	CORBETTS LANE JN		Kent
13318	CORBRIDGE	CRB	North & East
60012	CORBY B.S.C.		East Midlands
60014	CORBY BSC AUTOMOTIVE TERML		East Midlands
13297	CORBY GATES SIGNAL BOX		North & East
60016	CORBYHBRP		East Midlands
60015	CORBY HUB		East Midlands
60009	CORBY NORTH JUNCTION		East Midlands
60010	CORBY NORTH RUN-ROUND LOOP		East Midlands
60013	CORBY PS		East Midlands
60018	CORBY SIG MJ15		East Midlands
60017	CORBY SIGNAL KM3974		East Midlands
60011	CORBY STATION	COR	East Midlands
86955	CORFE CASTLE	CFC	Wessex
07124	CORKERHILL	CKH	Scotland
07125	CORKERHILL C.S.M.D.	XCK	Scotland
07126	CORKERHILL DEPOT JN		Scotland
10124	CORKICKLE	CKL	North West
10128	CORKLECAU		North West
10125	CORKLECLI		North West
10123	CORKLE YD		North West
33090	CORNBROOK JN		North West
03167	CORNTON LEVEL CROSSSING		Scotland
06010	CORPACH	CPA	Scotland
06012	CORPACH FLT		Scotland
05996	CORPACH GBRF		Scotland
06011	CORPACH PULP MILL		Scotland
06031	CORROUR	CRR	Scotland
06032	CORROUR C.E.		Scotland
75357	CORSHAM		Western
78381	CORYTON	COY	TfW Cardiff Valleys
51102	CORYTON THAMES HAVEN TC		Anglia
65807	COSELEY	CSY	Central
65023	COSFORD	COS	Central
65024	COSFORD DOWN GOODS LOOP		Central
65025	COSFORD UP GOODS LOOP		Central
65026	COSFORD UP SIDING		Central
86301	COSHAM	CSA	Wessex
86302	COSHAM JN		Wessex
64201	COTON HILL (DBS)		Wales
64200	COTON HILL T.C.		Wales
64202	COTON HILL TC GBRF		Wales
26212	COTTAM CRIPPLE SIDING		North & East
26211	COTTAM POWER STATION		North & East
26215	COTTAM POWER STATION (FHH)		North & East
26216	COTTAM POWER STATION GBRF		North & East
19031	COTTINGHAM	CGM	North & East
17143	COTTINGLEY	COT	North & East
26217	COTTOM PS CPL SDG (GBRF)		North & East
87899	COULSDON NORTH GF		Sussex
87900	COULSDON SOUTH	CDS	Sussex
87713	COULSDON TOWN	CDN	Sussex
87715	COULSDON TOWN SIGNAL T1369		Sussex
69115	COUNDON RD LC		Central
88446	COURTHILL LOOP JUN		Kent
79595	COURT SART JN		Wales
02110	COVE BAY		Scotland
07994	COVE LEVEL CROSSING		Scotland
69202	COVENTRY	COV	Central
69199	COVENTRY ARENA	CAA	Central
69203	COVENTRY CARRIAGE SIDINGS		Central
69204	COVENTRY NORTH JN		Central
69201	COVENTRY NORTH YARD		Central
69205	COVENTRY PARK JN		Central
69111	COVENTRY PROLOGIS PARK		Central
69208	COVENTRY SIG CB1532		Central
69210	COVENTRY SIG CN1538		Central
69206	COVENTRY SIG LC6517		Central
69200	COVENTRY YARD		Central
07988	COVE SIG MC862		Scotland
07989	COVE SIG MC863		Scotland
79790	COWBRIDGE ROAD S.B.		Wales
87761	COWDEN	CWN	Sussex
03256	COWDENBEATH	COW	Scotland
03259	COWDENBEATH SIGNAL EC941		Scotland
49009	COW GREEN CROSSOVER		Anglia
06424	COWLAIRS DOWN SDGS		Scotland
06420	COWLAIRS DPL		Scotland
06423	COWLAIRS EAST JN		Scotland
06416	COWLAIRS NORTH JN		Scotland
06422	COWLAIRS SIGNALBOX		Scotland
06425	COWLAIRS SIGNAL CE604		Scotland
06419	COWLAIRS SOUTH JN		Scotland
06421	COWLAIRS WEST JN		Scotland
83398	COWLEY BRIDGE JN		Western
35401	COWLEY HILL		North West
19214	CRABLEY CREEK LC		North & East
01130	CRADLEHALL		Scotland
65927	CRADLEY HEATH	CRA	Central
15683	CRAG HALL S.B.		North & East
15682	CRAG HALL SIGNAL C1		North & East
12102	CRAG MILL DOWN LOOP		East Coast
12104	CRAG MILL LOOP		East Coast
06111	CRAIGENDORAN	CGD	Scotland
06112	CRAIGENDORAN JN		Scotland
06110	CRAIGENDORAN JN C.E.		Scotland
06114	CRAIGENDORAN SIG YC963		Scotland
06116	CRAIGENDORAN WHL		Scotland
04522	CRAIGENTINNY GNER FHH		Scotland
04517	CRAIGENTINNY JN		Scotland
04518	CRAIGENTINNY PORTOBELLO SDGS		Scotland
04521	CRAIGENTINNY T.&R.S.M.D	XCN	Scotland
02116	CRAIGINCHES C E		Scotland
02108	CRAIGINCHES DOWN SDG LOOP		Scotland
02118	CRAIGINCHES NORTH SIDING		Scotland
02107	CRAIGINCHES SOUTH ABERDEEN		Scotland
04689	CRAIGLOCKHART JN		Scotland
03003	CRAIGO C.E.		Scotland
03006	CRAIGO C.E.SIDINGS		Scotland
03005	CRAIGO_CROSSOVER		Scotland
12136	CRAMLINGTON	CRM	East Coast
83454	CRANBROOK	CBK	Western
82247	CRANMORE		Western
89324	CRANMORE DOWN LOOP		Kent
76379	CRAVEN ARMS	CRV	Wales
76380	CRAVEN ARMS SIGNAL CA16		Wales
76383	CRAVEN ARMS SIGNAL CA19		Wales
76381	CRAVEN ARMS UP SIDINGS		Wales
87931	CRAWLEY	CRW	Sussex
88002	CRAWLEY FOSTER YEOMAN		Sussex
88021	CRAWLEY F.Y. (FLHH)		Sussex
88003	CRAWLEY NEW YARD	XYC	Sussex
88006	CRAWLEY NEW YARD (GBRF)		Sussex
88005	CRAWLEY NEW YARD R.M.C.		Sussex
88464	CRAYFORD	CRY	Kent
88465	CRAYFORD CREEK JN		Kent
88497	CRAYFORD SIG NK1542		Kent
88389	CRAYFORD SPUR		Kent
88440	CRAYFORD SPUR A		Kent
88436	CRAYFORD SPUR B		Kent
83320	CREDITON		Western
83321	CREDITON	CDI	Western
83324	CREDITON SIGNAL CN11		Western
50206	CRESSING	CES	Anglia
36088	CRESSINGTON	CSG	North West
43505	CRESSWELL		East Midlands
28001	CRESWELL (DERBYS)	CWD	North & East
42140	CREWE	CRE	North West
42154	CREWE BASFORD HALL DEPOT (FL)		North West
42153	CREWE BASFORD HALL (DRS)		North West
42183	CREWE BASFORD HALL FP (FL)		North West
42155	CREWE BASFORD HALL JN		North West
42150	CREWE BASFORD HALL JN SIG BH20		North West
42159	CREWE BAS HALL S.S.M.	#MULTIVALUE	North West
42174	CREWE BAS HALL S.S.M. GBRF		North West
42149	CREWE CARRIAGE SIDINGS L&NWR		North West
42142	CREWE C.E.T. SDGS		North West
42138	CREWE COAL SIDINGS (DRS)		North West
42128	CREWE COAL YARD		North West
42145	CREWE C.S.	XCR	North West
42148	CREWE C.S. (L&NWR SITE)		North West
42144	CREWE DOWN REFUGE SIDING		North West
42137	CREWE F.P.		North West
42119	CREWE GRESTY BRIDGE TMD		North West
42171	CREWE GRESTY GREEN		North West
42186	CREWE GRESTY GREEN (FLHH)		North West
42166	CREWE GRESTY LANE		North West
42160	CREWE GRESTY LANE RECP.		North West
42125	CREWE HERITAGE CENTRE		North West
42129	CREWE HERITAGE CENTRE GF		North West
42136	CREWE H.S.		North West
42126	CREWE NORTH JN		North West
42143	CREWE NORTH STAFFS JN		North West
42168	CREWE P.A.D.		North West
42163	CREWE P WAY SHOPS YARD		North West
42130	CREWE SALOP GOODS JN		North West
42182	CREWE SHUNTING NECK		North West
42120	CREWE SIG. CE110		North West
42122	CREWE SIG. CE142		North West
42179	CREWE SIG.CE543		North West
42146	CREWE SIG. CE551		North West
42131	CREWE SIG CE555		North West
42157	CREWE SIGNAL BH34		North West
42156	CREWE SIGNAL BH36		North West
42132	CREWE SIGNAL CE105		North West
42180	CREWE SIG.NH19		North West
42181	CREWE SIG.NH43/44		North West
42152	CREWE SORTING SDGS NTH SB		North West
42147	CREWE SOUTH JN		North West
42141	CREWE SOUTH YARD	XCT	North West
42139	CREWE SSN SIGNAL BOX		North West
42117	CREWE STEEL WORKS		North West
42165	CREWE STEVENTON BULK STORE		North West
42015	CREWE SYDNEY BRIDGE		North West
42127	CREWE THOMAS STREET C.C.E.		North West
42135	CREWE TMD (D)		North West
42123	CREWE T.M.D. (E)		North West
42124	CREWE T.M.D (E) STORE		North West
42151	CREWE UP & DN POTTERY LOOP		North West
42016	CREWE UP MANCHESTER LOOP		North West
42158	CREWE VIRTUAL QUARRY		North West
42121	CREWE WORKS		North West
83470	CREWKERNE	CKN	Wessex
42178	CREWPADRP		North West
53246	CREWS HILL	CWH	East Coast
20059	CREYKES		North & East
06058	CRIANLARICH	CNR	Scotland
06057	CRIANLARICH C.E.		Scotland
06063	CRIANLARICH DOWN SDG (COLAS)		Scotland
06054	CRIANLARICH DOWN SIDINGS		Scotland
06068	CRIANLARICH GF		Scotland
06056	CRIANLARICH LOWER		Scotland
64503	CRICCIETH	CCC	Wales
25810	CRICKET INN ROAD	CIN	North & East
70079	CRICK GF		West Coast South
63405	CRICKLEWOOD	CRI	East Midlands
63418	CRICKLEWOOD AGGREGATES DBC		East Midlands
63425	CRICKLEWOOD A TO E SIDINGS		East Midlands
63401	CRICKLEWOOD CURVE JN		East Midlands
63417	CRICKLEWOOD DEP NORTH CON		East Midlands
63400	CRICKLEWOOD DEPOT		East Midlands
63403	CRICKLEWOOD DEPOT EXIT ROAD		East Midlands
63402	CRICKLEWOOD DEPOT JN		East Midlands
63422	CRICKLEWOOD DEP ROAD NORTH		East Midlands
63423	CRICKLEWOOD DEP ROAD SOUTH		East Midlands
63410	CRICKLEWOOD F/L HEAVY HAUL		East Midlands
63421	CRICKLEWOOD FUEL ROAD		East Midlands
63412	CRICKLEWOOD LAFARGE		East Midlands
63408	CRICKLEWOOD N.L.F.C.		East Midlands
63300	CRICKLEWOOD NO 2 GL		East Midlands
63413	CRICKLEWOOD NORTH END SDG GBRF		East Midlands
63416	CRICKLEWOOD NORTH REC LINE		East Midlands
63414	CRICKLEWOOD RDP SHUNT NECK		East Midlands
63299	CRICKLEWOOD RECESS SDGS (GBRF)		East Midlands
63404	CRICKLEWOOD R.T.S.		East Midlands
63297	CRICKLEWOOD SIG 539		East Midlands
63399	CRICKLEWOOD SIGNAL WH239		East Midlands
63419	CRICKLEWOOD SIGNAL WH590		East Midlands
63420	CRICKLEWOOD SIG WH466 & 455		East Midlands
63406	CRICKLEWOOD SOUTH JN		East Midlands
63415	CRICKLEWOOD SOUTH SIDINGS		East Midlands
63298	CRICKLEWOOD SPECIAL CS (GBRF)		East Midlands
63424	CRICKLEWOOD TAMPER SIDINGS		East Midlands
63301	CRICKLEWOOD U.G.L.		East Midlands
63302	CRICKLEWOOD WASH LINE		East Midlands
63409	CRICKWDFC		East Midlands
63407	CRICKWOOD		East Midlands
89554	CRISMILL CROSSOVER	XXG	High Speed
11555	CRNFTHEJN		North West
48224	CRNPT FR		Anglia
41139	CROES NEWYDD		Wales
41131	CROES NEWYDD NORTH FORK	XNF	Wales
59313	CROFT		East Midlands
07555	CROFTFOOT	CFF	Scotland
18035	CROFTON DEPOT	XRF	North & East
18034	CROFTON EAST JN		North & East
18033	CROFTON EAST SPUR		North & East
88467	CROFTON PARK	CFT	Kent
87604	CROFTON ROAD JN		Kent
18037	CROFTON WEST JN		North & East
59312	CROFT QRY		East Midlands
59311	CROFT QUARRY		East Midlands
59309	CROFT QUARRY FLHH		East Midlands
59310	CROFT QUARRY GBRF		East Midlands
03341	CROMBIE R.N.A.D.		Scotland
48007	CROMER	CMR	Anglia
57009	CROMFORD	CMF	East Midlands
07118	CROOKSTON	CKT	Scotland
07117	CROOKSTON LOOP		Scotland
69418	CROPREDY		Central
09431	CROSBY GARRETT		North West
17014	CROSSFLATTS	CFL	North & East
17112	CROSS GATES	CRG	North & East
07573	CROSSHILL	COI	Scotland
76632	CROSSKEYS	CKY	Wales
76633	CROSSKEYS JUNCTION		Wales
07229	CROSSMYLOOF	CMY	Scotland
30153	CROSTON	CSO	North West
51563	CROUCH HILL	CRH	Anglia
87766	CROWBOROUGH	COH	Sussex
89399	CROWHURST	CWU	Kent
23003	CROWLE	CWE	East Coast
35124	CROW NEST JN		North West
87006	CROWTHORNE	CRN	Wessex
71055	CROXLEY GREEN		West Coast South
48523	CROXTON AHB		Anglia
06457	CROY	CRO	Scotland
85405	CRUGWALLINS SIDINGS		Western
76638	CRUMLIN LAFARGE		Wales
79499	CRYNANT		Wales
87625	CRYSTAL PALACE	CYP	Sussex
87623	CRYSTAL PALACE SIGNAL VC170		Sussex
87632	CRYSTAL PALACE SIG VC167		Sussex
09151	CSLE KMYD		North West
09172	CSLELRD B		North West
09175	CSLELRD M		North West
09174	CSLELRD W		North West
31043	CSTLTN RP		North West
31040	CSTLTN US		North West
37069	CUDDINGTON	CUD	North West
53245	CUFFLEY	CUF	East Coast
09419	CULGAITH CROSSOVER		North West
74343	CULHAM	CUM	Western
01131	CULLODEN		Scotland
83111	CULLOMPTON		Western
00769	CULMONT-CHALINDREY		High Speed
01037	CULRAIN	CUA	Scotland
07301	CUMBERNAULD	CUB	Scotland
07300	CUMBERNAULD D.R.S.		Scotland
07339	CUMBERNAULD SIG 654		Scotland
87657	CUMBRIA JN SIGNAL VS678		Kent
09205	CUMMERSDALE VIADUCT		North West
03205	CUPAR	CUP	Scotland
03208	CUPAR CP7		Scotland
03204	CUPAR DOWN SIDING		Scotland
65321	CURBOROUGH JUNCTION		West Coast South
04114	CURRIEHILL	CUH	Scotland
09190	CURROCK JN		North West
09191	CURROCK W.R.D.		North West
51108	CURRY MARSH		Anglia
51107	CURRY MARSH SIDINGS		Anglia
65631	CURZON ST		Central
65633	CURZON STREET		Central
52255	CUSTOM HOUSE		Anglia
52254	CUSTOM HOUSE EAST		Anglia
52251	CUSTOM HOUSE WEST		Anglia
52253	CUSTOM HOUSE WEST	CUS	Private Railway
89302	CUXTON	CUX	Kent
78527	CVL EAST BOUNDARY		Wales
78526	CVL WEST BOUNDARY		Wales
78110	CWMBACH	CMH	TfW Cardiff Valleys
78322	CWMBARGOD		TfW Cardiff Valleys
78324	CWMBARGOD		TfW Cardiff Valleys
78323	CWMBARGOED		TfW Cardiff Valleys
78321	CWMBARGOED OPENCAST COLLY.		TfW Cardiff Valleys
78326	CWMBARGOED OPENCAST FHH		TfW Cardiff Valleys
76239	CWMBRAN	CWM	Wales
79520	CWMGWRACH		Wales
79021	CWMMAWR OPENCAST		Wales
79078	CYNGHORDY	CYN	Wales
51405	DAGDK EWS		Anglia
51402	DAGENHAM DOCK	DDK	Anglia
51406	DAGENHAM DOCK A.R.C.		Anglia
51491	DAGENHAM DOCK (DBC) RP		Anglia
51401	DAGENHAM DOCK (DBS)		Anglia
51412	DAGENHAM DOCK JUNCTION	XXH	High Speed
51400	DAGENHAM DOCK RECEPTION		Anglia
51411	DAGENHAM DOCK RECP GBRF		Anglia
51403	DAGENHAM DOWN YARD		Anglia
51361	DAGENHAM EAST		Anglia
51359	DAGENHAM EAST L.T.	ZDE	Anglia
51397	DAGENHAM FORD MC SIG UR821		Anglia
51398	DAGENHAM FORD MC SIG UR826		Anglia
51404	DAGENHAM STORAGE COY SDG		Anglia
51409	DAGENHDK		Anglia
51408	DAGNDKREP		Anglia
51407	DAGNDOCK		Anglia
08640	DAILLY		Scotland
83699	DAINTON T		Western
19168	DAIRYCOTS		North & East
29148	DAISYFIELD JN.		North West
35141	DAISY HILL	DSY	North West
01121	DALCROSS		Scotland
36048	DALE LANE G.F.		North West
03298	DALGETY BAY	DAG	Scotland
35511	DALLAM FREIGHT DEPOT		North West
35509	DALLAM JUNCTION		North West
06053	DALMALLY	DAL	Scotland
06052	DALMALLY C.E.		Scotland
06069	DALMALLY GROUND FRAME		Scotland
07272	DALMARNOCK	DAK	Scotland
08636	DALMELLINGTON AYRSHIRE RPG		Scotland
04201	DALMENY	DAM	Scotland
04202	DALMENY C.E.		Scotland
04205	DALMENY D.P.L.		Scotland
04203	DALMENY JN		Scotland
04204	DALMENY U.P.L.		Scotland
06211	DALMUIR	DMR	Scotland
06210	DALMUIR DOWN SIDING		Scotland
06318	DALMUIR RIVERSIDE		Scotland
06209	DALMUIR SIGNAL YY898		Scotland
06212	DALMUIR SIG YY893		Scotland
03100	DALNACARDOCH		Scotland
01157	DALNASPIDAL		Scotland
06134	DALREOCH	DLR	Scotland
08101	DALRY	DLY	Scotland
08013	DALRY MAR		Scotland
08623	DALRYMPLE JN		Scotland
08012	DALRY ROCHE		Scotland
09213	DALSTON	DLS	North West
52052	DALSTON JUNCTION		Anglia
52074	DALSTON JUNCTION (ELL)	DLJ	Private Railway
52046	DALSTON KINGSLAND	DLK	Anglia
09211	DALSTON OIL TERMINAL		North West
09212	DALSTON OIL TERMINAL		North West
11271	DALTON	DLT	North West
11269	DALTON JN		North West
73807	DALWEY UGL (FLHH)		Western
01154	DALWHINNIE	DLW	Scotland
01155	DALWHINNIE ISU (CE)		Scotland
01156	DALWHINNIE SIGNAL 2		Scotland
07501	DALZELL B.S.C.		Scotland
07503	DALZELL U.G.L.		Scotland
15515	DANBY	DNY	North & East
15875	DANBY WISKE		East Coast
78505	DANESCOURT	DCT	TfW Cardiff Valleys
66457	DANZEY	DZY	Central
65089	DARLASTON JN		Central
15866	DARLINGTON	DAR	East Coast
15872	DARLINGTON DOWN BYPASS		East Coast
15865	DARLINGTON NORTH JN.		East Coast
15871	DARLINGTON PARK LANE		East Coast
42223	DARLINGTONS L.C.		Wales
15863	DARLINGTON SOUTH JN		East Coast
15862	DARLINGTON UP SDGS (FLHH)		East Coast
15864	DARLINGTON UP S.S.		East Coast
15861	DARLINGTON UP S.S. (GBRF)		East Coast
15870	DARLINGTON UP STA LOOP		East Coast
15848	DARLTN HOPETOWN ISU (S&TE)		East Coast
25804	DARNALL	DAN	North & East
49109	DARSHAM	DSM	Anglia
88466	DARTFORD	DFD	Kent
88444	DARTFORD DOWN SIDINGS		Kent
88438	DARTFORD JN	XRT	Kent
88445	DARTFORD UP SIDINGS		Kent
88441	DARTFORD WEST JUNCTION		Kent
18402	DARTON	DRT	North & East
29171	DARWEN		North West
29173	DARWEN	DWN	North West
87110	DATCHET	DAT	Wessex
75350	DAUNTSEY		Western
32538	DAVENPORT	DVN	North West
70083	DAVENTRY DIDC1 TIBBETT&BRI		West Coast South
70086	DAVENTRY DIDC2 TIBBETT&BRI		West Coast South
70089	DAVENTRY DRS (SAINS)		West Coast South
70092	DAVENTRY DRS (TESCO)		West Coast South
70094	DAVENTRY FHH		West Coast South
70088	DAVENTRY GBRF		West Coast South
70080	DAVENTRY INT RFT RECEP EWS		West Coast South
70074	DAVENTRY INT RFT RECEP FL		West Coast South
70081	DAVENTRY INT RFT RECEP RFD		West Coast South
70084	DAVENTRY IRFT CRIPPLE SDG		West Coast South
70087	DAVENTRY IRFT (MALCOLM WH)		West Coast South
70096	DAVENTRY IRFT REPAIR PT (FHH)		West Coast South
70090	DAVENTRY IRFT RP (DRS)		West Coast South
70082	DAVENTRY IRP TIBBETT&BRITT		West Coast South
70075	DAVENTRY NORTH JN		West Coast South
70073	DAVENTRY RECP SDGS (EP2)		West Coast South
70077	DAVENTRY SOUTH JN		West Coast South
01132	DAVIOT		Scotland
14161	DAWDON SB		North & East
73797	DAWLEY LOOP		Western
83605	DAWLISH	DWL	Western
83603	DAWLISH WARREN	DWW	Western
66205	DAW MILL COLLIERY (FASTLINE)		Central
66202	DAW MILL COLLIERY FHH		Central
66201	DAW MILL COLLY		Central
66206	DAW MILL EAST JN		Central
66203	DAW MILL (GBRF)		Central
66200	DAW MILL G.F.		Central
66199	DAW MILL SIG SY531		Central
66204	DAWMILL TRAIN EXAM POINT		Central
66207	DAW MILL WEST JN		Central
00794	DAX	DAX	High Speed
72027	DB CARGO FAN A & B SIDINGS		West Coast South
57444	DBY AT SG		East Midlands
15868	DDARLINGTON DOWNS SDGS		East Coast
89465	DEAL	DEA	Kent
89464	DEAL SIDING		Kent
31515	DEAL STREET JN		North West
86112	DEAN	DEN	Wessex
86117	DEAN EAST GRIMSTEAD G.F.		Wessex
86118	DEAN ENGINEERS SIDING		Wessex
86111	DEAN HILL SDGS. M.O.D.		Wessex
31069	DEAN LANE	DNN	North West
31307	DEAN LANE (FLHH)		North West
31305	DEAN LANE QUICK MIX		North West
31306	DEAN LANE R.T SDGS.		North West
07042	DEANSDE		Scotland
33088	DEANSGATE	DGT	North West
32406	DEANSGATE JN		North West
37228	DEANSGATE JN SIG. DJ19		North West
07043	DEANSIDE C.P.A.		Scotland
07044	DEANSIDE CPA FLT		Scotland
07045	DEANSIDE C.P.A. GBRF		Scotland
07053	DEANSIDE LOOP		Scotland
64120	DECOY L.C.		Wales
23453	DECOY NTH JN		East Coast
38999	DEE MARSH		Wales
39003	DEE MARSH B.S.C.		Wales
39001	DEE MARSH JN.		Wales
39000	DEE MARSH RECP. SDGS		Wales
25383	DEEPCAR REPAIR POINT		North & East
40047	DEGANWY	DGY	Wales
18472	DEIGHTON	DHN	North & East
37067	DELAMERE	DLM	North West
01051	DELNY		Scotland
70263	DENBIGH HALL NORTH JN		West Coast South
70265	DENBIGH HALL SOUTH JN		West Coast South
18498	DENBY DALE	DBD	North & East
57131	DENBY OPENCAST		East Midlands
00927	DEN HAAG CS	DHS	High Speed
73450	DENHAM	DNM	Central
73451	DENHAM GOLF CLUB	DGC	Central
87606	DENMARK HILL	DMK	Kent
09443	DENT	DNT	North West
40203	DENTITHS SDGS		North West
32520	DENTON	DTN	North West
32519	DENTON JN		North West
32502	DENTON STATION JN		North West
88431	DEPTFORD	DEP	Kent
57403	DERBY	DBY	East Midlands
57442	DERBY ADTRANZ LITCHURCH LN		East Midlands
57420	DERBYBREL		East Midlands
57200	DERBY CWC		East Midlands
57400	DERBY GAS TANK SDGS		East Midlands
57411	DERBY H.S.		East Midlands
57410	DERBY LONDON RD JUNCTION		East Midlands
57990	DERBY MML		East Midlands
57402	DERBY NORTH DOC SDGS		East Midlands
49145	DERBY ROAD	DBR	Anglia
49146	DERBY ROAD SIG CO622		Anglia
57421	DERBY RTC (NETWORK RAIL)		East Midlands
57422	DERBY RTC RAIL VEHICLE ENG		East Midlands
57407	DERBY R.T.C. SIDINGS NORTH		East Midlands
57230	DERBY SCH		East Midlands
57409	DERBY STATION NORTH JN.		East Midlands
57414	DERBY TOP YARD NECK		East Midlands
57423	DERBY WAY AND WORKS TD5039		East Midlands
57406	DERBY WAY & WORKS JUNCTION		East Midlands
57413	DERBY WAY & WORKS SIDINGS		East Midlands
57401	DERBY WKS		East Midlands
48427	DEREHAM U.K.F.		Anglia
48430	DEREHEM UKF GBRF		Anglia
31058	DERKER		NONE
59421	DESBOROUGH SUMMIT		East Midlands
58138	DESFORD		East Midlands
84199	DEVONPORT	DPT	Western
84202	DEVONPORT ROYAL DOCKYARD		Western
30040	DEVONSHIRE ROAD JN		North West
18438	DEWSBURY	DEW	North & East
18432	DEWSBURY BLUE CIRCLE		North & East
18431	DEWSBURY EAST JN		North & East
18433	DEWSBURY TILCON		North & East
18434	DEWSBURY TILCON GBRF		North & East
74318	DIDCOTCPL		Western
74319	DIDCOT DISTRIBUTION CENTRE		Western
74320	DIDCOT EAST JN		Western
74310	DIDCOT FUELLING POINT		Western
74311	DIDCOT GREAT WESTERN SOC.		Western
74307	DIDCOT LHS		Western
74326	DIDCOT MILTON SDG FL		Western
74322	DIDCOT NORTH JN		Western
74313	DIDCOT PARKWAY	DID	Western
74306	DIDCOT POWER STATION D&C		Western
74317	DIDCOT POWER STATION EWS		Western
74328	DIDCOT POWER STN GBRF		Western
74323	DIDCOT PWR STN FLINER HVY		Western
74304	DIDCOT SIG SB2207		Western
74308	DIDCOT SIG. SN940		Western
74314	DIDCOT T.C.		Western
74321	DIDCOT WEST CURVE JN		Western
74316	DIDCOT WEST END		Western
74309	DIDCOT WEST YARD ISU (CE)		Western
74312	DIDCOT YD		Western
83449	DIGBY & SOWTON	DIG	Western
32105	DIGGLE JN		North West
32106	DIGGLE JN DOWN PASSENGER LOOP		North West
53233	DIGSWELL JN.		East Coast
00771	DIJON-PERRIGNY		High Speed
00051	DILLINGEN (SAARLOUIS)		High Speed
82105	DILTON MARSH	DMH	Western
47050	DIMMOCKS COTE AHB		Anglia
78717	DINAS POWYS	DNS	Wales
78014	DINAS RHONDDA	DMG	TfW Cardiff Valleys
78710	DINGLE ROAD	DGL	Wales
01091	DINGWALL	DIN	Scotland
01092	DINGWALL C.E.		Scotland
76372	DINMORE TUNNELS		Wales
26302	DINNINGTON JN		North & East
26303	DINNINGTON SIG WP605		North & East
26304	DINNINGTON SIG WP606		North & East
15714	DINSDALE	DND	East Coast
32243	DINTING	DTG	North West
86144	DINTON		Wessex
86142	DINTON M.O.D.		Wessex
32543	DISLEY	DSL	North West
49002	DISS	DIS	Anglia
49003	DISS RECP.		Anglia
36403	DITTONCRE		North West
36401	DITTON EAST JUNCTION		North West
36398	DITTON FOUNDRY LANE AHC		North West
36402	DITTON FOUNDRY LN(AHC-EWS)		North West
36404	DITTON (O'CONNOR) DRS		North West
36405	DITTON (OCONNOR) FLINER		North West
36411	DITTON (O'CONNOR SDGS)		North West
36406	DITTON RECEPTION (FLT)		North West
36409	DITTON RECEPTION HEADSHUNT		North West
36407	DITTON WEST JUNCTION		North West
36410	DITTON WIDNES INNOVIS		North West
36408	DITTON YARD		North West
15867	DLTN STH DOWN PASSR LOOP		East Coast
89738	DMOORCPLS		Kent
89737	DMOOR LRS		Kent
17052	DOCKFIELD JN		North & East
63624	DOCK JN NORTH		East Midlands
63623	DOCK JN SOUTH		East Midlands
84200	DOCKYARD	DOC	Western
25386	DODWORTH	DOD	North & East
56112	DOE HILL HOUSE DISPOSAL PT		East Midlands
79093	DOLAU	DOL	Wales
88296	DOLEHAM	DLH	Kent
40058	DOLGARROG	DLG	Wales
89729	DOLLANDS MOOR (COLAS)		Kent
89748	DOLLANDS MOOR CTRL		High Speed
89580	DOLLANDS MOOR E. BOUNDARY		High Speed
89728	DOLLANDS MOOR (EUROPORTE2)		Kent
89726	DOLLANDS MOOR (GBRF)		Kent
89730	DOLLANDS MOOR (GERMAN EXP TRAF)		Kent
89736	DOLLANDS MOOR L.H.S.		Kent
89735	DOLLANDS MOOR SDGS	XLM	Kent
89739	DOLLANDS MOOR T.P.L.	XTP	Kent
89578	DOLLANDS MOOR W. BOUNDARY		High Speed
89576	DOLLANDS MOOR WEST JN		High Speed
73819	DOLPHIN JN		Western
40063	DOLWYDDELAN	DWD	Wales
00310	DOMODOSSOLA DB SCHENKER		High Speed
23450	DONC ANG		East Coast
23421	DONCASTER	DON	East Coast
23463	DONCASTER BELMONT DN LHS		East Coast
23464	DONCASTER CARR IEP DEPOT		East Coast
23414	DONCASTER C.H.S.		East Coast
23416	DONCASTER D.C.E SDGS.		East Coast
23305	DONCASTER DECOY SOUTH JCN		East Coast
23440	DONCASTER DOWN DECOY		East Coast
23451	DONCASTER DOWN DECOY GBRF		East Coast
23459	DONCASTER DOWN DECOY RP GBRF		East Coast
23442	DONCASTER ECD POWERTRACK		East Coast
23445	DONCASTER EPT (F'LINERS)		East Coast
23428	DONCASTER FREIGHT DEPT EWS		East Coast
23406	DONCASTER IPORT		East Coast
23405	DONCASTER IPORT GBRF		East Coast
23431	DONCASTER L.I.P.		East Coast
23415	DONCASTER MIDDLE ROAD		East Coast
23408	DONCASTER PAPER SDGS		East Coast
23429	DONCASTER RAILPORT		East Coast
23438	DONCASTER RAILPORT		East Coast
23449	DONCASTER RAILPORT (GBRF)		East Coast
23437	DONCASTER RAILPORT SPIN RD		East Coast
23419	DONCASTER RFS ENGINEERING		East Coast
23458	DONCASTER ROBERT RDS SHED (GBRF)		East Coast
23461	DONCASTER ROBERTS RD RP GBRF		East Coast
23309	DONCASTER ROYAL MAIL TERML		East Coast
23499	DONCASTER SIG 1489		East Coast
23468	DONCASTER SIG D1470		East Coast
23412	DONCASTER SIG D1490		East Coast
23486	DONCASTER SIG D191		East Coast
23422	DONCASTER SIG D249		East Coast
23423	DONCASTER SIG D254		East Coast
23424	DONCASTER SIG D275		East Coast
23407	DONCASTER SIG D298		East Coast
23148	DONCASTER SIG D866		East Coast
23121	DONCASTER SIGNAL D236		East Coast
23426	DONCASTER SNOWYS YARD		East Coast
23430	DONCASTER UP DECOY		East Coast
23446	DONCASTER UP DECOY F'LINER		East Coast
23439	DONCASTER UP DECOY GBRF		East Coast
23462	DONCASTER UP DECOY LMD		East Coast
23457	DONCASTER UP DECOY SPUR 2		East Coast
23410	DONCASTER WABTEC GBRF		East Coast
23425	DONCASTER WEST RECEPTION		East Coast
23418	DONCASTER WEST YARD	XWV	East Coast
23433	DONCASTER WOOD YARD		East Coast
23434	DONCASTER WOOD YD REPAIR POINT		East Coast
23447	DONCASTER WOOD YD VIRTUAL		East Coast
23420	DONCASTER WORKS CARR SHOPS		East Coast
23413	DONCASTER WORKS (FLHH)		East Coast
23448	DONCASTR DOWN DECOY FLINR		East Coast
23465	DONCATER WEST YD SID NO.6		East Coast
23460	DONC COAL		East Coast
23411	DONC. MARSHGATE JN.		East Coast
23454	DONCRPTRP		East Coast
23427	DONCSTRYD		East Coast
23436	DONCS WLR		East Coast
64814	DONNINGTON JUNCTION		Central
64815	DONNINGTON RAILFREIGHT TERML		Central
64818	DONNINGTON RF TERM (FLHH)		Central
64817	DONNINGTON RFT GBRF		Central
00739	DON SAINGHIN (LILLE)		High Speed
23435	DONWDYARD		East Coast
86980	DORCHESTER JN		Wessex
86976	DORCHESTER SOUTH	DCH	Wessex
86979	DORCHESTER SOUTH FLHH		Wessex
86973	DORCHESTER SOUTH ISU (CE)		Wessex
86985	DORCHESTER SOUTH SNG GBR		Wessex
86977	DORCHESTER WEST	DCW	Wessex
25704	DORE	DOR	North & East
25707	DORE SOUTH JN		North & East
25705	DORE STATION JN		North & East
25708	DORE WEST JN		North & East
87687	DORKING	DKG	Sussex
87086	DORKING DEEPDENE	DPD	Sussex
87688	DORKING DOWN SDG		Sussex
87689	DORKING SIG CBK33		Sussex
87690	DORKING SIG CBK35		Sussex
87084	DORKING WEST	DKT	Sussex
87757	DORMANS	DMS	Sussex
66433	DORRIDGE	DDG	Central
66432	DORRIDGE C.E. SGDS		Central
66468	DORRIDGE SIGNAL LJ1273		Central
66464	DORRIDGE UP PASSENGER LOOP		Central
64237	DORRINGTON		Wales
00025	DORTMUND HBF	DTM	High Speed
64309	DOUGHT'S LEVEL CROSSING		Wales
00797	DOURGES DELTA 3 (FRANCE)		High Speed
57476	DOVEFIELDS L.C.		East Midlands
32548	DOVE HOLES	DVH	North West
49415	DOVERCOURT	DVC	Anglia
89611	DOVER PRIORY	DVP	Kent
89612	DOVER PRIORY SIDINGS		Kent
89614	DOVER SIGNAL YE621		Kent
89613	DOVER SIGNAL YE623		Kent
64399	DOVEY JN DOWN LOOP		Wales
64401	DOVEY JUNCTION	DVY	Wales
34232	DOWLOW BRIGGS SIDINGS		North West
34229	DOWLOW C&W (FLHH)		North West
34234	DOWLOW HINDLOW 1&2 SDGS		North West
66467	DOWN DORRIDGE SPUR		Central
46255	DOWNHAM MARKET	DOW	Anglia
46254	DOWNHAM MARKET RECP.		Anglia
46246	DOWNHAM MARKET SIG DM8		Anglia
81122	DOWN PILNING LOOP		Wales
56604	DOWN TRENT LOOP		East Midlands
57802	DRAKELOW C POWERGEN		East Midlands
57805	DRAKELOW C POWERGEN (FHH)		East Midlands
57801	DRAKELOW EAST CURVE JN		East Midlands
57807	DRAKELOW GPL DY128		East Midlands
57803	DRAKELOW WEST CURVE JN		East Midlands
18000	DRAX AES (FLHH)		North & East
17998	DRAX AES (GBRF)		North & East
18003	DRAX BRANCH JUNCTION		North & East
17993	DRAX (GBRF)		North & East
17992	DRAX GYPSUM LOADING POINT		North & East
17997	DRAX PFA LOADING PT (EWS)		North & East
18001	DRAX POWER STATION		North & East
18042	DRAX PS COLAS RAIL		North & East
17988	DRAX PS GYPSUM GBRF		North & East
17989	DRAX PS SIGNAL D16		North & East
17991	DRAX SIG D17		North & East
57437	DRAYCOTT		East Midlands
86429	DRAYTON		Sussex
73271	DRAYTON GREEN	DRG	Western
73270	DRAYTON GREEN JUNCTION		Western
54291	DRAYTON PARK	DYP	East Coast
54292	DRAYTON PARK SIGNAL K43		East Coast
54294	DRAYTON PARK SIGNAL K46		East Coast
81431	DR DAY'S JN		Western
04821	DREM	DRM	Scotland
04823	DREM D.P.L.		Scotland
04819	DREM SIG EF537		Scotland
04806	DREM SIG EF822		Scotland
04818	DREM SIGNAL EF821		Scotland
04820	DREM U.P.L.		Scotland
04822	DREM URS		Scotland
19016	DRIFFIELD	DRF	North & East
19017	DRIFFIELD GPL D54		North & East
10205	DRIGG	DRI	North West
10204	DRIGG BNF		North West
85412	DRINIKMIL		Western
85413	DRINIKMIL		Western
85411	DRINNICK MILL		Western
85414	DRNIKMLCD		Western
67014	DROITWICH DOWN GOODS LOOP		Central
67013	DROITWICH SIGNAL DS68		Central
67012	DROITWICH SPA	DTW	Central
67015	DROITWICH UP GOODS LOOP		Central
25711	DRONFIELD	DRO	North & East
10200	DRS		North West
06219	DRUMCHAPEL	DMC	Scotland
07009	DRUMFROCHAR	DFR	Scotland
07323	DRUMGELLOCH	DRU	Scotland
07322	DRUMGELLOCH SIG EN50256		Scotland
07321	DRUMGELLOCH SIG EN5026		Scotland
06217	DRUMRY	DMY	Scotland
18466	DRYCLOUGH JN		North & East
08119	DUBBS JN		Scotland
65642	DUDDESTON	DUD	Central
66327	DUDDESTON JN		Central
63009	DUDDING HILL JN		Anglia
04684	DUDDNGSTN		Scotland
65641	DUDDSTNCW		Central
65811	DUDLEY PORT	DDP	Central
57114	DUFFIELD	DFI	East Midlands
79326	DUFFRYN WEST		Wales
02011	DUFFTOWN	DUT	Scotland
01072	DUIRINISH	DRN	Scotland
00017	DUISBURG RUHRORT-HAFEN		High Speed
06527	DUKE STREET	DST	Scotland
47006	DULLINGHAM	DUL	Anglia
06136	DUMBARTON CENTRAL	DBC	Scotland
06138	DUMBARTON CENTRAL C.E.		Scotland
06137	DUMBARTON EAST	DBE	Scotland
06135	DUMBARTON GOODS LOOP		Scotland
07127	DUMBRECK	DUM	Scotland
09022	DUMFRIES	DMF	Scotland
09019	DUMFRIES MAXWELLTOWN - DCC		Scotland
09021	DUMFRIES MAXWELLTOWN ICI		Scotland
09026	DUMFRIES SOUTH JN		Scotland
09024	DUMFRIES UP SIDING		Scotland
09023	DUMFRIES YARD		Scotland
89470	DUMPTON PARK	DMP	Kent
81918	DUNBALL		Western
04827	DUNBAR	DUN	Scotland
04828	DUNBAR DOWN SDGS CE		Scotland
06139	DUNBARTON SIG YD938		Scotland
04826	DUNBAR UP SDGS CE		Scotland
03161	DUNBLANE	DBL	Scotland
03162	DUNBLANE DRS ISU (CE)		Scotland
03163	DUNBLANE S.B.		Scotland
86107	DUNBRIDGE	DBG	Wessex
01074	DUNCRAIG	DCG	Scotland
03054	DUNDEE	DEE	Scotland
03053	DUNDEE CENTRAL JN		Scotland
03056	DUNDEE CS		Scotland
03057	DUNDEE DMU SDGS		Scotland
03055	DUNDEE HEAD SHUNT		Scotland
03062	DUNDEE H.S.	XDE	Scotland
03075	DUNDEE WEST C.E.		Scotland
03058	DUNDEE WEST RECEPTION LINE		Scotland
03060	DUNDEE WEST T.C.	DUE	Scotland
03319	DUNFERMLINE QUEEN MARGARET	DFL	Scotland
03321	DUNFERMLINE TOWN	DFE	Scotland
89437	DUNGENESS BRITISH ENERGY		Kent
03106	DUNKELD & BIRNAM	DKD	Scotland
03107	DUNKELD & BIRNAM UP SDG		Scotland
03109	DUNKELD SIGNALS DK21/DK22		Scotland
00731	DUNKERQUE		High Speed
00733	DUNKERQUE		High Speed
00734	DUNKERQUE		High Speed
00735	DUNKERQUE		High Speed
89692	DUNKERQUE		High Speed
00730	DUNKIRQUE VIA DOVER		High Speed
08701	DUNLOP	DNL	Scotland
08648	DUNRAGIT		Scotland
01023	DUNROBIN CASTLE	DNO	Scotland
01025	DUNROBIN EWS		Scotland
07008	DUNROD		Scotland
13523	DUNSTON	DOT	North & East
89342	DUNTON GREEN	DNG	Kent
13702	DURHAM	DHM	East Coast
13697	DURHAM SIG.TY357		East Coast
13695	DURHAM SIG TY358		East Coast
87253	DURNSFORD ROAD STAFF HALT		Wessex
87996	DURRINGTON-ON-SEA	DUR	Sussex
00013	DUSSELDORF HBF	DUS	High Speed
47302	DUXFORD		Anglia
47305	DUXFORD		Anglia
02042	DYCE	DYC	Scotland
02043	DYCE RAITHS FARM F.D.		Scotland
02036	DYCE SIGNAL HD7223		Scotland
64417	DYFFRYN ARDUDWY	DYF	Wales
79259	DYNEVOR GROUND FRAME		Wales
79256	DYNEVOR JN		Wales
15701	EAGLESCLIFFE	EAG	North & East
15704	EAGLESCLIFFE DOWN LOOP		North & East
15700	EAGLESCLIFFE MARSHALLS EWS		North & East
73253	EALING BROADWAY	EAL	Western
34013	EARLES SDGS (FLHH)		North West
34009	EARLES SDGS S.B.		North West
34017	EARLES SDGS SIG ES31		North West
34018	EARLES SIDINGS SIG ES30		North West
35325	EARLESTOWN	ERL	North West
35327	EARLESTOWN SOUTH JN		North West
35328	EARLESTOWN WEST JN		North West
87002	EARLEY	EAR	Wessex
72246	EARLS COURT L.T.	ZET	Anglia
03231	EARLSEAT		Scotland
87250	EARLSFIELD	EAD	Wessex
34003	EARLS SDS		North West
35326	EARLSTOWN UP & DOWN LOOP		North West
87891	EARLSWOOD SIGNAL T1123		Sussex
87892	EARLSWOOD SIGNAL T1127		Sussex
87902	EARLSWOOD SIGNAL T1136		Sussex
87903	EARLSWOOD (SURREY)	ELD	Sussex
66447	EARLSWOOD (WEST MIDLANDS)	EWD	Central
14006	EAST BOLDON	EBL	East Coast
14005	EAST BOLDON UP LOOP		East Coast
88254	EASTBOURNE	EBN	Sussex
88253	EASTBOURNE CARRIAGE SDGS	XEB	Sussex
88255	EASTBOURNE SIDINGS		Sussex
88256	EASTBOURNE SIG EB501		Sussex
88257	EASTBOURNE TAMPER SIDINGS		Sussex
78713	EASTBROOK	EBK	Wales
15874	EAST COWTON XOVERS		East Coast
55249	EASTCROFT DOWN SDGS		East Midlands
87701	EAST CROYDON	ECR	Sussex
87698	EAST CROYDON 1082		Sussex
87699	EAST CROYDON SIGNAL T1065		Sussex
87697	EAST CROYDON SIGNAL T128		Sussex
87737	EAST CROYDON SIG T1067		Sussex
87702	EAST CROYDON UP SIDINGS		Sussex
32524	EAST DIDSBURY	EDY	North West
87610	EAST DULWICH	EDW	Kent
06712	EASTERHOUSE	EST	Scotland
89139	EASTERN JN (SITTINGBOURNE)		Kent
86100	EASTET16S		Wessex
89322	EAST FARLEIGH	EFL	Kent
06430	EASTFIELD H.S.	XED	Scotland
06432	EASTFIELD PASSENGER LOOP		Scotland
16603	EAST GARFORTH	EGF	North & East
15811	EASTGATE BLUE CIRCLE		North & East
86113	EAST GRIMSTEAD E.C.C.		Wessex
87759	EAST GRINSTEAD	EGR	Sussex
87758	EAST GRINSTEAD SDGS (GBRF)		Sussex
51603	EAST HAM DEPOT COUNTRY END JN		Anglia
51602	EAST HAM E.M.U.D.	XEM	Anglia
51604	EAST HAM LT	ZEH	Anglia
38220	EASTHAM RAKE	ERA	North West
44036	EAST HOLMES S B		East Midlands
07231	EAST KILBRIDE	EKL	Scotland
59344	EAST LANGTON		East Midlands
55405	EAST LEAKE		East Midlands
86087	EASTLEIGH	ESL	Wessex
86099	EASTLEIGH AGGREGATE SDGS.		Wessex
86092	EASTLEIGH ARLINGTON (ZG)	XFB	Wessex
86094	EASTLEIGH AXIOM C&W SDGS		Wessex
86085	EASTLEIGH D.C.S.	XEX	Wessex
86147	EASTLEIGH DEPOT SIGNAL 241		Wessex
86148	EASTLEIGH DEPOT SIGNAL 243		Wessex
86146	EASTLEIGH DEP SIGNAL ENT/EXT SIG		Wessex
86098	EASTLEIGH DPT FREIGHTLINER		Wessex
86102	EASTLEIGH EAST JN		Wessex
86090	EASTLEIGH EAST YARD		Wessex
86204	EASTLEIGH F.Y.AGG (FLHH)		Wessex
86091	EASTLEIGH H.S.		Wessex
86089	EASTLEIGH LWR DEPOT		Wessex
86095	EASTLEIGH MARCROFT SIDING		Wessex
86140	EASTLEIGH MARSHALLING YARD		Wessex
86134	EASTLEIGH SIG E228		Wessex
86143	EASTLEIGH SIG E85		Wessex
86141	EASTLEIGH SIG E862		Wessex
86106	EASTLEIGH SIGNAL 222		Wessex
86067	EASTLEIGH SIGNAL E225		Wessex
86149	EASTLEIGH SIGNAL E97		Wessex
86151	EASTLEIGH SIGNAL EH372		Wessex
86155	EASTLEIGH SINGLE LINE JN		Wessex
86097	EASTLEIGH SOUTH JN		Wessex
86093	EASTLEIGH T&R.S.M.D	XEH	Wessex
86105	EASTLEIGH VIRTUAL QUARRY		Wessex
86127	EASTLEIGH WORKS-ALSTOM-FL		Wessex
86109	EASTLEIGH WORKS GBRF		Wessex
86103	EASTLGHYD		Wessex
86096	EASTLH10S		Wessex
86088	EASTLP&MD		Wessex
89411	EAST MALLING	EML	Kent
56650	EAST MIDLANDS PARKWAY	EMD	East Midlands
56630	EAST MIDS GATEWAY ARRIVAL		East Midlands
57003	EAST MIDS GATEWAY ARRIVAL		East Midlands
56631	EAST MIDS GATEWAY SS4457		East Midlands
57002	EAST MIDS GATEWAY SS4457		East Midlands
56623	EAST MIDS GATEWAY TERMINAL		East Midlands
56632	EAST MIDS GATEWAY TL (FL)		East Midlands
56624	EAST MIDS GATEWAY TML DBC		East Midlands
56633	EAST MIDS GATEWAY TML GBRF		East Midlands
89320	EAST PECKHAM REVERSE		Kent
89319	EAST PECKHAM TIP		Kent
87587	EAST PECKHAM TIP GBRF		Kent
87243	EAST PUTNEY	ZPU	Wessex
09036	EASTRIGGS CROSSOVER		North West
09035	EASTRIGGS M.O.D.		North West
19218	EASTRINGTON	EGN	North & East
82241	EAST SOMERSET JN		Western
51130	EAST TILBURY	ETL	Anglia
76117	EAST USK BRANCH		Wales
76116	EAST USK BRANCH ALPHASTEEL		Wales
76126	EAST USK BRANCH BIRDPORT		Wales
76124	EAST USK FL REPAIR POINT		Wales
76114	EAST USK JN.		Wales
76120	EAST USK JN. N. Y.		Wales
76119	EASTUSKNS		Wales
76115	EAST USK ORB WORKS EWS		Wales
76122	EASTUSKSR		Wales
29001	EASTWOOD		North West
87993	EAST WORTHING	EWR	Sussex
89536	EBBSFLEET CTRL		High Speed
89530	EBBSFLEET INTERNATIONAL	#MULTIVALUE	High Speed
89532	EBBSFLEET INTERNATIONAL EAST JN	XXI	High Speed
89529	EBBSFLEET INTERNATIONAL WEST JN	XXJ	High Speed
76481	EBBW JN		Wales
76650	EBBW VALE		Wales
76646	EBBW VALE PARKWAY	EBV	Wales
76642	EBBW VALE STEEL WORKS		Wales
76644	EBBW VALE STH GROUND FRAME		Wales
76647	EBBW VALE TOWN	EBB	Wales
76649	EBBW VLE		Wales
07993	ECCLEFECHAN		Scotland
31739	ECCLES	ECC	North West
25306	ECCLESFIELD WEST SB		North & East
48510	ECCLES RD EXCHANGE SIDINGS		Anglia
48512	ECCLES RD JOHNSTON'S SDG		Anglia
48511	ECCLES ROAD	ECS	Anglia
48513	ECCLES ROAD FHH		Anglia
36615	ECCLESTON PARK	ECL	North West
31740	ECCLES UP GOODS LOOP		North West
67372	ECKINGTON LOOP		Western
34005	EDALE	EDL	North West
34014	EDALE REFUGE SDG		North West
34016	EDALE SIG EE16		North West
01043	EDDERTON		Scotland
87736	EDENBRIDGE	EBR	Kent
87760	EDENBRIDGE TOWN	EBT	Sussex
88325	EDEN PARK	EDN	Kent
09314	EDEN VALLEY		North West
36170	EDGE HILL	EDG	North West
36173	EDGE HILL  DEPOT	XEG	North West
36174	EDGE HILL DOWN WAPPING	XDG	North West
36176	EDGE HILL GULLET SDGS		North West
36109	EDGE LANE JN		North West
32537	EDGELEY JN NO1		North West
32536	EDGELEY JN NO2		North West
32558	EDGELEY SIGNAL EY1.20		North West
04303	EDINBURGH	EDB	Scotland
04304	EDINBURGH GATEWAY	EGY	Scotland
04302	EDINBURGH NORTH LOOP SDG		Scotland
04039	EDINBURGH PARK	EDP	Scotland
04315	EDINBURGH SIG EP605		Scotland
04316	EDINBURGH SIG EP854		Scotland
04312	EDINBURGH SIGNAL 482		Scotland
04313	EDINBURGH SIGNAL 488		Scotland
04311	EDINBURGH SIGNAL 811		Scotland
04310	EDINBURGH SIGNAL 844		Scotland
04305	EDINBURGH SIGNAL 848		Scotland
04306	EDINBURGH SIGNAL E813		Scotland
04314	EDINBURGH SIGNAL E846		Scotland
04307	EDINBURGH SIGNAL EW815		Scotland
51949	EDMONTON GREEN	EDR	Anglia
59102	EDWALTON		East Midlands
87056	EFFINGHAM JN CHS	XEJ	Wessex
87076	EFFINGHAM JN SIGNAL GD1322		Wessex
87071	EFFINGHAM JUNCTION	EFF	Wessex
87073	EFFINGHAM JUNCTION NECK	XFF	Wessex
18007	EGGBOROUGH POWER STATION		North & East
17995	EGGBOROUGH POWER STN (GBRF)		North & East
18043	EGGBOROUGH PS COLAS RAIL		North & East
18006	EGGBOROUGH P.S. (FLHH)		North & East
17999	EGGBORO' (WHITLEY BDGE JN)		North & East
83232	EGGESFORD	EGG	Western
57461	EGGINTON JN		East Midlands
87107	EGHAM	EGH	Wessex
07245	EGLINTON ST JN		Scotland
15519	EGTON	EGT	North & East
00095	EINSIEDLERHOF		High Speed
07112	ELDERSLIE		Scotland
07110	ELDERSLIE (DBS)		Scotland
07111	ELDERSLIE (FLINER)		Scotland
07121	ELDERSLIE GBRF		Scotland
07120	ELDERSLIE SIG PE143		Scotland
07113	ELDERSLIE U.P.L.		Scotland
07114	ELDERSLIE US (DRS)		Scotland
86110	ELEGHYDRP		Wessex
86086	ELEIGHEXM		Wessex
87246	ELEPHANT & CASTLE	EPH	Kent
72359	ELEPHANT & CASTLE (LT)	ZEL	Private Railway
66007	ELFORD LOOP		East Midlands
02007	ELGIN	ELG	Scotland
02006	ELGIN SB		Scotland
02008	ELGIN YARD		Scotland
18453	ELLAND	ELN	North & East
87660	ELL BOUNDARY NLL		Private Railway
38343	ELLESMEPT		North West
38317	ELLESMERE PORT	ELP	North West
38352	ELLESMERE PORT ASSTD OCTEL		North West
38322	ELLESMERE PORT CAWOODS		North West
38324	ELLESMERE PORT (DB SCHENKER)		North West
38325	ELLESMERE PORT GBRF		North West
38341	ELLESMERE PORT GOODS YARD		North West
38326	ELLESMERE PORT M WHARF FHH		North West
38320	ELLESMERE PORT T.C.		North West
38351	ELLESMERE PORT U&DGL		North West
38318	ELLESMERE PORT WEST SDGS		North West
38342	ELLESMREP		North West
88321	ELMERS END	ELE	Kent
88320	ELMERS END SIG TL1395		Kent
59315	ELMESTHORP		East Midlands
88468	ELMSTEAD WOODS	ESD	Kent
46404	ELMSWELL	ESW	Anglia
25308	ELSECAR	ELR	North & East
47335	ELSENHAM	ESM	Anglia
22002	ELSHAM		North & East
62197	ELSTOW		East Midlands
62204	ELSTOW (FLHH)		East Midlands
62199	ELSTOW REDLAND SDG		East Midlands
62196	ELSTOW REDLANDS GBRF		East Midlands
63212	ELSTREE & BOREHAMWOOD	ELS	East Midlands
88418	ELTHAM	ELW	Kent
44514	ELTON & ORSTON	ELO	East Midlands
07984	ELVANFOOT		Scotland
07991	ELVAN WATER VIADUCT		Scotland
42009	ELWORTH JN		North West
46273	ELY	ELY	Anglia
46275	ELY DOCK JN		Anglia
46271	ELY MLF PAPWORTH SIDINGS		Anglia
46272	ELY NORTH JN	XYE	Anglia
46291	ELY NORTH SIG CA776 (GPL)		Anglia
46290	ELY PAPWORTH SDGS GBRF		Anglia
46267	ELY PAPWORTH SIDINGS FLT		Anglia
46274	ELY RECP.		Anglia
46286	ELY SIG CA259		Anglia
46294	ELY SIGNAL CA253		Anglia
46292	ELY UP GOODS LOOP		Anglia
46270	ELY WEST JN		Anglia
72353	EMBANKMENT LONDON	ZEK	Private Railway
50391	EMERSON PARK	EMP	Anglia
86343	EMSWORTH	EMS	Sussex
43417	ENDON		West Coast South
78370	ENERGLYN & CHURCHILL PARK	ECP	TfW Cardiff Valleys
53301	ENFIELD CHASE	ENC	East Coast
51913	ENFIELD LOCK	ENL	Anglia
51946	ENFIELD TOWN	ENF	Anglia
51945	ENFIELD TOWN SIGNAL L531		Anglia
30140	ENGINEERS REC., BAMBER BDGE		North West
87581	ENGINE HOUSE BRIDGE JN		Kent
17149	ENGINE SHED JN.	XES	North & East
20001	ENGINE SHED JN GOOLE		North & East
18013	ENGLAND LANE LC		North & East
64230	ENGLISH BRIDGE JUNCTION		Wales
29175	ENTWISTLE	ENT	North West
38362	E PORT E		North West
38319	E PORT W		North West
38321	E PORT W		North West
38330	EPORTWREP		North West
87681	EPSOM	EPS	Wessex
87680	EPSOM (BALLAST)		Sussex
87692	EPSOM DOWNS	EPD	Sussex
87684	EPSOM SIG W1181		Wessex
87682	EPSOM - UP SIDINGS	XFK	Wessex
65606	ERDINGTON	ERD	Central
87764	ERIDGE	ERI	Sussex
88604	ERITH	ERH	Kent
88426	ERITH LOOP		Kent
84206	ERNESETTLE SDGS MOD (NAVY)		Western
84210	ERNSETTLE MOD GBRF		Western
03069	ERROL		Scotland
03068	ERROL C.E.		Scotland
86002	ESHER	ESH	Wessex
17039	ESHOLT JN		North & East
04709	ESKBANK	EKB	Scotland
11207	ESKMEALS		North West
45001	ESSENDINE		East Coast
00020	ESSEN HBF	ESS	High Speed
54295	ESSEX ROAD	EXR	East Coast
65515	ESSINGTON WOOD SDGS		Central
57416	ETCHES PARK LOCO SIDINGS		East Midlands
57412	ETCHES PARK SDGS	XEP	East Midlands
57417	ETCHES PARK SIGNAL EC5477		East Midlands
57415	ETCHES PARK STABLING SDGS		East Midlands
89394	ETCHINGHAM	ETC	Kent
43113	ETRURIA		West Coast South
43111	ETRURIA B.S.C.		West Coast South
89582	EUROTUNNEL BOUNDARY (CTRL)		High Speed
89701	EUROTUNNEL DEPOT HEADSHUNT		Kent
89702	EUROTUNNEL DIESEL SHED		Kent
72404	EUSTON BACKING OUT ROADS		West Coast South
72411	EUSTON BALLAST		West Coast South
72403	EUSTON DOWN CARR SHED NECK		West Coast South
72408	EUSTON H.S.		West Coast South
72402	EUSTON R.E.S.	XEN	West Coast South
72405	EUSTON SIG WM102		West Coast South
72407	EUSTON SIG WM104		West Coast South
72409	EUSTON SIG WM284		West Coast South
72397	EUSTON SIG WM286		West Coast South
72396	EUSTON SIG WM308		West Coast South
72395	EUSTON SIG WM310		West Coast South
72394	EUSTON SIG WM473		West Coast South
72393	EUSTON SIG WM488		West Coast South
72392	EUSTON SIG WM501		West Coast South
72391	EUSTON SIG WM510		West Coast South
72390	EUSTON SIG WM512		West Coast South
72389	EUSTON SIG WM610		West Coast South
72406	EUSTON UP CARRIAGE SHED	XEU	West Coast South
72400	EUST PKST		West Coast South
30163	EUXTON BALSHAW LANE	EBA	North West
30164	EUXTON JN	XOU	North West
01060	EVANTON		Scotland
82317	EVERSHOT		Wessex
67351	EVESHAM	EVE	Western
67352	EVESHAM S.B.		Western
67353	EVESHAM WEST JN		Western
87679	EWELL EAST	EWE	Sussex
87304	EWELL WEST	EWW	Wessex
88386	EWER STREET JN		Kent
83401	EXETER		Western
83513	EXETER ALPHINGTON ROAD		Western
83514	EXETER ALPHINGTON ROAD GBRF		Western
83431	EXETER CENTRAL	EXC	Western
83433	EXETER CENTRAL ISU (CE)		Western
83516	EXETER CITY BASIN		Western
83411	EXETER NEW YARD	XFL	Western
83412	EXETER OLD YD - WAGGONERSWAY		Western
83399	EXETER RIVERSIDE HANSON		Western
83400	EXETER RIVERSIDE N.Y.		Western
83408	EXETER RS		Western
83426	EXETER SIG 679		Western
83423	EXETER SIG 681		Western
83427	EXETER SIG 730		Western
83428	EXETER SIGNAL E675		Western
83421	EXETER ST DAVIDS	EXD	Western
83403	EXETER ST DAVIDS FP	XXF	Western
83425	EXETER ST DAVIDS GROUND SIG E677		Western
83422	EXETER ST DAVIDS SIG 664		Western
83519	EXETER ST DAVIDS SIG. E35		Western
83424	EXETER ST DAVIDS SIGNAL E335		Western
83517	EXETER ST THOMAS	EXT	Western
83405	EXETER TMD		Western
83404	EXETR SD CARR SDGS WESSEX		Western
07275	EXHIBITION CENTRE	EXG	Scotland
07276	EXHIBITION CENTRE DWN SDG		Scotland
83595	EXMINSTER		Western
83475	EXMOUTH	EXM	Western
83441	EXMOUTH JN		Western
83443	EXMOUTH JN CE WORKS		Western
83444	EXMOUTH JN ISU (CE)		Western
83477	EXMOUTH JN SIGNAL 20		Western
83472	EXTON	EXN	Western
89345	EYNSFORD	EYN	Kent
87233	FACTORY JN		Kent
31067	FAILSWORTH		NONE
64413	FAIRBOURNE	FRB	Wales
32056	FAIRFIELD	FRF	North West
08216	FAIRLIE	FRL	Scotland
08212	FAIRLIE BRITISH ENERGY		Scotland
08213	FAIRLIE M.O.D.		Scotland
78507	FAIRWATER	FRW	TfW Cardiff Valleys
83006	FAIRWATER YARD		Western
82118	FAIRWOOD JN		Western
88420	FALCONWOOD	FCN	Kent
05041	FALKIRK GRAHAMSTON	FKG	Scotland
05109	FALKIRK HIGH	FKK	Scotland
08601	FALKLAND DGL		Scotland
08603	FALKLAND FREIGHT TERMINAL		Scotland
08602	FALKLAND JN		Scotland
08600	FALKLAND S.S.	XFA	Scotland
08599	FALKLAND UP YARD REPAIR PT EWS		Scotland
06050	FALLS OF CRUACHAN	FOC	Scotland
88181	FALMER	FMR	Sussex
85521	FALMOUTH DOCKS	FAL	Western
85515	FALMOUTH TOWN	FMT	Western
85522	FALMTHDKS		Western
50307	FAMBRIDGE	NFA	Anglia
86241	FAREHAM	FRM	Wessex
86242	FAREHAM A.R.C. SIDINGS		Wessex
86244	FAREHAM HANSON AGGS (FLHH)		Wessex
86243	FAREHAM NORTH JN		Wessex
86237	FAREHAM SIG E821		Wessex
86240	FAREHAM SIG E822		Wessex
86238	FAREHAM SIG E825		Wessex
86239	FAREHAM SIGNAL E283		Wessex
86236	FAREHAM SIGNAL EH822		Wessex
30150	FARINGTON CURVE JN		North West
30151	FARINGTON JN		North West
86334	FARLINGTON JN		Wessex
86043	FARNBOROUGH COUNTRY END		Wessex
86048	FARNBOROUGH LONDON END		Wessex
86042	FARNBOROUGH (MAIN)	FNB	Wessex
87010	FARNBOROUGH NORTH	FNN	Wessex
86020	FARNBOROUGH SIG BE5100		Wessex
87055	FARNCOMBE	FNC	Wessex
87026	FARNHAM	FNH	Wessex
87020	FARNHAM 1383		Wessex
87028	FARNHAM C.S.D.	XFM	Wessex
87032	FARNHAM DEPOT RECEPTION ROAD		Wessex
87029	FARNHAM EMU SIDINGS	XFN	Wessex
87017	FARNHAM SIG FN30		Wessex
87027	FARNHAM SIGNAL FN3		Wessex
87035	FARNHAM SIGNAL WK438		Wessex
87036	FARNHAM SIGNAL WK445		Wessex
88480	FARNINGHAM ROAD	FNR	Kent
31569	FARNWORTH	FNW	North West
63633	FARRINGDON	ZFD	Kent
63636	FARRINGDON CROSSRAIL	FDX	Private Railway
04086	FAULDHOUSE	FLD	Scotland
89501	FAVERSHAM	FAV	Kent
89506	FAVERSHAM BACK ROAD		Kent
89504	FAVERSHAM DOWN RECEPTION		Kent
89503	FAVERSHAM DOWN SDG NO1		Kent
89509	FAVERSHAM EK4327		Kent
89507	FAVERSHAM SHUNT SIG 34		Kent
89499	FAVERSHAM SHUNT SIGNAL 21		Kent
89508	FAVERSHAM SHUNT SIGNAL 35		Kent
89518	FAVERSHAM SIG EK4352		Kent
89523	FAVERSHAM SIG EK5062		Kent
89522	FAVERSHAM SIGNAL EK5060		Kent
89502	FAVERSHAM UP SIDINGS		Kent
89538	FAWKHAM JN NR/CTRL BNDRY	XJN	High Speed
88499	FAWKHAM JUNCTION	XWK	Kent
86815	FAWLEY		Wessex
86812	FAWLEY ESSO		Wessex
86816	FAWLEY ESSO FHH		Wessex
86807	FAWLEY GROUND FRAME		Wessex
86811	FAWLEYHDY		Wessex
86814	FAWLEYLPG		Wessex
86813	FAWLYAGWI		Wessex
87935	FAYGATE	FGT	Sussex
36052	FAZAKERLEY	FAZ	North West
01047	FEARN	FRN	Scotland
01048	FEARN SIDINGS ISU (CE)		Scotland
18031	FEATHERSTONE	FEA	North & East
79106	FELIN FRAN		Wales
49141	FELIXGBRP		Anglia
49135	FELIXNFLT		Anglia
49130	FELIXSFLT		Anglia
49137	FELIXSTOWE	FLX	Anglia
49131	FELIXSTOWE BEACH		Anglia
48128	FELIXSTOWE BEACH JN		Anglia
49150	FELIXSTOWE CENTRAL DBS		Anglia
49152	FELIXSTOWE CENTRAL FLINER		Anglia
49149	FELIXSTOWE CENTRAL GBRF		Anglia
49133	FELIXSTOWE CREEK R.S		Anglia
49134	FELIXSTOWE CREEK SDGS EWS		Anglia
49156	FELIXSTOWE CRIPPLE SDGS		Anglia
49140	FELIXSTOWE NORTH EWS		Anglia
49136	FELIXSTOWE NORTH F.L.T.		Anglia
49139	FELIXSTOWE NORTH GBRF		Anglia
49148	FELIXSTOWE OYSTERBED ROADS		Anglia
49126	FELIXSTOWE SIG CO634		Anglia
49122	FELIXSTOWE SIG NQ2		Anglia
49123	FELIXSTOWE SIG NQ4		Anglia
49132	FELIXSTOWE SOUTH EWS		Anglia
49129	FELIXSTOWE SOUTH GBRF		Anglia
49128	FELIXSTOWE SOUTH RT (FL)		Anglia
13150	FELLGATE	FEG	East Coast
87121	FELTHAM	FEL	Wessex
87044	FELTHAM ARRIVAL RD COUNTRY END		Wessex
87042	FELTHAM ARRIVAL RD LONDON END		Wessex
87033	FELTHAM DEPOT		Wessex
87120	FELTHAM GRID SIDING		Wessex
87122	FELTHAM JN		Wessex
87182	FELTHAM SIGNAL E453		Wessex
49127	FELXSTWE STH DOCKS RP GBRF		Anglia
49147	FELXSTWE STH DOCKS RP GBRF		Anglia
47008	FEN DRAYTON		Anglia
83458	FENITON	FNT	Wessex
69414	FENNY COMPTON	XFC	Central
69412	FENNY COMPTON CE SDGS		Central
69402	FENNY COMPTON DN GOODS LP		Central
69413	FENNY COMPTON EXCHNGE SDGS		Central
69411	FENNY COMPTON M.O.D.		Central
69415	FENNY COMPTON SIG OL7150		Central
69404	FENNY COMPTON SOUTH JN		Central
62057	FENNY STRATFORD	FEN	West Coast South
54220	FERME PARK AGG IND (FHH)		East Coast
54211	FERME PARK DIESEL SDGS		East Coast
54216	FERME PARK LONDON CONC GBRF		East Coast
54215	FERME PARK LONDON CONCRETE		East Coast
54213	FERME PARK REC LN GBRF		East Coast
54209	FERME PARK RECP.	XFD	East Coast
54219	FERME PARK SHUNT SPUR		East Coast
54214	FERME PK RP RD12		East Coast
78129	FERNHILL	FER	TfW Cardiff Valleys
19199	FERRIBY	FRY	North & East
19203	FERRIBYME		North & East
19200	FERRIBY SIGNAL 747		North & East
19201	FERRIBY SIGNAL 752		North & East
16709	FERRYBRIDGE C PWR STN FLHH		North & East
16708	FERRYBRIDGE 'C' PWR STN (GBRF)		North & East
16711	FERRYBRIDGE H.S.		North & East
16710	FERRYBRIDGE NORTH JN		North & East
16714	FERRYBRIDGE NP LOCO DEPOT		North & East
16713	FERRYBRIDGE NP REPAIR DP		North & East
16712	FERRYBRIDGE POWER STATION		North & East
16707	FERRYBRIDGE PS GYPSUM GBRF		North & East
16715	FERRYBRIDGE SIG 624		North & East
15120	FERRYHILL STH. JN.		East Coast
15114	FERRYHILL T.C. OLD YARD		East Coast
15110	FERRYHILL TC OLD YARD GBRF		East Coast
15113	FERRYHILL THOMPSON		East Coast
15115	FERRYHILL YARD MARCROFT		East Coast
80407	FERRYSIDE	FYS	Wales
79073	FFAIRFACH	FFA	Wales
35604	FIDDLERS FERRY PS (FGD) (GBRF)		North West
35600	FIDDLERS FERRY P STN FLHH		North West
35602	FIDLERS FERRY POWER STN		North West
35603	FIDLERS FERRY S.B.		North West
35601	FIDLERSFY		North West
69305	FIELD SIDINGS		Central
76121	FIFOOTS PNT PWR STN FLINER		Wales
19002	FILEY	FIL	North & East
81305	FILTON ABBEY WOOD	FIT	Western
81300	FILTON JN		Western
81124	FILTON JN SIGNAL BL1569		Western
81125	FILTON SIG BL2052		Western
81301	FILTON SIG DF06		Western
81302	FILTON WEST JN		Western
81303	FILTON WEST SIG 645		Western
72417	FINCHLEY ROAD & FROGNAL	FNY	Anglia
66042	FINE LANE L.C.		Central
06362	FINNIESTON EAST JN		Scotland
06361	FINNIESTON WEST JN		Scotland
23501	FINNINGLEY	FGY	East Coast
54238	FINSBURY PARK	FPK	East Coast
54239	FINSBURY PARK SIG 407		East Coast
54237	FINSBURY PARK SIG K380		East Coast
54236	FINSBURY PARK SIG K381		East Coast
54240	FINSBURY PARK SIG K392		East Coast
54241	FINSBURY PARK SIG K68		East Coast
54243	FINSBURY PARK SIGNAL K53		East Coast
54242	FINSBURY PARK SIGNAL K60		East Coast
74453	FINSTOCK	FIN	Western
00340	FIORENZLA		High Speed
26415	FIRBECK JN		North & East
44222	FIRSBY		East Midlands
86383	FISHBOURNE (SUSSEX)	FSB	Sussex
87987	FISHERSGATE	FSG	Sussex
73115	FISHER ST EAST		Private Railway
73114	FISHER ST WEST		Private Railway
80013	FISHGUARD & GOODWICK	FGW	Wales
80011	FISHGUARD HARBOUR	FGH	Wales
80012	FISHGUARD HARBOUR (ADVENZA)		Wales
80010	FISHGUARD HARBOUR SIDING	XFH	Wales
55507	FISKERTON	FSK	East Midlands
25812	FITZALAN SQUARE	FIZ	North & East
18071	FITZWILLIAM	FZW	North & East
66500	FIVE WAYS	FWY	Central
76453	FIVE WHISTLE SIDING		Wales
81901	FLAX BOURTON		Western
86045	FLEET	FLE	Wessex
45144	FLETTON JN.		East Coast
10026	FLIMBY	FLM	North West
40125	FLINT	FLN	Wales
40126	FLINT JN		Wales
62201	FLITWICK	FLT	East Midlands
62202	FLITWICK JN		East Midlands
22051	FLIXBORO WHARF FABOR PREST		North & East
33096	FLIXTON	FLI	North West
66404	FL LAWLEY STREET MAINTENANCE SIDING		Central
48995	FLORDON LEVEL XING		Anglia
09099	FLORISTON		North West
32222	FLOWERY FIELD	FLF	North West
51022	FOBBING CROSSING		Anglia
01069	FODDERTY I.B.		Scotland
29156	FOGARTY P & G METALS		North West
89727	FOLKESTONE CENTRAL	FKC	Kent
89723	FOLKESTONE EAST	FKE	Kent
89724	FOLKESTONE EAST SIG YE18		Kent
89725	FOLKESTONE EAST TRAIN ROAD		Kent
89711	FOLKESTONE HARBOUR	FKH	Kent
89731	FOLKESTONE WEST	FKW	Kent
36511	FOLLY LANE I.C.I. SDGS		North West
00762	FORBACH	FOB	High Speed
86461	FORD	FOD	Sussex
62039	FORDERSRS		West Coast South
62037	FORDERSSD		West Coast South
62042	FORDERS SDGS		West Coast South
62038	FORDERS SDGS F/L HEAVY HL		West Coast South
62034	FORDERS SDGS (GBRF)		West Coast South
62048	FORDERS SDG SIG MV250		West Coast South
62041	FORDERS SIGNAL BOX/LOOP		West Coast South
62045	FORDERSST		West Coast South
62046	FORDERS STEWARTBY REP PT N013		West Coast South
00228	FORD FACTORIA SPAIN		High Speed
46278	FORDHAM		Anglia
86465	FORD JUNCTION		Sussex
02121	FORDOUN		Scotland
36331	FORDS SDGS HALEWOOD		North West
50435	FOREST GATE	FOG	Anglia
50434	FOREST GATE JN		Anglia
87627	FOREST HILL	FOH	Sussex
36064	FORMBY	FBY	North West
36073	FORMBY SIGNAL 97		North West
36175	FORMER EDGE HILL SB		North West
01127	FORRES	FOR	Scotland
01128	FORRES LOOP		Scotland
01012	FORSINARD	FRS	Scotland
01014	FORSINARD C.E.		Scotland
03150	FORTEVIOT L.C.		Scotland
12927	FORTH BANKS LINE		East Coast
07012	FORT MATILDA	FTM	Scotland
06025	FORT WILLIAM	FTW	Scotland
06016	FORT WILLIAM C.E.		Scotland
06022	FORT WILLIAM DCC ENERGY		Scotland
06019	FORT WILLIAM JN		Scotland
06021	FORT WILLIAM JN FLT		Scotland
06064	FORT WILLIAM JN T.C GBRF		Scotland
06020	FORT WILLIAM J.YD T.C.		Scotland
06023	FORT WILLIAM RIO TINTO ALCAN		Scotland
06017	FORT WILLIAM R T ALCAN FLT DUP		Scotland
06044	FORT WILLIAM R T ALCAN GBRF		Scotland
06045	FORT WILLIAM SIG 33		Scotland
06024	FORT WILLIAM STATION SDGS		Scotland
06015	FORT WILLIAM TIMBER LOAD		Scotland
69400	FOSSE ROAD (LEAMINGTON)		Central
05048	FOULDUBS JN		Scotland
36399	FOUNDRY L		North West
36397	FOUNDRY LANE DITTON (VWL)		North West
36396	FOUNDRY LANE MAINT PT (VWL)		North West
65002	FOUR ASHES LOOP		Central
65601	FOUR OAKS	FOK	Central
13314	FOURSTONES		North & East
85106	FOWEYDKRP		Western
85105	FOWEY DOCK CARNE POINT		Western
11221	FOXFIELD	FOX	North West
74315	FOXHALL JN	XJF	Western
74302	FOXHALL SIGNAL 924		Western
27209	FOXLOW JN		North & East
47242	FOXTON	FXN	Anglia
47243	FOXTON DCR		Anglia
47241	FOXTON EXCHANGE SDGS*		Anglia
47245	FOXTON EXHANGE SDGS GBRF		Anglia
47240	FOXTON FHH		Anglia
00041	FRANKFURT (MAIN) HBF	FRA	High Speed
89389	FRANT	FRT	Kent
86321	FRATTON	FTN	Wessex
86323	FRATTON C.S.D.	XFR	Wessex
86327	FRATTON DEPOT F.P.		Wessex
86328	FRATTON EAST		Wessex
86318	FRATTON SIG 460		Wessex
86317	FRATTON SIG 553		Wessex
86319	FRATTON SIG.PW139		Wessex
86320	FRATTON S.S.		Wessex
86322	FRATTON STAFF HALT		Wessex
12235	FREEMANS L.C.		North & East
00703	FRENCH TUNNEL CROSSOVER		High Speed
00705	FRENCH TUNNEL PORTAL		High Speed
36063	FRESHFIELD	FRE	North West
82071	FRESHFORD	FFD	Western
00721	FRETHUN		Kent
00722	FRETHUN		Kent
00723	FRETHUN		Kent
00724	FRETHUN		Kent
00725	FRETHUN		Kent
00726	FRETHUN		Kent
89652	FRETHUN		High Speed
00718	FRETHUN (COLAS)		Kent
00720	FRETHUN (EURPORTE2)		Kent
00712	FRETHUN (GBRF)		High Speed
73230	FRIARS JN		Western
87097	FRIMLEY	FML	Wessex
87093	FRIMLEY JN		Wessex
50014	FRINTON-ON-SEA	FRI	Anglia
59127	FRISBY		East Midlands
74610	FRITWELL AND SOMERTON		Western
17021	FRIZINGHALL	FZH	North & East
00039	FRKGRESHM		High Speed
22045	FRODINGHAM JUNCTION		North & East
35703	FRODSHAM	FRD	North West
35702	FRODSHAM JN		North West
82204	FROME	FRO	Western
82205	FROME NETWORK RAIL DN SDG		Western
82206	FROME NORTH		Western
64308	FRON L.C.		Wales
06018	FT.WILLIAM SIDINGS FLT		Scotland
47009	FULBOURNE		Anglia
87160	FULWELL	FLW	Wessex
87165	FULWELL JN		Wessex
87268	FULWELL SIG F411		Wessex
87183	FULWELL SIG F417		Wessex
86939	FULWELL SIGNAL BEF2513		Wessex
32545	FURNESS VALE	FNV	North West
86967	FURZEBROOK OIL SIDINGS		Wessex
74012	FURZE PLATT	FZP	Western
04706	FUSHIEBRIDGE JN		Scotland
83008	FWATR PAD		Western
76420	GAER JN		Wales
40028	GAERWEN		Wales
40029	GAERWENJN		Wales
26103	GAINSBORO' LEA RD MELROSE		North & East
26008	GAINSBOROUGH CENTRAL	GNB	North & East
26107	GAINSBOROUGH CENTRAL GC26		North & East
26106	GAINSBOROUGH CENTRAL GC4		North & East
26105	GAINSBOROUGH CENTRAL GC6		North & East
26104	GAINSBOROUGH LEA ROAD	GBL	North & East
26109	GAINSBOROUGH SIGNAL LG7994		East Midlands
26108	GAINSBOROUGH TRENT JNS		North & East
26101	GAINSBRO LEA ROAD CHAFERS		North & East
04704	GALABANK JN		Scotland
04715	GALASHIELS	GAL	Scotland
03105	GALGUSIE		Scotland
65823	GALTON JN	XGJ	Central
23495	GAMSTON		East Coast
29048	GANNOW JN		North West
06105	GARELOCHHEAD	GCH	Scotland
06106	GARELOCHHEAD C.E.		Scotland
06118	GARELOCHHEAD GF		Scotland
00751	GARE PICARDE		High Speed
16604	GARFORTH	GRF	North & East
09529	GARGRAVE	GGV	North & East
07306	GARNQUEEN NORTH JN		Scotland
06710	GARROWHILL	GAR	Scotland
06350	GARSCADDEN	GRS	Scotland
09440	GARSDALE	GSD	North West
09441	GARSDALE URS (CE)		North West
11727	GARSTANG & CATTERAL		North West
36321	GARSTN DN		North West
36310	GARSTNFLT		North West
36312	GARSTN UP		North West
36323	GARSTON AUTO COMPOUND(FLR)		North West
36322	GARSTON CAR TERMINAL GBRF		North West
36313	GARSTON CHURCH ROAD		North West
36311	GARSTON F.L.T.		North West
36319	GARSTON GROUND FRAME		North West
71038	GARSTON (HERTFORDSHIRE)	GSN	West Coast South
36308	GARSTON JN		North West
36089	GARSTON (MERSDE)CLOSED	GRM	North West
36309	GARSTON (MERSEYSIDE) (FHH)		North West
36324	GARSTONRP		North West
36320	GARSTON(SPEKE) T.C.		North West
35395	GARSWOOD	GSW	North West
06502	GARTCOSH	GRH	Scotland
07305	GARTCOSH JN		Scotland
79824	GARTH (MID GLAMORGAN)	GMG	Wales
79084	GARTH (POWYS)	GTH	Wales
02023	GARTLY		Scotland
07307	GARTSHERRIE SOUTH JN		Scotland
06455	GARTSHORE		Scotland
06458	GARTSHORE D.P.L		Scotland
06456	GARTSHORE U.P.L		Scotland
01083	GARVE	GVE	Scotland
01084	GARVE C.E.		Scotland
16509	GASCOIGNE WOOD BARDON AGG.		North & East
16513	GASCOIGNE WOOD DOWN (FHH)		North & East
16512	GASCOIGNE WOOD DOWN LOOP		East Coast
16508	GASCOIGNE WOOD DOWN SDGS		North & East
16591	GASCOIGNE WOOD JN.		North & East
16529	GASCOIGNE WOOD SDGS GBRF		North & East
16507	GASCOIGNE WOOD SIG 5926		North & East
16510	GASCOIGNE WOOD UP (FHH)		North & East
16511	GASCOIGNE WOOD UP SDGS		North & East
52703	GAS FACTORY JN		Anglia
52704	GAS FACTORY LOOP		Anglia
56628	GATEWAY WEST JUNCTION		East Midlands
35102	GATHURST	GST	North West
32526	GATLEY	GTY	North West
87911	GATWICK AIRPORT	GTW	Sussex
87894	GATWICK AIRPORT CARR SDG2		Sussex
87893	GATWICK AIRPORT CARR SDG3		Sussex
87910	GATWICK AIRPORT C.H.S.	XGT	Sussex
87912	GATWICK AIRPORT SIG. T1161		Sussex
87925	GATWICK AIRPORT SIG. T1165		Sussex
87914	GATWICK AIRPORT SIG T1168		Sussex
87896	GATWICK AIRPORT SIG. T237		Sussex
87913	GATWICK UP SIDING NORTH		Sussex
60020	GEDDINGTON		East Midlands
55601	GEDLING COLLIERY		East Midlands
00868	GENK		High Speed
79049	GENWEN JN		Wales
01008	GEORGEMAS JUNCTION	GGJ	Scotland
01007	GEORGEMAS JUNCTION C.E.		Scotland
01002	GEORGMASJ		Scotland
35404	GERARDS BRIDGE JCN		North West
73499	GERRARDS CROSS	GER	Central
73500	GERRARDS CROSS SIDING		Central
00772	GEVREY		High Speed
05029	GHILL 414		Scotland
69308	GIBBET HILL JUNCTION		Central
50334	GIDEA PARK	GDP	Anglia
50336	GIDEA PARK C.H.S.		Anglia
50340	GIDEA PARK COUNTRY END SPUR		Anglia
50339	GIDEA PARK JN		Anglia
50337	GIDEA PARK MIDDLE SIDING		Anglia
50335	GIDEA PARK RAILSTORE		Anglia
50341	GIDEA PARK SIG L5125		Anglia
07233	GIFFNOCK	GFN	Scotland
11567	GIGGLESWICK	GIG	North West
19215	GILBERDYKE	GBD	North & East
19216	GILBERDYKE SIGNAL 1901		North & East
78353	GILFACH FARGOED	GFF	TfW Cardiff Valleys
82332	GILLINGHAM (DORSET)	GIL	Wessex
82333	GILLINGHAM (DORSET) CE		Wessex
82329	GILLINGHAM (DORSET) SIDINGS		Wessex
82336	GILLINGHAM (DORSET) SIG 23		Wessex
89013	GILLINGHAM DOWN SIDINGS		Kent
89016	GILLINGHAM E.M.U.D.	XGI	Kent
89012	GILLINGHAM EWS SIDINGS		Kent
89011	GILLINGHAM (KENT)	GLM	Kent
89017	GILLINGHAM (KENT) SIG 26		Kent
89010	GILLINGHAM RECEPTION ROAD		Kent
82337	GILLINGHAM SIGNAL NO.4680		Wessex
82340	GILLINGHAM SIGNAL NO.4680		Wessex
06239	GILSHOCHILL	GSC	Scotland
87624	GIPSY HILL	GIP	Sussex
08646	GIRVAN	GIR	Scotland
08644	GIRVAN C.E.		Scotland
08638	GIRVAN SIGNAL GV26		Scotland
29130	GISBURN TUNNEL		North West
15518	GLAISDALE	GLS	North & East
40055	GLAN CONWY	GCW	Wales
64601	GLANDYFI		Wales
07270	GLASGOW BRIDGETON YARD C&W		Scotland
07257	GLASGOW CENTRAL	GLC	Scotland
07316	GLASGOW CENTRAL GANTRY A		Scotland
07255	GLASGOW CENTRAL LOW LEVEL	GCL	Scotland
07250	GLASGOW CENTRAL NO. 1 SDG		Scotland
07256	GLASGOW CENTRAL NO. 2 SDG		Scotland
07252	GLASGOW CENTRAL NO 3 SDG		Scotland
07251	GLASGOW CENTRAL NO 4 SDG		Scotland
07254	GLASGOW CENTRAL NO 5 SDG		Scotland
06365	GLASGOW CHARING CROSS	CHC	Scotland
06401	GLASGOW QUEEN STREET	GLQ	Scotland
06399	GLASGOW QUEEN STREET LL	GQL	Scotland
06506	GLASGOW WORKS		Scotland
17302	GLASSHOUGHTON	GLH	North & East
36719	GLAZEBROOK	GLZ	North West
36724	GLAZEBROOK B.T.P.		North West
36720	GLAZEBROOK EAST JN & SDGS		North West
01086	GLENCARRON		Scotland
59423	GLENDON		East Midlands
06104	GLEN DOUGLAS		Scotland
06103	GLEN DOUGLAS M.O.D.		Scotland
06117	GLEN DOUGLAS MOD GBRF		Scotland
03153	GLENEAGLES	GLE	Scotland
06062	GLEN FALLOCH		Scotland
06008	GLENFINNAN	GLF	Scotland
06007	GLENFINNAN C.E.		Scotland
08001	GLENGARNOCK	GLG	Scotland
08002	GLENGARNOCK C.E.		Scotland
08003	GLENGARNOCK SIG PG183		Scotland
08005	GLENGARNOCK UGL		Scotland
59287	GLEN PARVA JN		East Midlands
03235	GLENROTHES ET867		Scotland
03241	GLENROTHES WITH THORNTON	GLT	Scotland
08652	GLENWHILLY		Scotland
08647	GLENWHILLY C.E.		Scotland
45127	GLINTON JUNCTION		East Coast
68086	GLOSARMRD		Western
68092	GLOS NWYD		Western
68091	GLOSNW YD		Western
32250	GLOSSOP	GLO	North West
68089	GLOUCESTER	GCR	Western
68085	GLOUCESTER CARRIAGE SDGS		Western
68088	GLOUCESTER GROUND SIG 444		Western
68093	GLOUCESTER GROUND SIG 446		Western
68090	GLOUCESTER GROUND SIG 454		Western
68105	GLOUCESTER HORTON ROAD		Western
68101	GLOUCESTER L.I.P.		Western
68102	GLOUCESTER LOCO SPUR		Western
68100	GLOUCESTER N.Y.		Western
68106	GLOUCESTER N.Y. GBRF		Western
68104	GLOUCESTER OLD YARD		Western
68081	GLOUCESTER OVER JN		Western
87648	GLOUCESTER ROAD JUNCTION	XGU	Sussex
68112	GLOUCESTER SIG. G31		Western
68084	GLOUCESTER SIG. G339		Western
68129	GLOUCESTER SIG. G356		Western
68113	GLOUCESTER SIG G419		Western
68087	GLOUCESTER SIGNAL 423		Western
68130	GLOUCESTER YARD JN		Western
88242	GLYNDE	GLY	Sussex
05099	GMOUTHFD		Scotland
05101	GMTH FDRS		Scotland
15529	GOATHLAND	XGZ	Private Railway
64111	GOBOWEN	GOB	Wales
64112	GOBOWEN CAMBRIAN RAILWAYS		Wales
64114	GOBOWEN GROUND SIG GN6		Wales
64113	GOBOWEN RUN ROUND/CE SDGS		Wales
87057	GODALMING	GOD	Wessex
32226	GODLEY	GDL	North West
32228	GODLEY EAST	GDE	North West
87734	GODSTONE	GDN	Kent
87733	GODSTONE TIP		Kent
35204	GOLBORNE JN		North West
24004	GOLDTHORPE	GOE	North & East
03032	GOLF STREET	GOF	Scotland
01122	GOLLANFIELD		Scotland
01024	GOLSPIE	GOL	Scotland
87083	GOMSHALL	GOM	Wessex
00753	GONESSE		High Speed
50412	GOODMAYES	GMY	Anglia
83634	GOODRINGTON C.H.S	XFO	Western
83636	GOODRINGTON SANDS	GUD	Western
83633	GOODRTNYD		Western
20002	GOOLE	GOO	North & East
20005	GOOLE		North & East
20000	GOOLE DOCKS		North & East
20008	GOOLE GLASSWORKS		North & East
20009	GOOLE GLASSWORKS GBRF		North & East
20003	GOOLE T.C.		North & East
20004	GOOLE UP GOODS LOOP		North & East
20006	GOOLE UP STATION SDG		North & East
85229	GOONBARROW JN		Western
85228	GOONBARROW JUNCTION EWS		Western
85227	GOONBRWJN		Western
42002	GOOSTREY	GTR	North West
53248	GORDON HILL	GDH	East Coast
53249	GORDON HILL SIGNAL 201		East Coast
04710	GOREBRIDGE	GBG	Scotland
04226	GORGIE BRANCH SIG EH530		Scotland
04701	GORGIE JN		Scotland
87997	GORING-BY-SEA	GBS	Sussex
74291	GORING & STREATLEY	GOR	Western
06042	GORTON		Scotland
32055	GORTON	GTO	North West
06036	GORTON (TAYSIDE)		Scotland
46005	GOSBERTON S.B.		East Midlands
72419	GOSPEL OAK	GPO	Anglia
72432	GOSPEL OAK SIGNAL 1304		Anglia
72424	GOSPEL OAK SIGNAL GO500		Anglia
72428	GOSPEL OAK SIG NL1000		Anglia
72430	GOSPEL OAK SIG NL1306		Anglia
07011	GOUROCK STATION	GRK	Scotland
07204	GOWER STREET JN		Scotland
79325	GOWERTON	GWN	Wales
21006	GOXHILL	GOX	North & East
88746	GRAIN		Kent
88744	GRAIN BP		Kent
88747	GRAIN FOSTER YEOMAN		Kent
88751	GRAIN FOSTER YEOMAN - FHH		Kent
88753	GRAIN FOSTER YEOMAN GBRF		Kent
88757	GRAIN LEVEL CROSSING		Kent
88756	GRAIN OIL TERMINAL (FLHH)		Kent
88758	GRAIN OIL TERMINAL GBRF		Kent
88743	GRAIN (OLD STATION)		Kent
88749	GRAIN THAMESPORT BULK		Kent
88745	GRAIN THAMESPORT (EWS)		Kent
88748	GRAIN THAMESPORT FLT		Kent
88752	GRAIN THAMESPORT (GBRF)		Kent
88750	GRAINTPTS		Kent
85430	GRAMPNDRD		Western
65627	GRAND JN		Central
02019	GRANGE		Scotland
68116	GRANGE COURT LOOP		Western
43115	GRANGE JN		West Coast South
43114	GRANGE JN.		West Coast South
05091	GRANGEMOUTH	GGM	Scotland
05085	GRANGEMOUTH COLAS RAIL		Scotland
05081	GRANGEMOUTH DOCKS F.P.A.		Scotland
05082	GRANGEMOUTH FLT		Scotland
05083	GRANGEMOUTH FPA (DRS)		Scotland
05071	GRANGEMOUTH IN (CHEMICALS)		Scotland
05076	GRANGEMOUTH IN HOLDING SDG		Scotland
05075	GRANGEMOUTH INNOVENE (OIL)		Scotland
05042	GRANGEMOUTH JN	XGM	Scotland
05044	GRANGEMOUTH JN SIG 290		Scotland
05043	GRANGEMOUTH JN SIG 292		Scotland
05046	GRANGEMOUTH JN SIGAN GH12		Scotland
05045	GRANGEMOUTH JN SIGNAL GH10		Scotland
05079	GRANGEMOUTH OIL COLAS		Scotland
05072	GRANGEMOUTH ORCHARDHALL		Scotland
05051	GRANGEMOUTH RIO TINTO ALCAN		Scotland
05077	GRANGEMOUTH TDG (EWS)		Scotland
05073	GRANGEMOUTH TDG MAIN TERM		Scotland
05078	GRANGEMOUTH TDG SDG (DRS)		Scotland
05074	GRANGEMOUTH TDG STORAGE SS		Scotland
05100	GRANGEMOUTH WH MALCOLM		Scotland
11401	GRANGE-OVER-SANDS	GOS	North West
11402	GRANGE-OVER-SANDS SIG 4		North West
53303	GRANGE PARK	GPK	East Coast
78705	GRANGETOWN	GTN	Wales
15636	GRANGETOWN (CLEVELAND)		North & East
15637	GRANGETOWN JUNCTION		North & East
44421	GRANTHAM	GRA	East Coast
44419	GRANTHAM FREIGHT DEPOT		East Coast
44422	GRANTHAM ISU		East Coast
44424	GRANTHAM NORTH JN		East Coast
44427	GRANTHAM SUB SIGNAL 1281		East Coast
44423	GRANTHAM SUB SIGNAL 1283		East Coast
44426	GRANTHAM UP SDGS		East Coast
04834	GRANTSHOUSE		Scotland
04833	GRANTSHOUSE C.E.		Scotland
04849	GRANTSHOUSE D.P.L.		Scotland
04851	GRANTSHOUSE U.P.L.		Scotland
86077	GRATELEY	GRT	Wessex
65608	GRAVELLY HILL	GVH	Central
88721	GRAVESEND	GRV	Kent
88719	GRAVESEND SIG NK1601		Kent
88720	GRAVESEND SIG NK1604		Kent
09335	GRAYRIGG		North West
51311	GRAYS	GRY	Anglia
15506	GREAT AYTON	GTA	North & East
50026	GREAT BENTLEY	GRB	Anglia
42313	GREAT BRIDGEFORD		West Coast South
47311	GREAT CHESTERFORD	GRC	Anglia
47312	GREAT CHESTERFORD UGL		Anglia
21033	GREAT COATES	GCT	North & East
21034	GREAT COATES NO1 JN.		North & East
45009	GREATFORD SIGNAL P552		East Coast
59336	GREAT GLEN		East Midlands
14261	GREATHAM		North & East
67214	GREAT MALVERN	GMV	Central
70360	GREAT MISSENDEN	GMN	Central
70357	GREAT MISSENDEN SIG:ME769		Central
34107	GREAT ROCKS DOGS HOME FLHH		North West
34108	GREAT ROCKS DOGS HOME HS		North West
34109	GREAT ROCKS JN		North West
48053	GREAT YARMOUTH	GYM	Anglia
37073	GREENBANK	GBK	North West
37074	GREENBANK SIGNAL GK9		North West
08828	GREENBURN (FLHH) KIER MINING		Scotland
08832	GREENBURN GBRF		Scotland
08833	GREENBURN JN		Scotland
08830	GREENBURN KEIR MINING		Scotland
07303	GREENFAULDS	GRL	Scotland
32107	GREENFIELD	GNF	North West
07304	GREENFOOT G.L.		Scotland
73415	GREENFORD	GFD	Western
73309	GREENFORD EAST JN		Western
73412	GREENFORD SOUTH JN		Western
73411	GREENFORD WEST JN.		Western
05031	GREENHILL BRANCH DOWN LOOP		Scotland
05027	GREENHILL JN SIG GJ 360		Scotland
05022	GREENHILL LOWER JN		Scotland
05026	GREENHILL SIG GJ347		Scotland
05030	GREENHILL SIGNAL GJ428		Scotland
05020	GREENHILL UPPER C.E.		Scotland
05023	`GREENHILL UPPER DGL		Scotland
05021	GREENHILL UPPER JN		Scotland
05024	GREENHILL UPPER JN		Scotland
88699	GREENHITHE FOR BLUEWATER	GNH	Kent
87767	GREENHURST JN		Sussex
38202	GREEN LANE	GNL	North West
14009	GREEN LANE JN (PTA BOUNDARY)		East Coast
03156	GREENLOANING		Scotland
03157	GREENLOANING REFUGE SDGS		Scotland
07015	GREENOCK CENTRAL	GKC	Scotland
07021	GREENOCK CENTRAL C.E.		Scotland
07025	GREENOCK C.P.A.		Scotland
07014	GREENOCK UNITED MOLASSES		Scotland
07013	GREENOCK WEST	GKW	Scotland
11215	GREEN ROAD	GNR	North West
13242	GREENSFIELD JN.		East Coast
88433	GREENWICH	GNW	Kent
18446	GREETLAND B.P. OIL		North & East
18447	GREETLAND JN		North & East
18457	GREETLAND JN SIGNAL DH308		North & East
18456	GREETLAND JUNCTION SIGNAL DH307		North & East
00098	GREMBERG		High Speed
00099	GREMBURG (ITALIAN WAGONS)		High Speed
57806	GRESLEY		East Midlands
42162	GRESTY BRIDGE SIDINGS (DRS)		North West
42176	GRESTY GREEN EAST JN		North West
42170	GRESTY GREEN THROUGH SDG		North West
42177	GRESTY GREEN WEST JN		North West
42175	GRESTYGRN		North West
42169	GRESTY LANE SIG. GL37		North West
42185	GRESTY LANE SIG GL9023		North West
42184	GRESTY LANE SIG GL9042		North West
42161	GRESTY LANE WESTERN SDGS 1		North West
42164	GRESTY RD		North West
42167	GRESTY RD		North West
09085	GRETNA GREEN	GEA	North West
09095	GRETNA JN	XGS	North West
09093	GRETNA JN SIGNAL CE525		North West
09094	GRETNA JN SIGNAL CE526		North West
60008	GRETTON		East Midlands
21121	GRIMSBY BRICKPIT SDG		North & East
21134	GRIMSBY DOCKS	GMD	North & East
21103	GRIMSBY MARSH JN		North & East
21132	GRIMSBY PASTURE ST SIG 981		North & East
21105	GRIMSBY PYEWIPE ROAD S.B.		North & East
21133	GRIMSBY SIGNAL P1000		North & East
21122	GRIMSBY TOWN	GMB	North & East
21108	GRIMSBY WEST MARSH RFS ENG		North & East
21119	GRIMSBY WEST MARSH T.C.		North & East
34021	GRINDLEFD		North West
34022	GRINDLEFORD	GRN	North West
34024	GRINDLEFORD DOWN SIDING		North West
34023	GRINDLEFORD SIG G11		North West
19001	GRISTHORPE		North & East
15522	GROSMONT	GMT	North & East
15521	GROSMONT NORTH YORKS MOORS		Private Railway
87204	GROSVENOR BRIDGE JN		Sussex
87198	GROSVR CS		Sussex
88481	GROVE PARK	GRP	Kent
88443	GROVE PARK C.S.D.	XGP	Kent
88503	GROVE PARK DEPOT CTRY END EXT		Kent
88509	GROVE PARK DEPOT LON END EXIT		Kent
88439	GROVE PARK DN SDGS (BRAMDEAN)		Kent
88442	GROVE PARK DOWN RECEPTION		Kent
88383	GROVE PARK SHED		Kent
88385	GROVE PARK SIGL 1315		Kent
88541	GROVE PARK SIG TL1314		Kent
88539	GROVE PARK SIG TL1319		Kent
88542	GROVE PARK SIG TL1330		Kent
88540	GROVE PARK SIG TL1336		Kent
88452	GROVE PARK UP C.H.S.		Kent
88434	GROVE PARK UP HEADSHUNT		Kent
88508	GROVE PARK UP SDG LDN END EXT		Kent
88430	GROVE PK UP SDG CN ED EXT		Kent
79089	GROVESEND COLLY LOOP		Wales
81101	GROVESEND QUARRY		Western
79091	GROVESEND SIG PT565		Wales
32207	GUIDEB AS		North West
32209	GUIDEBDGE		North West
32211	GUIDE BDGE VIRTUAL QUARRY		North West
32210	GUIDE BRIDGE	GUI	North West
32206	GUIDE BRIDGE AVE SDGS (FLHH)'		North West
32212	GUIDE BRIDGE B'SDE SDGS		North West
32205	GUIDE BRIDGE (FLHH)		North West
32215	GUIDE BRIDGE MAINTENANCE DEPOT		North West
32217	GUIDE BRIDGE SIGNAL 872		North West
32204	GUIDE BRIDGE STATION JN		North West
32220	GUIDE BRIDGE UP & DN LOOP		North West
32208	GUIDE BRIDGE (VQ) FHH		North West
32203	GUIDE BRIDGE WEST JN		North West
87052	GUILDFORD	GLD	Wessex
87049	GUILDFORD DOWN SIDINGS		Wessex
87050	GUILDFORD SIGNAL 826		Wessex
87047	GUILDFORD SIGNAL GD1301		Wessex
87046	GUILDFORD SIGNAL GD1305		Wessex
87078	GUILDFORD SIGNAL GD1308		Wessex
87048	GUILDFORD SIGNAL GD635		Wessex
87051	GUILDFORD U.C.H.S.	XFQ	Wessex
87053	GUILDFORD UP RECP		Wessex
15454	GUISBOROUGH JN		North & East
17051	GUISELEY	GSY	North & East
65813	GULF OIL DEPOT ALBION		Central
22071	GUNHOUSE LOOP		North & East
49160	GUN LANE JUNCTION		Anglia
87138	GUNNERSBURY	GUN	Anglia
87200	GUNNERSBURY SIG GB51		Anglia
07314	GUNNIE CASTLE CEMENT		Scotland
84208	GUNNISLAKE	GSL	Western
48010	GUNTON	GNT	Anglia
79069	GWAUN-CAE-GURWEN OPENCAST		Wales
79068	GWAUN-CAE-GURWEN RR		Wales
41031	GWERSYLLT	GWE	Wales
79070	GWUAN CAE GURWEN OCAST FHH		Wales
15503	GYPSY LANE	GYP	North & East
21021	HABROUGH	HAB	North & East
87667	HACKBRIDGE	HCB	Sussex
52044	HACKNEY CENTRAL	HKC	Anglia
52736	HACKNEY DOWNS	HAC	Anglia
52746	HACKNEY DOWNS LONDN END JN		Anglia
52040	HACKNEY WICK	HKW	Anglia
69505	HADDENHAM & THAME PARKWAY	HDM	Central
48197	HADDISCOE	HAD	Anglia
69000	HADEMORE CROSSING		West Coast South
32255	HADFIELD	HDF	North West
54008	HADLEY WOOD	HDW	East Coast
35140	HAG FOLD	HGF	North West
52076	HAGGERSTON CROSSOVER (ELL)		Private Railway
52078	HAGGERSTON (ELL)	HGG	Private Railway
16516	HAGG LANE CROSSING		North & East
65934	HAGLEY	HAG	Central
07609	HAIRMYRES	HMY	Scotland
07607	HAIRMYRES LOOP		Scotland
37224	HALE	HAL	North West
81223	HALENMRSH		Western
49107	HALESWORTH	HAS	Anglia
49108	HALESWORTH STN LIMITS BOARD		Anglia
36332	HALEWD		North West
36704	HALEWOOD	HED	North West
36330	HALEWOOD (JAGUAR CARS)		North West
18464	HALIFAX	HFX	North & East
18465	HALIFAX REVERSING SDGS		North & East
01020	HALKIRK		Scotland
14157	HALL DENE LOOP		North & East
00844	HALLE		High Speed
81222	HALLEN MARSH C.S.C GRID		Western
81221	HALLEN MARSH JN		Western
81220	HALLEN MOOR		Western
81224	HALLEN MSH LPG SDG(BP)		Western
66442	HALL GREEN	HLG	Central
89202	HALLING	HAI	Kent
89203	HALLING GROUND FRAME		Kent
89201	HALLING R.P.C.		Kent
89198	HALLING SIDINGS (DBC)		Kent
89199	HALLING SIDINGS (FLHH)		Kent
89197	HALLING SIDINGS (GBRF)		Kent
29179	HALL I' TH' WOOD	HID	North West
27099	HALL LANE JN		North & East
36066	HALL ROAD	HLR	North West
36067	HALL ROAD E.M.U.D.	XHR	North West
36093	HALL ROAD SIGNAL 1055		North West
29002	HALL ROYD JN		North West
29007	HALL ROYD JN SIG PN317		North West
29009	HALL ROYD JN SIG PN318		North West
29008	HALL ROYD JN SIG PN319		North West
36515	HALTON JN		North West
13305	HALTWHISTLE	HWH	North & East
13309	HALTWHISTLE SIG 57		North & East
13306	HALTWHISTLE WEST LODGE LC		North & East
36333	HALWDFORD		North West
86222	HAMBLE	HME	Wessex
16515	HAMBLETON EAST JN		East Coast
16470	HAMBLETON NORTH JN		East Coast
16471	HAMBLETON SOUTH JN.		East Coast
16514	HAMBLETON WEST JN.		East Coast
07479	HAMILTON CENTRAL	HNC	Scotland
07482	HAMILTON (DRS)		Scotland
07483	HAMILTON (DRS)		Scotland
07485	HAMILTON GBRF		Scotland
07468	HAMILTON GOODS LOOP		Scotland
38185	HAMILTON SQUARE	BKQ	North West
07481	HAMILTON STEELE E.G.		Scotland
07480	HAMILTON WEST	HNW	Scotland
07484	HAMILTON WEST SIG M218		Scotland
72259	HAMMERSMITH (DISTRICT) LUL	ZHA	Private Railway
16118	HAMMERTON	HMM	North & East
18632	HAMMERTON STREET JUNCTION		North & East
18631	HAMMERTON STREET LOOP		North & East
65335	HAMMERWICH		Central
88252	HAMPDEN PARK	HMD	Sussex
88251	HAMPDEN PARK SIG TEB1380		Sussex
72418	HAMPSTEAD HEATH	HDH	Anglia
87158	HAMPTON	HMP	Wessex
87181	HAMPTON COURT	HMC	Wessex
87177	HAMPTON COURT JN.		Wessex
69213	HAMPTON-IN-ARDEN	HIA	Central
87162	HAMPTON WICK	HMW	Wessex
66218	HAMSHALGB		Central
66225	HAMS HALL CRIPPLE SDG EWS		Central
66226	HAMS HALL CRIPPLE SIDING		Central
66219	HAMS HALL GBRF		Central
66221	HAMS HALL MAIN TERM (EWS)		Central
66222	HAMS HALL NAT DIST PARK		Central
66216	HAMS HALL NAT DIST PK COLAS		Central
66217	HAMS HALL NAT DISTR PK (EP2)		Central
66220	HAMS HALL PARSEC		Central
66224	HAMS HALL RECEPTION LINE		Central
66227	HAMSHALRS		Central
65669	HAMSTEAD	HSD	Central
89431	HAM STREET	HMT	Kent
86951	HAMWORTHY	HAM	Wessex
86953	HAMWORTHY B.C.I		Wessex
86950	HAMWORTHY GOODS POOLE H.C.		Wessex
86958	HAMWORTHY HANSON AGGS (FH)		Wessex
86959	HAMWORTHY T.C.		Wessex
74451	HANBOROUGH	HND	Western
32566	HANDFORTH	HTH	North West
65202	HANDSWORTH EURO METALS		Central
65204	HANDSWORTH QUEENS HEAD		Central
65206	HANDSWORTH QUEENS HEAD SDGS (GBRF)		Central
65205	HANDSWORTH SHUNT SIG604		Central
65201	HANDWORTH QUEENS HEAD (ADVENZA)		Central
70201	HANSLOPE JN	XHN	West Coast South
73261	HANWELL	HAN	Western
73266	HANWELL BRIDGE LOOP		Western
73263	HANWELL BRIDGE SDGS		Western
73267	HANWELL SIGNAL  229		Western
64297	HANWOOD		Wales
82208	HAPSFORD GROUND FRAME		Western
29057	HAPTON	HPN	North West
39008	HARDENBDG		Wales
09322	HARDENDALE QUARRY		North West
09323	HARDENDALE QUARRY GBRF		North West
09317	HARDENDALE QUARRY SHAP (FHH)		North West
18068	HARE PARK JUNCTION		North & East
68136	HARESFIELD LOOP		Western
64422	HARLECH	HRL	Wales
64219	HARLESCOTT X		Wales
72033	HARLESDEN	HDN	West Coast South
72267	HARLESDEN JN		West Coast South
48521	HARLING ROAD	HRD	Anglia
62203	HARLINGTON	HLN	East Midlands
47603	HARLOW MILL	HWM	Anglia
47607	HARLOW MILL AI GBRF		Anglia
47602	HARLOW MILL BARDON AGGS		Anglia
47606	HARLOW MILL DOWN GOODS LOOP		Anglia
47600	HARLOW MILL EWS RUN ROUND		Anglia
47605	HARLOW MILL FHH		Anglia
47604	HARLOW MILL REC (GBRF)		Anglia
47601	HARLOW MILL RECP.		Anglia
47611	HARLOW TOWN	HWN	Anglia
86956	HARMAN'S CROSS	HAR	Wessex
50333	HAROLD WOOD	HRO	Anglia
62422	HARPENDEN	HPD	East Midlands
62423	HARPENDEN JN		East Midlands
62420	HARPENDEN SIGNAL WH565		East Midlands
62421	HARPENDEN SIGNAL WH653		East Midlands
89406	HARRIETSHAM	HRM	Kent
54202	HARRINGAY	HGY	East Coast
51561	HARRINGAY GREEN LANES	HRY	Anglia
51562	HARRINGAY PARK JN		Anglia
54217	HARRINGAY SIG K422		East Coast
54212	HARRINGAY SIG K85		East Coast
54207	HARRINGAY SIGNAL K421		East Coast
54210	HARRINGAY UP REV SDGS	XHU	East Coast
54205	HARRINGAY WEST JN		East Coast
10057	HARRINGTON	HRR	North West
60006	HARRINGWORTH SIGNAL BOX		East Midlands
16102	HARROGATE	HGT	North & East
16105	HARROGATE DOWN SIDING		North & East
16106	HARROGATE GROUND SIGNAL 63		North & East
16103	HARROGATE SDGS		North & East
16104	HARROGATE SHUNT SIG LH4138		North & East
16108	HARROGATE SIGNAL 22		North & East
16107	HARROGATE SIGNAL 56		North & East
72018	HARROW DC SIGNAL WS305		West Coast South
61011	HARROWDEN JN		East Midlands
70381	HARROW-ON-THE-HILL	HOH	The Chiltern Railway Co Ltd
70385	HARROW ON THE HILL STH JN		The Chiltern Railway Co Ltd
72007	HARROW & WEALDSTONE	HRW	West Coast South
72017	HARROW & WEALDSTONE D.C.		West Coast South
15227	HARTBURN JN		North & East
37005	HARTFORD	HTF	North West
37071	HARTFORD C.L. JN		North West
37128	HARTFORD EAST JN		North West
37003	HARTFORD JN		North West
07986	HARTHOPE (LOWTHER)		Scotland
65961	HARTLEBURY	HBY	Central
14225	HARTLEPOOL	HPL	North & East
14241	HARTLEPOOL BSC 20" MILL		North & East
14224	HARTLEPOOL DK LINK FLOW		North & East
14223	HARTLEPOOL DOCK AREA		North & East
14216	HARTLEPOOL REDLAND		North & East
14243	HARTLEPOOL STH WKS RAMCO		North & East
14242	HARTLEPOOL STH WKS REPAIR		North & East
14240	HARTLEPOOL STH WORKS		North & East
69010	HARTSHILL (ENG TRAINS)		West Coast South
07436	HARTWOOD	HTW	Scotland
49409	HARWICH INTERNATIONAL	HPQ	Anglia
49413	HARWICH REFINERY CRLS SLVS		Anglia
49423	HARWICH REPROFILING CENTRE		Anglia
49422	HARWICH TOWN	HWC	Anglia
49416	HARWICH UP TIP SDG CRIPPLE		Anglia
49414	HARWICH UP TIP SIDINGS GBF		Anglia
26506	HARWORTH COLLIERY (FLHH)		North & East
26505	HARWORTH COLLIERY (GBRF)		North & East
26508	HARWORTH GLASS BULBS		North & East
26507	HARWORTH RJB MINING		North & East
56000	HASLAND		East Midlands
87062	HASLEMERE	HSL	Wessex
87060	HASLEMERE SIGNAL EW15		Wessex
87063	HASLEMERE SIGNAL EW23		Wessex
87973	HASSOCKS	HSK	Sussex
88285	HASTINGS	HGS	Kent
88286	HASTINGS BRIGHTON SIDINGS		Kent
88289	HASTINGS PARK SIDINGS		Kent
88290	HASTINGS SIGNAL 70		Kent
88287	HASTINGS WEST CROSSOVER		Kent
72005	HATCH END	HTE	West Coast South
53501	HATFIELD	HAT	East Coast
23012	HATFIELD MAIN CLY (FASTLINE)		East Coast
23010	HATFIELD MAIN COLLIERY (FLHH)		East Coast
23009	HATFIELD MAIN COLLIERY GBRF		East Coast
23011	HATFIELD MAIN MINING		East Coast
50217	HATFIELD PEVEREL	HAP	Anglia
23022	HATFIELD & STAINFORTH	HFS	East Coast
56616	HATHERN		East Midlands
34015	HATHERSAGE	HSG	North West
32230	HATTERSLEY	HTY	North West
66436	HATTON	HTN	Central
69316	HATTON DOWN GOODS LOOP		Central
66435	HATTON ISU (CE)		Central
66439	HATTON NORTH JN		Central
66438	HATTON WEST JN		Central
07478	HAUGHHEAD JN		Scotland
07477	HAUGHHEAD JUNCTION SIG MH419		Scotland
49011	HAUGHLEY JN		Anglia
64122	HAUGHTON SIDINGS		Wales
86341	HAVANT	HAV	Wessex
86336	HAVANT SIG HT501		Wessex
86338	HAVANT SIGNAL 28		Wessex
86340	HAVANT SIGNAL 31		Wessex
86335	HAVANT SIGNAL 500		Wessex
86337	HAVANT SIGNAL HT503		Wessex
44228	HAVENHOUSE	HVN	East Midlands
80122	HAVERFORDWEST	HVF	Wales
80123	HAVERFORDWEST FD GBRF		Wales
80119	HAVERFORDWST FREIGHT DEPOT		Wales
15020	HAVERTON HILL EX.S.		North & East
15016	HAVERTON HILL EX. S. (DRS)		North & East
15019	HAVERTON HILL EX.S. (FHH)		North & East
15018	HAVERTON HILL (MARCROFT)		North & East
15023	HAVERTON TOTAL COLAS		East Coast
15017	HAVTNHREP		North & East
41017	HAWARDEN	HWD	Wales
39005	HAWARDEN BRIDGE	HWB	Wales
69107	HAWESBURY LANE		West Coast South
82086	HAWKERIDGE JN		Western
69108	HAWKESBURY LANE UP LOOP		West Coast South
07116	HAWKHEAD	HKH	Scotland
89605	HAWKSBYSJ		High Speed
16239	HAXBY		North & East
23503	HAXEY & EPWORTH CROSSOVER		North & East
35122	HAYDOCK BRANCH JN		North West
13313	HAYDON BRIDGE	HDB	North & East
87615	HAYDONS ROAD	HYR	Sussex
73773	HAYES&HAR		Western
73770	HAYES & HARLINGTON	HAY	Western
73776	HAYES & HARLINGTON LOOP		Western
73674	HAYES & HTON TARMAC (FLHH)		Western
73774	HAYES & H'TON TARMAC SDGS		Western
88329	HAYES (KENT)	HYS	Kent
88328	HAYES (KENT) SIG TL1401		Kent
73772	HAYES T.C.		Western
73771	HAYESTC&W		Western
85702	HAYLE	HYL	Western
04235	HAYMARKET	HYM	Scotland
04231	HAYMARKET CEN JN SIG EH907		Scotland
04225	HAYMARKET CENTRAL JN		Scotland
04233	HAYMARKET C.S.		Scotland
04230	HAYMARKET DEPOT	XHA	Scotland
04222	HAYMARKET DOWN REFUGE SDG		Scotland
04234	HAYMARKET EAST JN		Scotland
04236	HAYMARKET NORTH GOODS LOOP		Scotland
04239	HAYMARKET SIG EG911		Scotland
04238	HAYMARKET SIGNAL EH911		Scotland
04221	HAYMARKET WEST JN		Scotland
87967	HAYWARDS HEATH	HHE	Sussex
87961	HAYWARDS HEATH DN SDG NTH		Sussex
87962	HAYWARDS HEATH DN SDG STH		Sussex
87982	HAYWARDS HEATH DOWN		Sussex
87955	HAYWARDS HEATH SIG 1225		Sussex
87960	HAYWARDS HEATH SIG 1226		Sussex
87956	HAYWARDS HEATH SIG T350X		Sussex
87968	HAYWARDS HEATH UP SIDING		Sussex
23409	HAYWOOD JN		East Coast
00736	HAZEBROUCK		High Speed
32541	HAZEL GROVE	HAZ	North West
32587	HAZEL GROVE DOWN SIDING		North West
32540	HAZEL GROVE H.L.JN		North West
32585	HAZEL GROVE SIGNAL HG14		North West
32586	HAZEL GROVE UP SIDING		North West
89323	HEADCORN	HCN	Kent
17103	HEADINGLEY	HDY	North & East
72006	HEADSTONE LANE	HDL	West Coast South
32529	HEALD GREEN	HDG	North West
32549	HEALD GREEN SOUTH JN		North West
32535	HEALD GREEN WEST JN		North West
18425	HEALEY MILLS 'A' JUNCTION		North & East
18424	HEALEY MILLS B JN		North & East
18427	HEALEY MILLS SIGNAL		North & East
18426	HEALEY MILLS SIGNAL 147		North & East
18429	HEALEY MILLS SIGNAL 181		North & East
18430	HEALEY MILLS SIGNAL 182		North & East
18428	HEALEY MILLS SIGNAL 209		North & East
18420	HEALEY MILLS S.S.	XHM	North & East
18421	HEALEY MILLS T.M.D.		North & East
18422	HEALEY MILLS YD MARSHALLS		North & East
21031	HEALING	HLI	North & East
66329	HEARTLANDS PARK WAGON RP		Central
66330	HEARTLANDS PARKWAY		Central
66333	HEARTLANDS PARK WRP GBRF		Central
83617	HEATHFIELD E.C.C.		Western
83615	HEATHFIELD GULF OIL		Western
83618	HEATHFIELD PLATFORM		Western
83616	HEATHFLD		Western
78380	HEATH HIGH LEVEL	HHL	TfW Cardiff Valleys
78393	HEATH JN		TfW Cardiff Valleys
78395	HEATH JN GPL33		TfW Cardiff Valleys
78394	HEATH JN SIG GPL22		TfW Cardiff Valleys
78391	HEATH LOW LEVEL	HLL	TfW Cardiff Valleys
73775	HEATHROW AIRPORT JN		Western
73777	HEATHROW TERMINAL 4	HAF	Private Railway
73778	HEATHROW TERMINALS 2 & 3	HXX	Private Railway
73784	HEATHROW TUNNEL JN.		Western
65044	HEATH TOWN SIDINGS		Central
12711	HEATON BLUE CIRCLE		East Coast
32517	HEATON CHAPEL	HTC	North West
12715	HEATON ECD		East Coast
18444	HEATON LODGE EAST JN		North & East
18443	HEATON LODGE JN		North & East
32525	HEATON NORRIS JN		North West
12716	HEATON NORTH JN		East Coast
12710	HEATON STH. JN.		East Coast
12714	HEATON T&R.S.M.D.	XHT	East Coast
18449	HEBDEN BRIDGE	HBD	North & East
18454	HEBDEN BRIDGE SIG HB7		North & East
18458	HEBDEN BRIDGE SIG HG1504		North & East
18450	HEBDEN BRIDGE U R S		North & East
23151	HECK (FLHH)		East Coast
44203	HECKINGTON	HEC	East Midlands
23150	HECK PLASMOR P S		East Coast
86201	HEDGE END	HDE	Wessex
65511	HEDNESFORD	HNF	Central
19115	HEDON ROAD SIDINGS		North & East
19108	HEDON ROAD SIDINGS (GBRF)		North & East
25703	HEELEY UP LOOP		North & East
15834	HEIGHINGTON	HEI	North & East
83112	HELE & BRADNINCH LC		Western
06109	HELENSBURGH CENTRAL	HLC	Scotland
06115	HELENSBURGH SIG YC643		Scotland
06108	HELENSBURGH UPPER	HLU	Scotland
07205	HELEN STREET JN		Scotland
09528	HELIFIELD		North West
09527	HELLIFIELD	HLD	North West
09526	HELLIFIELD GOODS LOOPS		North West
01016	HELMSDALE	HMS	Scotland
01017	HELMSDALE C.E.		Scotland
09430	HELM TUNNEL		North West
45013	HELPSTON JN.		East Coast
38383	HELSBY		North West
38384	HELSBY	HSB	North West
09517	HELWITH BRIDGE		North West
71011	HEMEL HEMPSTEAD	HML	West Coast South
71013	HEMEL HEMPSTEAD SOUTH JN		West Coast South
84075	HEMERDON		Western
18074	HEMSWORTH LOOP		North & East
81121	HENBURY WEST (AVONMOUTH)		Western
00796	HENDAYE	HEF	High Speed
63252	HENDON	HEN	East Midlands
14144	HENDON NO 1 SIDING		North & East
79058	HENDY JN		Wales
78359	HENGOED	HNG	TfW Cardiff Valleys
66445	HENLEY-IN-ARDEN	HNL	Central
74029	HENLEY-ON-THAMES	HOT	Western
18005	HENSALL	HEL	North & East
67201	HENWICK	XHK	Central
12133	HEPSCOTT JN		East Coast
80110	HERBRANDSTON JN		Wales
76357	HEREFORD	HFD	Wales
76364	HEREFORD		Wales
76366	HEREFORD		Wales
76369	HEREFORD DIESEL SDGS.		Wales
76358	HEREFORD N.Y.		Wales
76356	HEREFORD SIG 41		Wales
76361	HEREFORD SIGNAL H2		Wales
76360	HEREFORD SIGNAL H26		Wales
76359	HEREFORD SIGNAL H47		Wales
76368	HEREFORD YARD		Wales
89482	HERNE BAY		Kent
89483	HERNE BAY	HNB	Kent
89491	HERNE BAY LONDON END CROSSOVER		Kent
89488	HERNE BAY SIG EK5077		Kent
87249	HERNE HILL	HNH	Kent
87258	HERNE HILL HEADSHUNT		Kent
88555	HERNE HILL SIGNAL VS600		Kent
87255	HERNE HILL SIGNAL VS602		Kent
87264	HERNE HILL SIG VS595		Kent
89747	HERRINGE		High Speed
86003	HERSHAM	HER	Wessex
86952	HERSTON HALT	HEH	Wessex
51702	HERTFORD EAST	HFE	Anglia
53241	HERTFORD NORTH	HFN	East Coast
53240	HERTFORD NORTH DOWN CS	XHP	East Coast
53244	HERTFORD NORTH GPL WL1927		East Coast
53242	HERTFORD NTH C.H.S.	XHQ	East Coast
16121	HESSAY		North & East
19195	HESSLE	HES	North & East
19173	HESSLE C & W (GBRF)		North & East
19169	HESSLE EAST JN.		North & East
19172	HESSLE EAST JN SDGS		North & East
19174	HESSLE EAST JN SIG 37		North & East
19196	HESSLE GPL HR35		North & East
19109	HESSLE ROAD JN.		North & East
19125	HESSLE ROAD JN SIG HR49		North & East
11716	HEST BANK		North West
38033	HESWALL	HSW	North West
48421	HETHERSETT		Anglia
87762	HEVER	HEV	Sussex
83465	HEWISH		Wessex
13156	HEWORTH	HEW	East Coast
13157	HEWORTH (METRO)	HEZ	East Coast
13316	HEXHAM	HEX	North & East
13315	HEXHAM FREIGHT DEPOT		North & East
13317	HEXHAM ISU (CE)		North & East
13320	HEXHAM SIG HE55 REV		North & East
13323	HEXHAM SIG HM35		North & East
13324	HEXHAM SIG HM55		North & East
13310	HEXHAM TAMPER SIDINGS		North & East
24223	HEXTHORPE C&W GBRF		East Coast
24219	HEXTHORPE JN		East Coast
23441	HEXTHORPE R.S.		East Coast
24222	HEXTHORPE YARD (GBRF)		East Coast
74609	HEYFORD	HYD	Western
11611	HEYSHAM HARBOUR	HHB	North West
11603	HEYSHAM HARBOUR P.S.		North West
11610	HEYSHAMPT		North West
31038	HEYWOOD GROUND FRAME		North West
82092	HEYWOOD ROAD JN		Western
58017	HICKLDGCS		East Midlands
24002	HICKLETON S.B.		North & East
88755	HIGHAM	HGM	Kent
52732	HIGHAMS PARK	HIP	Anglia
46285	HIGHAMS (SUFFOLK)		Anglia
81915	HIGHBRIDGE & BURNHAM	HIG	Western
81916	HIGHBRIDGE LOOP		Western
89372	HIGH BROOMS	HIB	Kent
52051	HIGHBURY AND ISLINGTON ELL	XHZ	Anglia
52050	HIGHBURY ELL SIG 321		Private Railway
54293	HIGHBURY & ISLINGTON	HHY	East Coast
52053	HIGHBURY + ISLINGTON	HII	Anglia
52068	HIGHBURY NR/LOROL BDNY		Anglia
52066	HIGHBURY SIGNAL 238		Anglia
52056	HIGHBURY TRANSFER TR AC-DC		Anglia
54290	HIGHBURY VALE JN		East Coast
44650	HIGHDYKE JN.		East Coast
13239	HIGH LEVEL BRIDGE JN		East Coast
28530	HIGH MARNHAM (FLHH)		North & East
28531	HIGH MARNHAM POWERGEN		North & East
52214	HIGH MEADS JN		Anglia
69027	HIGH OAKS JN		West Coast South
06605	HIGH ST JN		Scotland
06600	HIGH STREET	HST	Scotland
36065	HIGHTOWN	HTO	North West
75008	HIGHWORTH JN		Western
73503	HIGH WYCOMBE	HWY	Central
73497	HIGH WYCOMBE SIG ME152		Central
73498	HIGH WYCOMBE SIGNAL ME139		Central
89356	HILDENBOROUGH	HLB	Kent
46257	HILGAY AHB		Anglia
06303	HILLFOOT	HLF	Scotland
08502	HILLHOUSE QUARRY		Scotland
07152	HILLINGTON EAST	HLE	Scotland
07150	HILLINGTON WEST	HLW	Scotland
70070	HILLMORTON JN		West Coast South
03013	HILLSIDE		Scotland
36061	HILLSIDE	HIL	North West
86332	HILSEA	HLS	Wessex
03149	HILTON JN		Scotland
03146	HILTON JN SIGNAL P5A		Scotland
28532	HIMARNCPL		North & East
87185	HINCHLEY WOOD	HYW	Wessex
59318	HINCKLEY	HNK	East Midlands
35123	HINDLEY	HIN	North West
34221	HINDLOW		North West
34222	HINDLOW		North West
34230	HINDLOW (FHH)		North West
34235	HINDLOW GBRF		North West
34220	HINDLOW GF NO.1		North West
34231	HINDLOW QUARRY		North West
74444	HINKSEY NORTH		Western
74456	HINKSEY RECEPTION LINES		Western
74439	HINKSEY SDGS		Western
74443	HINKSEY SOUTH		Western
74441	HINKSY YD		Western
74442	HINKSYYRP		Western
86913	HINTON ADMIRAL	HNA	Wessex
78114	HIRWAUN POND		TfW Cardiff Valleys
53221	HITCHIN	HIT	East Coast
53219	HITCHIN DOWN YARD		East Coast
53253	HITCHIN EAST JN SIG K941		East Coast
53258	HITCHIN EAST JN SIG K944		East Coast
53254	HITCHIN EAST JN SIG K945		East Coast
53218	HITCHIN ENGINEERS SIDINGS		East Coast
53212	HITCHIN ENGINEERS YARD	XHY	East Coast
53217	HITCHIN (FLHH)		East Coast
53211	HITCHIN PLANT ISU (CE)		East Coast
53302	HITCHIN SIG K217		East Coast
53216	HITCHIN SIG K228		East Coast
53210	HITCHIN SIG K.232		East Coast
53236	HITCHIN SIG K672		East Coast
53214	HITCHIN SIG K689		East Coast
53209	HITCHIN SIG K708		East Coast
53215	HITCHIN SIGNAL K234		East Coast
53239	HITCHIN SIGNAL K666		East Coast
53207	HITCHIN SIGNAL K687		East Coast
53257	HITCHIN UP SIDINGS		East Coast
53213	HITCHIN UP STONE SIDING - FLHH OPERATIONS		East Coast
53208	HITCHIN UP YARD GBRF		East Coast
88451	HITHER GREEN	HGR	Kent
88536	HITHER GREEN DN GOODS/ARR		Kent
88450	HITHER GREEN DOWN RECP.	XHG	Kent
88449	HITHER GREEN LOCO SDGS	XHX	Kent
88455	HITHER GREEN P.A.D.	XHI	Kent
88458	HITHER GREEN SIDINGS		Kent
88538	HITHER GREEN SIG TL1302		Kent
88537	HITHER GREEN SIG TL1311		Kent
88448	HITHER GREEN T.M.D.		Kent
88535	HITHER GREEN UP GOODS/DEP		Kent
88454	HITHER GREEN UP RECP.		Kent
43329	HIXON		West Coast South
18419	HLY MLLLS		North & East
50318	HOCKLEY	HOC	Anglia
29166	HOGHTONGF		North West
17151	HOLBECK JUNCTION		North & East
17153	HOLBECK LOCO SHED (FHH)		North & East
17150	HOLBECK LOCO SIDINGS		North & East
08631	HOLEHOUSE JUNCTION		Scotland
81225	HOLESMOUTH JN		Western
89405	HOLLINGBOURNE	HBN	Kent
31065	HOLLINWOOD		NONE
54244	HOLLOWAY SOUTH SIG KS26		East Coast
54245	HOLLOWAY STH. JN.		East Coast
45150	HOLME JN.	XHO	East Coast
42004	HOLMES CHAPEL	HCH	North West
25050	HOLMES CURVE SIG. S750		North & East
25016	HOLMES JN		North & East
87898	HOLMETHORPE (QUARRY LINE)		Sussex
87937	HOLMWOOD	HLM	Sussex
86961	HOLTON HEATH	HOL	Wessex
44041	HOLTON-LE-MOOR S.B.		East Midlands
87025	HOLYBOURNE		Wessex
87034	HOLYBOURNE OIL SDGS (GBRF)		Wessex
87030	HOLYBOURNE OT SIG FN402		Wessex
40008	HOLYHDCDK		Wales
40002	HOLYHD CT		Wales
40003	HOLYHDSN2		Wales
40001	HOLYHEAD	HHD	Wales
40006	HOLYHEAD ANGLESEY ALUMIN		Wales
40004	HOLYHEAD CAR. M.D.		Wales
40005	HOLYHEAD L.I.P.		Wales
40007	HOLYHEAD RIO TINTO ZINC (GBRF)		Wales
40010	HOLYHEAD SIG H86		Wales
40009	HOLYHEAD SIG.HD107		Wales
07397	HOLYTOWN	HLY	Scotland
07431	HOLYTOWN JN		Scotland
40121	HOLYWELLJ		Wales
40123	HOLYWELL JN		Wales
09017	HOLYWOOD		Scotland
52042	HOMERTON	HMN	Anglia
00761	HONDEGHEM		High Speed
67356	HONEYBOURNE	HYB	Western
67357	HONEYBOURNE CCE TIP		Western
67354	HONEYBOURNE NORTH JN		Western
67366	HONEYBOURNE SIDINGS		Western
67365	HONEYBOURNE STAFF HUT		Western
67355	HONEYBOURNE WEST JN		Western
44102	HONINGTON		East Midlands
83461	HONITON	HON	Wessex
83462	HONITON ISU (CE)		Wessex
83455	HONITON SIG 4803		Wessex
83467	HONITON SIG H2		Wessex
83459	HONITON SIGNAL 4808		Wessex
83463	HONITON SIGNAL H21		Wessex
18489	HONLEY	HOY	North & East
87628	HONOR OAK PARK	HPA	Sussex
00933	HOOFDDORP		High Speed
88728	HOOJDWRYS		Kent
88724	HOOJN13RD		Kent
88727	HOOJN14RD		Kent
88742	HOO JN SIG NK1620		Kent
88725	HOO JN STAFF HALT		Kent
88731	HOOJNUP Y		Kent
88734	HOO JN. VICTA RAILFREIGHT		Kent
88740	HOO JUNCTION		Kent
88729	HOO JUNCTION DOWN YARD		Kent
88732	HOO JUNCTION FUEL POINT		Kent
88733	HOO JUNCTION SIGNAL NK1611		Kent
88723	HOO JUNCTION SIGNAL NK502		Kent
88739	HOO JUNCTION SIGNAL NK511		Kent
88741	HOO JUNCTION SIG NK443		Kent
88730	HOO JUNCTION UP YARD	XHJ	Kent
86049	HOOK	HOK	Wessex
87897	HOOLEY CUTTING (QUARRY LINE)		Sussex
38302	HOOTON	HOO	North West
38303	HOOTON SOUTH JUNCTION		North West
34010	HOPE (DERBYSHIRE)	HOP	North West
34007	HOPE (EARLES SIDINGS) EWS		North West
34004	HOPE (EARLES SIDINGS) FHH		North West
41025	HOPE (FLINTSHIRE)	HPE	Wales
34012	HOPE POOL SIDINGS		North West
34008	HOPE SDGS		North West
34006	HOPE SIDINGS (B.C.I.)		North West
31523	HOPE ST PEAKSTONE P.SDGS		North West
16115	HOPPERTON		North & East
79098	HOPTON HEATH	HPT	Wales
18413	HORBURY BOMBARDIER	XHB	North & East
18414	HORBURY JN		North & East
18416	HORBURY MARCROFT ENG		North & East
18412	HORBURY STATION JN		North & East
18415	HORBURY STORRS HILL		North & East
18417	HORBURY UP GOODS LOOP		North & East
13700	HORDEN SIG NS7137		East Coast
13701	HORDEN SIG NS7148		East Coast
13703	HORDON	HRE	East Coast
81304	HORFIELD JUNCTION		Western
87909	HORLEY	HOR	Sussex
16101	HORNBEAM PARK	HBP	North & East
36098	HORNBYDCK		North West
57713	HORNINGLOW BRIDGE JN		East Midlands
54203	HORNSEY	HRN	East Coast
54201	HORNSEY C.H.S.	XHS	East Coast
54206	HORNSEY C.H.S.E.M.U		East Coast
54198	HORNSEY DOWN REVERSING SDGS		East Coast
54208	HORNSEY E.M.U.D.	XHE	East Coast
54218	HORNSEY EMUD SIGNAL HY176		East Coast
54197	HORNSEY R.R.L.		East Coast
54196	HORNSEY SIG K433		East Coast
54200	HORNSEY SIG K438		East Coast
54204	HORNSEY SIG K440		East Coast
29139	HORROCKSFORD JN		North West
17105	HORSFORTH	HRS	North & East
17104	HORSFORTH TURNBACK SIDINGS		North & East
87941	HORSHAM	HRH	Sussex
87949	HORSHAM 2001 POINTS		Sussex
87947	HORSHAM CARRIAGE SIDINGS		Sussex
87992	HORSHAM DOWN SDGS NORTH		Sussex
88001	HORSHAM DOWN SDGS SOUTH		Sussex
87943	HORSHAM M.D.U. SIDING		Sussex
87942	HORSHAM SIGNAL 1410		Sussex
87989	HORSHAM SIGNAL 1417		Sussex
88020	HORSHAM SIGNAL T836		Sussex
88009	HORSHAM T1401		Sussex
88011	HORSHAM T1401		Sussex
88008	HORSHAM T837		Sussex
88007	HORSHAM THAMESLINK SIDINGS		Sussex
87946	HORSHAM UP SIDINGS SOUTH		Sussex
87945	HORSHAM UP T.C.		Sussex
87944	HORSHAM UP TC GBRF		Sussex
87070	HORSLEY	HSY	Wessex
09513	HORTON IN RIBBLESDALE	HIR	North West
68103	HORTON ROAD JN		Western
30225	HORWICH PARKWAY	HWI	North West
35024	HOSCAR	HSC	North West
55404	HOTCHLEY HILL (EAST LEAKE)		East Midlands
55403	HOTCHLEY HILL EAST LEAKE		East Midlands
89413	HOTHFIELD		Kent
89409	HOTHFIELD SIDING	XHF	Kent
89471	HOTHFIELD SIG ME343		Kent
89493	HOTHFIELD SIGNAL ME341		Kent
89426	HOTHFIELD TARMAC (FLHH)		Kent
89416	HOTHFIELD TARMAC GBRF		Kent
36703	HOUGH GREEN	HGN	North West
87141	HOUNSLOW	HOU	Wessex
87140	HOUNSLOW JN		Wessex
87127	HOUNSLOW SIGNAL F448		Wessex
88103	HOVE	HOV	Sussex
88102	HOVE SIGNAL T1400		Sussex
88104	HOVE SIG T675		Sussex
48031	HOVETON & WROXHAM	HXM	Anglia
48032	HOVETON &WROXHAM SIG GBRF		Anglia
88105	HOVE UP SIDINGS		Sussex
88101	HOVE YARD		Sussex
19221	HOWDEN	HOW	North & East
09413	HOWE & CO SDGS		North West
13298	HOW MILL		North & East
44040	HOWSHAM (LINCS)		East Midlands
71034	HOW WOOD	HWW	West Coast South
07102	HOWWOOD (RENFREW)	HOZ	Scotland
52080	HOXTON (ELL)	HOX	Private Railway
38004	HOYLAKE	HYK	North West
44207	HUBBERTS BRIDGE	HBB	East Midlands
55098	HUCKNALL	HKN	East Midlands
18474	HUDDERSFIELD	HUD	North & East
18478	HUDDERSFIELD HU1412		North & East
18476	HUDDERSFIELD  HU771		North & East
18475	HUDDERSFIELD SIDINGS		North & East
18480	HUDDERSFIELD SIG HU1408		North & East
18473	HUDDERSFIELD SIG HU770		North & East
19105	HULL	HUL	North & East
81001	HULLAVINGTON		Western
19132	HULL BIOMASS GBRF		North & East
19131	HULL BIOMASS LP (DBS)		North & East
19110	HULL BRIDGES JUNCTION		North & East
19124	HULL BULK TERMINAL GBRF		North & East
19114	HULL COAL TERMINAL		North & East
19120	HULL COAL TERMINAL (GBRF)I		North & East
19104	HULL DAIRYCOATES (FL)		East Coast
19167	HULL DAIRYCOATES TILCON		North & East
19166	HULL DAIRYCOATES TLCN GBRF		North & East
19123	HULL DOCK SECURITY GATES		North & East
19113	HULL DOCKS STEEL TERML EWS		North & East
19116	HULL HEDON RD COAL SDGS		North & East
19130	HULL KGV DOCK B QUAY SDG		North & East
19121	HULL KING GEORGE V DOCK		North & East
19122	HULL KING GEO V DOCK GBRF		North & East
19119	HULL KINGSTON TERMINAL FHH		North & East
19111	HULL SALTEND B.P.		North & East
19112	HULL SALTEND MARCROFT		North & East
19117	HULL SALTEND NEW SIDINGS		North & East
19128	HULL SIGNAL HR59		North & East
19170	HULL S.S.		North & East
19106	HULL STATION SIDINGS		North & East
19118	HULL STEEL TERMINAL (FLHH)		North & East
19171	HULL YARD (FLHH)		North & East
21230	HUMBER INTERNATIONAL TERM		North & East
21205	HUMBER OIL REFINERY		North & East
21222	HUMBER OIL REFINERY (FHH)		North & East
21206	HUMBER ROAD JN		North & East
59219	HUMBERSTONE RD JN		East Midlands
59222	HUMBERSTONE RD NO5 TOP SDG		East Midlands
59221	HUMBERSTONE ROAD		East Midlands
33094	HUMPHREY PARK	HUP	North West
29059	HUNCOAT	HCT	North West
74815	HUNGERFORD	HGD	Western
74825	HUNGERFORD LOOP		Western
19004	HUNMANBY	HUB	North & East
70120	HUNSBURY HILL TUNNEL		West Coast South
17171	HUNSLET DOWN SDGS (GBRF)		North & East
17122	HUNSLET E		North & East
17121	HUNSLET EAST HANSON		North & East
17124	HUNSLET EAST (LCSL)		North & East
17120	HUNSLET EAST T.C.		North & East
17167	HUNSLET SOUTH JN		North & East
17170	HUNSLET S.S.		North & East
17163	HUNSLET STATION JN		North & East
17164	HUNSLET STATION JN SIG 4487		North & East
17119	HUNSLET TILCON		North & East
17123	HUNSLET TILCON GBRF		North & East
17166	HUNSLET YARD COLAS RAIL		North & East
17168	HUNSLET YARD (FLHH)		North & East
17169	HUNSLET YARD (FLHH)		North & East
08207	HUNTERSTON		Scotland
08220	HUNTERSTON		Scotland
08206	HUNTERSTON COAL BUNKER		Scotland
08203	HUNTERSTON (GBRF)		Scotland
08214	HUNTERSTON HIGH LEVEL FHH		Scotland
08217	HUNTERSTON HIGH LEVEL REP PT EWS		Scotland
08209	HUNTERSTON H.L. EWS		Scotland
08210	HUNTERSTON JUNCTION		Scotland
08211	HUNTERSTON L.L. EWS		Scotland
08215	HUNTERSTON LL FHH		Scotland
08205	HUNTERSTON ORE BUNKER		Scotland
45201	HUNTINGDON	HUN	East Coast
45203	HUNTINGDON DOWN SIDINGS		East Coast
45205	HUNTINGDON NORTH JUNCTION		East Coast
45198	HUNTINGDON SIG P33		East Coast
45204	HUNTINGDON SIG P38		East Coast
45202	HUNTINGDON SIG P39		East Coast
45199	HUNTINGDON SIG P40		East Coast
02021	HUNTLY	HNT	Scotland
02022	HUNTLY YARD		Scotland
36702	HUNTS CROSS	HNX	North West
36708	HUNTS CROSS SIDING		North West
36701	HUNTS CROSS WEST JN		North West
08734	HURLFORD		Scotland
86068	HURSTBOURNE VIADUCT		Wessex
87753	HURST GREEN	HUR	Sussex
87754	HURST GREEN JN		Sussex
19018	HUTTON CRANSWICK	HUT	North & East
36605	HUYTON	HUY	North West
36606	HUYTON JN		North West
32216	HYDE CENTRAL	HYC	North West
32213	HYDE JN		North West
32214	HYDE NORTH	HYT	North West
25811	HYDE PARK	HYP	North & East
44068	HYKEHAM	HKM	East Midlands
06354	HYNDLAND	HYN	Scotland
06353	HYNDLAND EAST JN		Scotland
06355	HYNDLAND LOOP	XHD	Scotland
06224	HYNDLAND NORTH JN		Scotland
06356	HYNDLAND WEST JN		Scotland
50030	HYTHE	HYH	Anglia
50033	HYTHE C.C.D.		Anglia
07002	I.B.M.	IBM	Scotland
07203	IBROX JN		Scotland
87933	IFIELD	IFI	Sussex
50423	ILFORD	IFD	Anglia
50422	ILFORD E.M.U.D.	XIF	Anglia
50425	ILFORD EMUD WHEEL LATHE RD		Anglia
50420	ILFORD LEVEL 5 DEPOT		Anglia
50419	ILFORD LON END JUNCTION		Anglia
50424	ILFORD SIG L341		Anglia
50427	ILFORD SIGNAL L336		Anglia
50426	ILFORD SIGNAL L5087		Anglia
50421	ILFORDWLR		Anglia
56547	ILKESTON	ILN	East Midlands
56548	ILKESTON JUNCTION		East Midlands
17055	ILKLEY	ILK	North & East
21237	IM A2 SDS		North & East
21234	IMDKHITCS		North & East
21209	IMMINGHAM		North & East
21223	IMMINGHAM B4 SIDINGS (DBS)		North & East
21249	IMMINGHAM BIOMASS LP (DBS)		North & East
21208	IMMINGHAM B.S.C. ORE TML		North & East
21218	IMMINGHAM BULK TERM (FHH)		North & East
21203	IMMINGHAM BULK TERML CP1		North & East
21207	IMMINGHAM BULK TERML CP2		North & East
21187	IMMINGHAM CPL (FHH)		North & East
21185	IMMINGHAM CPL GBRF		North & East
21227	IMMINGHAM DK EXXTOR F'LINR		North & East
21245	IMMINGHAM DOCK (COLAS)		North & East
21217	IMMINGHAM DOCK C.T. (FHH)		North & East
21194	IMMINGHAM DOCK (GBRF)		North & East
21201	IMMINGHAM DOCK NORDIC		North & East
21186	IMMINGHAM DOCK ORE TML FHH		North & East
21235	IMMINGHAM DOCK (RIDLEYS)		North & East
21241	IMMINGHAM EAST JN.		North & East
21225	IMMINGHAM ENGINE LINE		North & East
21242	IMMINGHAM ESL		North & East
21261	IMMINGHAM GLOBAL SHIPPING		North & East
21211	IMMINGHAM HARGREAVES C.T.		North & East
21236	IMMINGHAM HENDERSON QUAY		North & East
21239	IMMINGHAM H.I.T. (GBRF)		North & East
21250	IMMINGHAM HIT HEADSHUNT RR		North & East
21232	IMMINGHAM IMPORT TERM FHH		North & East
21246	IMMINGHAM LOADING LINE 7 (DBS)		North & East
21228	IMMINGHAM MINERAL QUAY		North & East
21248	IMMINGHAM MINERAL QUAY GBRF		North & East
21243	IMMINGHAM MINERAL QUAY RP GBRF		North & East
21226	IMMINGHAM MIN QUAY STORA		North & East
21189	IMMINGHAM NCB1 (GBRF)		North & East
21231	IMMINGHAM NORSK HYDRO		North & East
21213	IMMINGHAM PAD 1		North & East
21221	IMMINGHAM PAD 2		North & East
21253	IMMINGHAM PUMA GBRF		North & East
21251	IMMINGHAM RAILFREIGHT TERM		North & East
21198	IMMINGHAM REC CPL SDG (GBRF)		North & East
21193	IMMINGHAM RECEPTION (FLHH)		North & East
21191	IMMINGHAM REC LINE 1 (FHH)		North & East
21188	IMMINGHAM REC LINE 7 (FLHH)		North & East
21199	IMMINGHAM REC SDG (GBRF)		North & East
21240	IMMINGHAM RR1 GBRF		North & East
21247	IMMINGHAM RR7 GBRF		North & East
21252	IMMINGHAM SIGNAL 253		North & East
21244	IMMINGHAM SORTING SIDINGS		North & East
21200	IMMINGHAM S.S. (WEST RECP)		North & East
21229	IMMINGHAM STORAGE ACID PLT		North & East
21214	IMMINGHAM STORAGE W TML		North & East
21233	IMMINGHAM TEXACO		North & East
21210	IMMINGHAM T.M.D.		North & East
21238	IMMINGHAM TRAIN EXAM POINT		North & East
21212	IMMINGHAM TRANSIT QUAY		North & East
21219	IMMINGHAM WEST JN.		North & East
21224	IMMINGHAM YARD (FHH)		North & East
21202	IMMINGHAM YARD MARCROFT		North & East
21220	IMMINGHAM YD SPECIFIC USER		North & East
21192	IMMINQUAY		North & East
72245	IMPERIAL WHARF	IMW	Sussex
35121	INCE	INC	North West
38381	INCE AND ELTON ENCIRC WORKS		North West
38380	INCE & EL		North West
38379	INCE & ELTON	INE	North West
35391	INCE MOSS JN		North West
35151	INCE MOSS TIP		North West
01152	INCHLEA		Scotland
03071	INCHTURE LEVEL CROSSING		Scotland
03073	INCHYRA LEVEL CROSSING		Scotland
50227	INGATESTONE	INT	Anglia
50228	INGATESTONE LOOP		Anglia
50229	INGATESTONE SIGNAL L679		Anglia
04829	INNERWICK G.S.P.		Scotland
02029	INSCH	INS	Scotland
02028	INSCH C.E.		Scotland
01053	INVERGORDON	IGD	Scotland
01052	INVERGORDON DISTILLERY		Scotland
03067	INVERGOWRIE	ING	Scotland
01054	INVERGRDN		Scotland
01055	INVERGRDN		Scotland
01056	INVERGRDN		Scotland
03021	INVERKEILOR		Scotland
03020	INVERKEILOR DN REFUGE SDG		Scotland
03331	INVERKEITHING	INK	Scotland
03329	INVERKEITHING C.E.		Scotland
03328	INVERKEITHING CENTRAL JN		Scotland
03334	INVERKEITHING EAST JN		Scotland
03326	INVERKEITHING NORTH JN		Scotland
03330	INVERKEITHING PPM POINT		Scotland
03333	INVERKEITHING SOUTH JN		Scotland
03336	INVERKEITHING U.P.L.		Scotland
07004	INVERKIP	INP	Scotland
06071	INVERLOCHY YARD		Scotland
01100	INVERNESS	INV	Scotland
01158	INVERNESS AIRPORT		Scotland
01104	INVERNESS BLUE CIRCLE SDGS		Scotland
01117	INVERNESS BRANCH LINE		Scotland
01115	INVERNESS C.E.		Scotland
01112	INVERNESS CSMD.		Scotland
01119	INVERNESS F.D.		Scotland
01114	INVERNESS FREIGHT SDGS (DRS)		Scotland
01105	INVERNESS LAFARGE		Scotland
01106	INVERNESS MILLBURN COLAS		Scotland
01103	INVERNESS MOTORAIL SDG	XIV	Scotland
01116	INVERNESS NEEDLEFIELD DEPOT		Scotland
01102	INVERNESS RUSSELL J.G.		Scotland
01095	INVERNESS SIGNAL 395		Scotland
01126	INVERNESS SIGNAL 397		Scotland
01108	INVERNESS SIGNAL 422		Scotland
01135	INVERNESS SIGNAL 424		Scotland
01124	INVERNESS SIGNAL 427		Scotland
01129	INVERNESS SIGNAL 429		Scotland
01150	INVERNESS SIGNAL 707		Scotland
01107	INVERNESS SIGNAL 711		Scotland
01099	INVERNESS SIGNAL I387		Scotland
01097	INVERNESS SIGNAL I410		Scotland
01118	INVERNESS SIGNAL I413		Scotland
01111	INVERNESS T.C.		Scotland
01113	INVERNESS T.M.D.		Scotland
01110	INVERNSCW		Scotland
01035	INVERSHIN	INH	Scotland
02031	INVERURIE	INR	Scotland
02032	INVERURIE C.E.		Scotland
02034	INVERURIE NORTH JUNCTION		Scotland
02035	INVERURIE TURNBACK SIDING		Scotland
02033	INVERURIE YARD		Scotland
49220	IPSWCHWRD		Anglia
49211	IPSWICH	IPS	Anglia
49225	IPSWICH BOSS HALL JN		Anglia
49199	IPSWICH CARRIAGE STABLING	XIP	Anglia
49214	IPSWICH CLIFFE QUAY		Anglia
49202	IPSWICH C.S.D.		Anglia
49193	IPSWICH EAST SUFFOLK JN		Anglia
49226	IPSWICH EUROPA JN		Anglia
49215	IPSWICH FIELD SIDINGS		Anglia
49221	IPSWICH GRIFFIN WHARF		Anglia
49223	IPSWICH HALIFAX JUNCTION		Anglia
49206	IPSWICH LONDON ROAD		Anglia
49213	IPSWICH LOWER YARD		Anglia
49205	IPSWICH RECEPTION GBRF		Anglia
49209	IPSWICH REC FLR		Anglia
49203	IPSWICH RECP.	XIQ	Anglia
49224	IPSWICH SHUNT NECK 1		Anglia
49222	IPSWICH SIG CO295		Anglia
49219	IPSWICH SIG CO297		Anglia
49210	IPSWICH SIG CO326		Anglia
49229	IPSWICH SIG CO333		Anglia
49227	IPSWICH SIG CO351		Anglia
49228	IPSWICH SIG CO352		Anglia
49208	IPSWICH SIGNAL CO328		Anglia
49230	IPSWICH SIGNAL CO335		Anglia
49198	IPSWICH SIGNAL CO348		Anglia
49216	IPSWICH SIGNAL CO820		Anglia
49207	IPSWICH SIGNAL CO822		Anglia
49217	IPSWICH SIGNAL CO830		Anglia
49218	IPSWICH SIGNAL CO832		Anglia
49200	IPSWICH S.S.		Anglia
49201	IPSWICH UP AND DOWN GOODS		Anglia
49231	IPSWICH VMF FUEL POINT		Anglia
49233	IPSWICH VMF WAGON SHED		Anglia
49232	IPSWICH VMF WHEEL LATHE		Anglia
49204	IPSWICH YARD		Anglia
49212	IPSYD RP		Anglia
61110	IRCHESTER		East Midlands
33097	IRLAM	IRL	North West
81099	IRON ACTON		Western
64825	IRONBRIDGE POWER STATION		Central
64831	IRONBRIDGE POWER STATION GBRF		Central
64826	IRONBRIDGE POWER STN (FHH)		Central
64824	IRONBRIDGE PS ENT/EXIT STOP BOARDS		Central
64833	IRONBRIDGE P STN C&W GBRF		Central
64823	IRONBRIDGE PS TRAIN EXAM PT		Central
64821	IRONBRIDGE PWR STN (FASTLINE)		Central
56508	IRONVILLE JUNCTION		East Midlands
00261	IRUN		High Speed
08401	IRVINE	IRV	Scotland
08403	IRVINE B.C.C.		Scotland
08302	IRVINE BOGSIDE		Scotland
08415	IRVINE CALEDONIAN PAPER		Scotland
08416	IRVINE CALEDONIAN PAPER GB		Scotland
08405	IRVINE C.E.		Scotland
08402	IRVINE SIG 801		Scotland
08400	IRVINE UPM COLAS		Scotland
88754	ISLE OF GRAIN FLT C&W		Kent
87142	ISLEWORTH	ISL	Wessex
74558	ISLIP	ISP	Central
73810	IVER	IVR	Western
84067	IVYBRIDGE	IVY	Western
15504	JAMES COOK UNI HOSPITAL STN	JCH	North & East
38184	JAMES STREET	LVJ	North West
13033	JARROW SHELL		East Coast
79254	JERMARINE		Wales
79250	JERSEY MARINE (FLHH)		Wales
79255	JERSEY MARINE JN NORTH		Wales
79253	JERSEY MARINE STEEL SUPP		Wales
79252	JERSEY MARINE YARD		Wales
00747	JEUMONT		High Speed
65210	JEWELLERY QUARTER	JEQ	Central
23103	JOAN CROFT JN		East Coast
80111	JOHNSTON	JOH	Wales
07105	JOHNSTONE	JHN	Scotland
04638	JOPPA STRAIGHT		Scotland
06352	JORDANHILL	JOR	Scotland
63640	JUNCTION ROAD JN	XJR	Anglia
00058	KARLSRUHE		High Speed
08727	KAY PARK JN		Scotland
22085	KEADBY CANAL		North & East
31567	KEARSLEY	KSL	North West
89519	KEARSNEY	KSN	Kent
56614	KEGWORTH		East Midlands
17011	KEIGHLEY	KEI	North & East
17010	KEIGHLEY STATION JN		North & East
17012	KEIGHLEY & WVLR		North & East
02015	KEITH	KEH	Scotland
02017	KEITH BRANCH PLATFORM		Scotland
02025	KEITH BRANCH PLATFORM GBRF		Scotland
02013	KEITH CHIVAS BROS		Scotland
02014	KEITH LOOP		Scotland
02016	KEITH MACPHERSONS TRANSPRT		Scotland
02018	KEITH STRATHISLA PLATFORM		Scotland
18009	KELLINGLEY COLLIERY		North & East
18004	KELLINGLEY COLLIERY (FLHH)		North & East
17990	KELLINGLEY COLLIERY (GBRF)		North & East
50113	KELVEDON	KEL	Anglia
06230	KELVINDALE	KVD	Scotland
75018	KEMBLE	KEM	Western
75025	KEMBLE SIGNAL 6546		Western
62040	KEMPSTON HARDWICK	KMH	West Coast South
87154	KEMPTON PARK	KMP	Wessex
89400	KEMSING	KMS	Kent
89109	KEMSLEY	KML	Kent
11007	KENDAL	KEN	North West
69408	KENETON SIDINGS 2		Central
69311	KENILWORTH	KNW	Central
69309	KENILWORTH JNS		Central
87810	KENLEY	KLY	Sussex
74233	KENNET BRIDGE JN		Western
74232	KENNET BRIDGE LOOP		Western
02024	KENNETHMONT		Scotland
46284	KENNET REDLAND GROUND FRME		Anglia
46279	KENNETT	KNE	Anglia
46283	KENNETT (FHH)		Anglia
46282	KENNETT REDLAND SIDING		Anglia
74434	KENNINGTON GOODS LOOP		Western
74438	KENNINGTON JN		Western
07227	KENNISHEAD	KNS	Scotland
72272	KENSAL GREEN	KNL	West Coast South
73119	KENSAL GREEN C.SERV.PLT.	XKS	Western
72273	KENSAL GREEN JN	XKG	Anglia
73107	KENSAL GREEN SIDINGS		Western
72412	KENSAL GREEN TURNBACK		Anglia
72413	KENSAL RISE	KNR	Anglia
72247	KENSINGTON HIGH ST L.T.	ZHS	Anglia
72241	KENSINGTON OLYMPIA	KPA	Sussex
88314	KENT HOUSE	KTH	Kent
63551	KENTISH TOWN	KTN	East Midlands
72420	KENTISH TOWN WEST	KTW	Anglia
72008	KENTON	KNT	West Coast South
11341	KENTS BANK	KBK	North West
85418	KERNICK ECC SIDING		Western
61009	KETTERING	KET	East Midlands
61004	KETTERING ENGINEERING SDGS		East Midlands
61008	KETTERING HOT BOX SDG		East Midlands
61006	KETTERING NORTH JUNCTION		East Midlands
61007	KETTERING SIG LR617		East Midlands
61005	KETTERING SIGNAL BK6094		East Midlands
61012	KETTERING SIGNAL LR49		East Midlands
61003	KETTERING STABLING SIDINGS		East Midlands
61010	KETTERING STH JN		East Midlands
45019	KETTON RP		East Midlands
45006	KETTON S.B.		East Midlands
45016	KETTON SIG K3		East Midlands
45005	KETTON WARD SDG.		East Midlands
45020	KETTON WARD SDG GBRF		East Midlands
87147	KEW BRIDGE	KWB	Wessex
72254	KEW EAST JN		Anglia
87136	KEW GARDENS	KWG	Anglia
84201	KEYHAM	KEY	Western
84203	KEYHAM SIG P127		Western
87972	KEYMER JN	XKM	Sussex
81507	KEYNSHAM	KYN	Western
59341	KIBWORTH SUMMIT		East Midlands
88417	KIDBROOKE	KDB	Kent
65935	KIDDERMINSTER	KID	Central
65937	KIDDERMINSTER C.H.S.		Central
65936	KIDDERMINSTER DN GDS LOOP		Central
65941	KIDDERMINSTER S.V.R.		Private Railway
65942	KIDDERMINSTER TMD(SVR)		Central
43031	KIDSGROVE	KDG	West Coast South
43032	KIDSGROVE SIG 587		West Coast South
79019	KIDWELLY	KWL	Wales
79030	KIDWELLY JUNCTION		Wales
00916	KIJFHOEK YARD		High Speed
72313	KILBURN HIGH ROAD	KBN	West Coast South
57130	KILBURN LC (DERBYSHIRE)		East Midlands
72312	KILBURN UP & DOWN GDS LP		West Coast South
63020	KILBURN VIADUCT		Central
59331	KILBY BRIDGE JN		East Midlands
15512	KILDALE	KLD	North & East
01015	KILDONAN	KIL	Scotland
17007	KILDWICK		North & East
80215	KILGETTY	KGT	Wales
08642	KILKERRAN		Scotland
03098	KILLIECRANKIE		Scotland
21215	KILLINGHOLME		North & East
21216	KILLINGHOLME ADMIRALTY PFM		North & East
12139	KILLINGWORTH		East Coast
08664	KILLOCH COLLIERY FHH		Scotland
08665	KILLOCH COLLIERY GBRF		Scotland
08663	KILLOCH COLLY		Scotland
08712	KILMARNOCK	KMK	Scotland
08718	KILMARNOCK (BARCLAY SDGS)		Scotland
08708	KILMARNOCK BONNYTON DEPOT		Scotland
08709	KILMARNOCK LONG LYES T.C.		Scotland
08710	KILMARNOCK SIG K72		Scotland
08713	KILMARNOCK SIG K86		Scotland
08711	KILMARNOCK WALKER J		Scotland
08704	KILMAURS	KLM	Scotland
24490	KILNHURST LIMIT OF SHUNT		North & East
24487	KILNHURST S1104		North & East
24488	KILNHURST S1105		North & East
24489	KILNHURST S1109		North & East
24491	KILNHURST UP GDS LOOP		North & East
06205	KILPATRICK	KPT	Scotland
70040	KILSBY G.F.		West Coast South
08105	KILWINNING	KWN	Scotland
08107	KILWINNING DOWN C.E.		Scotland
08108	KILWINNING SIGNAL PK794		Scotland
08104	KILWINNING SIGPK785		Scotland
08106	KILWINNING UP GOODS LOOP		Scotland
08126	KILWINNING UP GOODS YARD		Scotland
08103	KILWINNING UP SIDINGS		Scotland
01013	KINBRACE	KBC	Scotland
01018	KINBRACE TIMBER LOADING PT		Scotland
03348	KINCARDINE LEVEL CROSSING		Scotland
03345	KINCARDINE P.S.		Scotland
01145	KINCRAIG		Scotland
69406	KINETON JN		Central
69403	KINETON MOD GBRF		Central
69409	KINETON SIDING 3		Central
69407	KINETON SIDINGS 1		Central
12933	KING EDWARD BRIDGE EAST JN		East Coast
12934	KING EDWARD BRIDGE NORTH JN		East Coast
12932	KING EDWARD BRIDGE SOUTH JN		East Coast
74465	KINGHAM	KGM	Western
03283	KINGHORN	KGH	Scotland
03245	KINGLASSIE LOADING PAD		Scotland
09157	KINGMOOR UP LOOP		North West
09164	KINGMOOR YARD DOWN DEPART		North West
66032	KINGSBURY BIRCH COPPICE		Central
66023	KINGSBURY BRANCH JN		Central
66028	KINGSBURY FREIGHTLINER HH		Central
66031	KINGSBURY JN	XKI	Central
66026	KINGSBURY OIL SDGS		Central
66029	KINGSBURY SDGS		Central
66027	KINGSBURY S.F.		Central
54312	KINGS CROSS BALLAST SDG		East Coast
54310	KINGS CROSS F.D.		East Coast
54306	KINGS CROSS F.D.(T.P.C.M.)		East Coast
54303	KINGS CROSS INCLINE JN		East Coast
54307	KINGS CROSS PIONEER		East Coast
54308	KINGS CROSS SPOIL SIDING		East Coast
54302	KINGS CROSS TARMAC TOPMIX		East Coast
46135	KINGS DYKE		Anglia
04707	KINGS GATE JN		Scotland
04118	KINGSKNOWE	KGE	Scotland
71022	KINGS LANGLEY	KGL	West Coast South
46220	KINGS LYNN	KLN	Anglia
46221	KINGS LYNN CARRIAGE SIDNGS	XKL	Anglia
46243	KINGS LYNN DALGETTY & FKLN		Anglia
46223	KINGS LYNN JN		Anglia
46224	KINGS LYNN SIG 43		Anglia
46227	KINGS LYNN SIGNAL KL36		Anglia
46228	KINGS LYNN SIGNAL KL45		Anglia
46226	KINGS LYNN STABLING SIDING		Anglia
46222	KINGS LYNN T.C.		Anglia
46225	KINGS LYNN T.C. GBRF		Anglia
66510	KINGS NORTON	KNN	Central
66511	KINGS NORTON C.T.		Central
66512	KINGS NORTON OT PLANT DEPT		Central
66522	KINGS NORTON SIGNAL 529		Central
66509	KINGS NORTON SIG SY522		Central
66524	KINGS NORTON SIG SY523		Central
66517	KINGS NORTON SIG SY528		Central
66516	KINGS NORTON SIG SY57		Central
66514	KINGS NORTON TPD (FASTLINE)		Central
66515	KINGS NORTON TPD (FASTLINE)		Central
83231	KINGS NYMPTON	KGN	Western
07235	KINGS PARK	KGP	Scotland
69429	KINGS SUTTON	KGS	Central
87161	KINGSTON	KNG	Wessex
87167	KINGSTON CROSSOVER		Wessex
87168	KINGSTON SIG F410		Wessex
83639	KINGSWEAR (FOR DARTMOUTH)	KWR	Western
65731	KINGSWINFORD JN		Central
87709	KINGSWOOD	KND	Sussex
54301	KINGS X		East Coast
54313	KINGS X GASWORKS TUN REV		East Coast
01147	KINGUSSIE	KIN	Scotland
01146	KINGUSSIE C.E.		Scotland
74805	KINTBURY	KIT	Western
74806	KINTBURY SIGNAL R848		Western
02039	KINTORE	KTR	Scotland
50016	KIRBY CROSS	KBX	Anglia
58140	KIRBY MUXLOE		East Midlands
36050	KIRKBY	KIR	North West
56243	KIRKBY IN ASHFIELD	KKB	East Midlands
11223	KIRKBY-IN-FURNESS	KBF	North West
56242	KIRKBY LANE END JN		East Midlands
56245	KIRKBY SOUTH JUNCTION		East Midlands
09436	KIRKBY STEPHEN	KSW	North West
09435	KIRKBY STEPHEN KS9		North West
09434	KIRKBY STEPHEN URS		North West
56241	KIRKBY SUMMIT SB		East Midlands
09423	KIRKBY THORE SIG. KT55		North West
09420	KIRKBY THORE SIGNAL BOX		North West
03272	KIRKCALDY	KDY	Scotland
03271	KIRKCALDY SIDINGS		Scotland
03274	KIRKCALDY SIG 843		Scotland
03273	KIRKCALDY SIG EK838		Scotland
03275	KIRKCALDY YARD		Scotland
08841	KIRKCONNEL	KRK	Scotland
08842	KIRKCONNEL C.E.		Scotland
08843	KIRKCONNEL SIG KC39		Scotland
36057	KIRKDALE	KKD	North West
36058	KIRKDALE C.S.	XKK	North West
16233	KIRKHAM ABBEY SB		North & East
30045	KIRKHAM C.C.E.		North West
30044	KIRKHAM & WESHAM	KKM	North West
30047	KIRKHAM & WESHAM SIG. KM51		North West
30049	KIRKHAM WEST JN		North West
07551	KIRKHILL	KKH	Scotland
30048	KIRKHMNJN		North West
30046	KIRKHMTIP		North West
04112	KIRKNEWTON	KKN	Scotland
23026	KIRK SANDALL	KKS	East Coast
23025	KIRK SANDALL JN		East Coast
17139	KIRKSTALL CROSSOVER		North & East
17138	KIRKSTALL DOWN LOOP		North & East
17140	KIRKSTALL FORGE	KLF	North & East
17137	KIRKSTALL UP LOOP		North & East
07298	KIRKWOOD	KWD	Scotland
07983	KIRTLEBRIDGE G.F.		Scotland
26003	KIRTON LIME SIDINGS		North & East
26004	KIRTON LINDSEY	KTL	North & East
02060	KITTYBREWSTER		Scotland
02063	KITTYBREWSTER ARRIVAL LINE		Scotland
02059	KITTYBREWSTER GROUND FRAME		Scotland
26609	KIVETON BRIDGE	KIV	North & East
26591	KIVETON PARK	KVP	North & East
26593	KIVETON PARK (FHH)		North & East
16228	KNAPTON		North & East
16113	KNARESBOROUGH	KNA	North & East
53228	KNEBWORTH	KBW	East Coast
53237	KNEBWORTH SIG K639		East Coast
66024	KNGSBY		Central
66025	KNGSBYCOL		Central
59271	KNIGHTON		East Midlands
79087	KNIGHTON	KNI	Wales
59272	KNIGHTON JN		East Midlands
59273	KNIGHTON JN SIG LR326		East Midlands
59274	KNIGHTON JUNCTION SIDINGS		East Midlands
89341	KNOCKHOLT	KCK	Kent
08831	KNOCKSHINNOCH SIG NC15		Scotland
18022	KNOTTINGLEY	KNO	North & East
18015	KNOTTINGLEY EAST JN		North & East
18038	KNOTTINGLEY FE6431		North & East
18021	KNOTTINGLEY JACKSONS		North & East
18020	KNOTTINGLEY SIDINGS		North & East
18030	KNOTTINGLEY SIG FE6417		North & East
18029	KNOTTINGLEY SIG FE6418		North & East
18036	KNOTTINGLEY SIG FE6421		North & East
18039	KNOTTINGLEY SIG FE6423		North & East
18017	KNOTTINGLEY SIG K402		North & East
18014	KNOTTINGLEY SOUTH JN		North & East
18018	KNOTTINGLEY T.M.D.		North & East
18023	KNOTTINGLEY TMD (FHH)		North & East
18016	KNOTTINGLEY WEST JN		North & East
18019	KNOTTINGLEY W.R.D.		North & East
36047	KNOWSLEY FREIGHT TERMINAL		North West
79096	KNUCKLAS	KNU	Wales
37221	KNUTSFORD	KNF	North West
00034	KOBLENZ HBF	KBZ	High Speed
00009	KOLN HBF		High Speed
00010	KOLN NIEHL		High Speed
00008	KOLN NIEHL HAFEN		High Speed
01071	KYLE OF LOCHALSH	KYL	Scotland
01070	KYLE OF LOCHALSH G.F.		Scotland
15640	LACKENBY B.S.C.		North & East
15641	LACKENBY MARCROFT ENG.		North & East
15627	LACKENBY SSI C&W (GBRF)		North & East
15626	LACKENBY SSI (FLHH)		North & East
15638	LACKENBY SSI GBRF		North & East
73111	LADBROKE GROVE		Western
03221	LADYBANK	LDY	Scotland
03220	LADYBANK BRANCH LOOP		Scotland
03222	LADYBANK C.E.		Scotland
03217	LADYBANK D.G.L.		Scotland
03218	LADYBANK SIG 668		Scotland
03219	LADYBANK S.& T.E.		Scotland
07027	LADYBURN T.C.		Scotland
88309	LADYWELL	LAD	Kent
88310	LADYWELL JN		Kent
51301	LAINDON	LAI	Anglia
84092	LAIRA CEM		Western
84093	LAIRA DEP		Western
84091	LAIRA ISU (S&TE)		Western
84089	LAIRA JN		Western
84094	LAIRA TMD FUEL ROAD		Western
84090	LAIRA T.& R.S.M.D.	XLZ	Western
01031	LAIRG	LRG	Scotland
01032	LAIRG C.E.		Scotland
01033	LAIRG OIL TERMINAL		Scotland
01030	LAIRG SOUTH SHUNT		Scotland
18630	LAISTERDYKE E.M.RECYCLING		North & East
18629	LAISTERDYKE SIG HB3826		North & East
86293	LAKE	LKE	Wessex
46266	LAKENHEATH	LAK	Anglia
09337	LAMBRIGG		North West
80205	LAMPHEY	LAM	Wales
07957	LANARK	LNK	Scotland
07956	LANARK JN		Scotland
11720	LANCASTER	LAN	North West
11722	LANCASTER SOUTH JN		North West
87994	LANCING	LAC	Sussex
79327	LANDORE JUNCTION		Wales
79320	LANDORE T.M.D.	XDL	Wales
66328	LANDOR ST BANK ENGINE SDGS		Central
66321	LANDOR STREET JN	XLX	Central
65513	LANDYWOOD	LAW	Central
07130	LANGBANK	LGB	Scotland
59133	LANGHAM JN.		East Midlands
29145	LANGHO	LHO	North West
73816	LANGLEY	LNY	Western
73815	LANGLEY EWS SIDINGS		Western
65901	LANGLEY GREEN	LGG	Central
65903	LANGLEY GREEN ALBRIGHT & W		Central
65902	LANGLEY GREEN UP GOODS LINE		Central
65906	LANGLEY GREEN YD		Central
53227	LANGLEY JN		East Coast
37070	LANGLEY JN K209 SIGNAL		North West
53232	LANGLEY JN K651		East Coast
53255	LANGLEY JN SIG K211		East Coast
53256	LANGLEY JN SIGWL 1971		East Coast
53251	LANGLEY JN WL1972		East Coast
53252	LANGLEY JN WL1974		East Coast
56524	LANGLEY MILL	LGM	East Midlands
73814	LANGLEY RECEPTION SIDINGS		Western
53226	LANGLEY REDLANDS		East Coast
53224	LANGLEY REDLANDS GBRF		East Coast
53235	LANGLEY SIG KX209		East Coast
53234	LANGLEY SOUTH JN		East Coast
07338	LANGLOAN JN		Scotland
82306	LANGPORT VIADUCT		Western
07581	LANGSIDE	LGS	Scotland
09418	LANGWATHBY	LGW	North West
28003	LANGWITH - WHALEY THORNS	LAG	North & East
44045	LANGWORTH S.B.		East Midlands
83235	LAPFORD	LAP	Western
66434	LAPWORTH	LPW	Central
05009	LARBERT	LBT	Scotland
05011	LARBERT C.E.		Scotland
05015	LARBERT JN		Scotland
05008	LARBERT NORTH		Scotland
05007	LARBERT NORTH D.G.L.		Scotland
84431	LARGIN		Western
08221	LARGS	LAR	Scotland
07260	LARKFIELD CARRIAGE SIDINGS		Scotland
07262	LARKFIELD JN		Scotland
07496	LARKHALL	LRH	Scotland
35536	LATCHFORD MSCC SIDINGS		North West
87205	LATCHMERE JN		Sussex
03001	LAURENCEKIRK	LAU	Scotland
03002	LAURENCEKIRK D.R.S.		Scotland
03004	LAURENCEKIRK U.R.S.		Scotland
86115	LAVERSTOCK NORTH JN		Wessex
86114	LAVERSTOCK SOUTH JN		Wessex
74822	LAVINGTON		Western
00782	LA VOULTE		High Speed
07953	LAW JN		Scotland
07954	LAW JN DOWN PASSENGER LOOP		Scotland
07949	LAW JN DOWN SIDINGS		Scotland
07952	LAW JN (ROAD RAIL TS)		Scotland
07951	LAW JN UP C.E.		Scotland
07944	LAW JN UPL		Scotland
66403	LAWLEY ST FLT CONNECTRAIL		Central
66398	LAWLEY STREET AGGS TERM		Central
66402	LAWLEY STREET F.L.T.		Central
81422	LAWRENCE HILL	LWH	Western
81410	LAWRENCE HILL G.F.		Western
81421	LAWRNCHFD		Western
30027	LAYTON	LAY	North West
09416	LAZONBY & KIRKOSWALD	LZB	North West
88406	LDN BDG E		Kent
51933	LEA BRIDGE	LEB	Anglia
05997	LEACHABHUIDH		Scotland
62211	LEAGRAVE	LEA	East Midlands
62209	LEAGRAVE JN		East Midlands
62213	LEAGRAVE SHUNT SIG 591		East Midlands
62212	LEAGRAVE TAMPER SDG		East Midlands
35447	LEA GREEN	LEG	North West
65610	LEA HALL	LEH	Central
52210	LEA INTERCHANGE SIDINGS		Anglia
52039	LEA JN LOOP SIG 1286		Anglia
52038	LEA JUNCTION		Anglia
15516	LEALHOLM	LHM	North & East
69301	LEAMINGTON CARRIAGE SDGS		Central
69300	LEAMINGTON SPA	LMS	Central
69306	LEAMINGTON SPA DOWN DOCK		Central
69310	LEAMINGTON SPA PLT 4 SDG		Central
69302	LEAMINGTON SPA SIG 113		Central
69303	LEAMINGTON SPA SIG 126		Central
69304	LEAMINGTON SPA SIGNAL 128		Central
38009	LEASOWE	LSW	North West
87685	LEATHERHEAD	LHD	Wessex
87676	LEATHERHEAD SIG W1195		Sussex
64125	LEATON L.C.		Wales
78518	LECKWITH BRIDGE GROUND FRAME		Wales
78510	LECKWITH LOOP		TfW Cardiff Valleys
77307	LECKWITH NORTH JN		Wales
78517	LECKWITH SOUTH JN		Wales
70320	LEDBURN JN	XOD	West Coast South
70325	LEDBURN SIG TK1426		West Coast South
70324	LEDBURN SIG TK 1428		West Coast South
70322	LEDBURN SIG TK1433		West Coast South
67219	LEDBURY	LED	Central
88453	LEE	LEE	Kent
17132	LEEDS	LDS	North & East
17172	LEEDS BALM RD LOCO (FHH)		North & East
17173	LEEDS BALM ROAD F.D.		North & East
17126	LEEDS EAST JN.		North & East
17184	LEEDS F.L.T.		North & East
17174	LEEDS MIDLAND RD WHEEL LATHE		North & East
17125	LEEDS SIG 3692		North & East
17106	LEEDS SIG L190		North & East
17097	LEEDS SIG L3606		North & East
17148	LEEDS SIG L3629		North & East
17095	LEEDS SIG L3631		North & East
17141	LEEDS SIG L3643		North & East
17133	LEEDS SIG L774		North & East
17094	LEEDS SIG LD3615		North & East
17096	LEEDS SIGNAL LD3613		North & East
17093	LEEDS SIGNAL LD4421		North & East
17175	LEEDS STOURTON RMC		North & East
17131	LEEDS WEST JUNCTION		North & East
17130	LEEDS WHITEHALL RD GBRF		North & East
17134	LEEDS WHITEHALL ROAD		North & East
43421	LEEK BROOK JN		West Coast South
88388	LEE LOOP JN		Kent
15903	LEEMING BAR (TEST)		Private Railway
88545	LEE SHUNT SIGNAL TL345		Kent
88456	LEE SPUR		Kent
88512	LEE SPUR JN		Kent
59241	LEICESTER	LEI	East Midlands
59244	LEICESTER 421 SIGNAL		East Midlands
59245	LEICESTER 426 SIGNAL		East Midlands
59251	LEICESTER BRAUNSTONE GATE		East Midlands
59238	LEICESTER CAR SIDINGS		East Midlands
59239	LEICESTER L.I.P.		East Midlands
59240	LEICESTER NORTH JN.		East Midlands
59242	LEICESTER POWER BOX		East Midlands
59237	LEICESTER SIGNAL LR325		East Midlands
59247	LEICESTER SIGNAL LR397		East Midlands
59246	LEICESTER SIGNAL LR399		East Midlands
59243	LEICESTER SOUTH JN.		East Midlands
87619	LEIGHAM JUNCTION		Sussex
87739	LEIGH (KENT)	LIH	Kent
43510	LEIGH LEVEL CROSSING		East Midlands
51013	LEIGH-ON-SEA	LES	Anglia
70321	LEIGHTON BUZZARD	LBZ	West Coast South
49114	LEISTON	LIE	Anglia
04615	LEITH DOCKS BLUE CIRCLE		Scotland
04612	LEITH DOCKS F.P.A.		Scotland
04613	LEITH DOCKS GATX		Scotland
04616	LEITH DOCKS (GBRF)		Scotland
04614	LEITH DOCKS SAI		Scotland
04617	LEITH LAFARGE COLAS		Scotland
04601	LEITH SOUTH		Scotland
04608	LEITH SOUTH STORAGE		Scotland
04602	LEITH STH FLINER/LAFARGE		Scotland
85715	LELANT	LEL	Western
85716	LELANT SALTINGS	LTS	Western
89407	LENHAM	LEN	Kent
89556	LENHAM CROSSOVER (CTRL)	XXK	High Speed
89560	LENHAM HEATH LOOP (CTRL)		High Speed
89414	LENHAM PASSENGER LOOP		Kent
89424	LENHAM SIGNAL 334		Kent
89558	LENHAM UP SIDING NO 6		High Speed
89562	LENHAM UP SIDING NO 8		High Speed
00737	LENS		High Speed
55122	LENTON NORTH JN		East Midlands
55219	LENTON SOUTH JN		East Midlands
01088	LENTRAN		Scotland
06454	LENZIE	LNZ	Scotland
76373	LEOMINSTER	LEO	Wales
00789	LES AUBRAIS-ORLEANS		High Speed
00727	LESTREM		High Speed
53101	LETCHWORTH A/D LINE	XLL	East Coast
53102	LETCHWORTH C.S.D	XLE	East Coast
53103	LETCHWORTH CS RECEPTION		East Coast
53104	LETCHWORTH GARDEN CITY	LET	East Coast
80035	LETTERSTON JN		Wales
03203	LEUCHARS	LEU	Scotland
03202	LEUCHARS DOWN SIDING		Scotland
03201	LEUCHARS M.O.D.		Scotland
03206	LEUCHARS SIG LE15		Scotland
32516	LEVENSHULME	LVM	North West
49153	LEVINGTON SIGNAL FW9017		Anglia
49154	LEVINGTON SIGNAL FW9018		Anglia
49155	LEVINGTON SIGNAL FW9023		Anglia
49157	LEVINGTON SIGNAL FW9024		Anglia
15527	LEVISHAM	XLA	Private Railway
88221	LEWES	LWS	Sussex
88220	LEWES DOWN TAMPER SIDING		Sussex
88222	LEWES SIGNAL LW58		Sussex
88219	LEWES UP SIDING		Sussex
88415	LEWISHAM	LEW	Kent
88390	LEWISHAM VALE JN		Kent
30162	LEYLAND	LEY	North West
30161	LEYLAND B LEYLAND		North West
51551	LEYTON MIDLAND ROAD	LEM	Anglia
51547	LEYTONSTONE HIGH ROAD	LER	Anglia
73768	LHR SIGNALS HS357/392		Private Railway
65316	LICHFIELD CITY	LIC	Central
65317	LICHFIELD CITY C.S.		Central
65212	LICHFIELD DOWN SIDING		Central
65309	LICHFIELD NORTH JN	XOI	West Coast South
65304	LICHFIELD SIG LS1306		Central
65305	LICHFIELD SIG LS1308		Central
65308	LICHFIELD SIGNAL LD1310		Central
65311	LICHFIELD TRENT VALLEY	LTV	West Coast South
65315	LICHFIELD TRENT VALLEY HL	LIF	Central
65312	LICHFIELD TV C E SIDINGS		West Coast South
65314	LICHFIELD T.V. JN.		Central
65310	LICHFIELD TV LL PDC		West Coast South
65307	LICHFIELD TV SIG LS1303		West Coast South
65306	LICHFIELD TV SIG LS4259		West Coast South
62047	LIDLINGTON	LID	West Coast South
00859	LIEGE		High Speed
66508	LIFFORD EAST JN		Central
66506	LIFFORD WEST JN		Central
64829	LIGHTMOOR JN		Central
00740	LILLE DELIVERANCE		High Speed
00741	LILLE EUROPE	LIU	High Speed
00742	LILLE FLANDRES	LIL	High Speed
00728	LILLE-PORT-FLUVIAL		High Speed
87178	LILLIE BRIDGE DEPOT LUL		Wessex
62302	LIMBURY ROAD		East Midlands
62303	LIMBURY ROAD GBRF		East Midlands
62299	LIMBURY ROAD NORTH G.F.		East Midlands
62298	LIMBURY ROAD REVERSAL		East Midlands
62304	LIMBURY ROAD SOUTH G.F.		East Midlands
52705	LIMEHOUSE	LHS	Anglia
44038	LINCOLN	LCN	East Midlands
44049	LINCOLN TERRACE C.H.S.	XTT	East Midlands
44050	LINCOLN TERRACE SDGS (FHH)		East Midlands
44048	LINCOLN TERRACE SDGS GBRF		East Midlands
11273	LINDAL TUNNEL		North West
21204	LINDSEY OIL REFINERY		North & East
21195	LINDSEY OIL REFINERY COLAS		North & East
21190	LINDSEY OIL REFINERY (FL)		North & East
21197	LINDSEY OIL REFINERY GBRF		North & East
21196	LINDSEY OR RP GBRF		North & East
87231	LINFORD STREET JN		Kent
87755	LINGFIELD	LFD	Sussex
48058	LINGWOOD	LGD	Anglia
03199	LINKSWOOD		Scotland
03198	LINKSWOOD (COLAS)		Scotland
05119	LINLITHGOW	LIN	Scotland
05120	LINLITHGOW C.E.		Scotland
05122	LINLITHGOW EL 951		Scotland
05121	LINLITHGOW U.P.L.		Scotland
00119	LINZ		High Speed
87064	LIPHOOK	LIP	Wessex
84135	LIPSON JUNCTION		Western
84412	LISKCLAYS		Western
84411	LISKEARD	LSK	Western
84410	LISKEARD BRANCH JN GF		Western
84420	LISKEARD SIG 9		Western
84422	LISKEARD SIG DM260		Western
87065	LISS	LIS	Wessex
78376	LISVANE & THORNHILL	LVT	TfW Cardiff Valleys
45501	LITTLE BARFORD MONIER		East Coast
31037	LITTLEBOROUGH	LTL	North West
42304	LITTLE BRIDGEFORD JN		West Coast South
45000	LITTLE BYTHAM		East Coast
57116	LITTLE EATON JN		East Midlands
57117	LITTLE EATON X		East Midlands
86471	LITTLEHAMPTON	LIT	Sussex
86474	LITTLEHAMPTON JUNCTION		Sussex
86472	LITTLEHAMPTON SHED		Sussex
86473	LITTLEHAMPTON SIGNAL LH11		Sussex
86475	LITTLEHAMPTON UP SDGS 1&2		Sussex
86476	LITTLEHAMPTON WASH ROAD		Sussex
87936	LITTLEHAVEN	LVN	Sussex
73521	LITTLE KIMBLE	LTK	Central
76247	LITTLE MILL JN		Wales
12111	LITTLE MILL LC		East Coast
74435	LITTLEMORE		Western
46259	LITTLEPORT	LTP	Anglia
46269	LITTLEPORT L22 SIGNAL		Anglia
46244	LITTLEPORT L24 SIGNAL		Anglia
75245	LITTLE SOMERFORD		Western
38314	LITTLE SUTTON	LTT	North West
46024	LITTLEWORTH		East Midlands
36095	LIVERPDKS		North West
36108	LIVERPOOL BIOMASS TML GBF		North West
36094	LIVERPOOL BULK TERM (FHH)		North West
36096	LIVERPOOL BULK TERMINAL		North West
36092	LIVERPOOL BULK TML C&W GBRF		North West
36087	LIVERPOOL BULK TML GBRF		North West
36080	LIVERPOOL CENTRAL	LVC	North West
38183	LIVERPOOL CENTRAL	XLV	North West
36081	LIVERPOOL CENTRAL REVS SDG		North West
36079	LIVERPOOL CENT SIGNAL 1017		North West
36056	LIVERPOOL CROWN STREET JN		North West
36110	LIVERPOOL EMR GBRF		North West
36104	LIVERPOOL EURO METAL(MDHC)		North West
36107	LIVERPOOL GLADSTONE DOCK		North West
36152	LIVERPOOL LIME ST CUTTING		North West
36151	LIVERPOOL LIME STREET	LIV	North West
38182	LIVERPOOL LIME STREET LL	LVL	North West
31711	LIVERPOOL ROAD MANCHESTER		North West
36091	LIVERPOOL SOUTH PW LL	LPY	North West
52745	LIVERPOOL ST CROSSRAIL	LSX	Private Railway
50332	LIVERPOOL STREET SIG L572		Anglia
50317	LIVERPOOL STREET SIG L636		Anglia
04025	LIVINGSTON NORTH	LSN	Scotland
04102	LIVINGSTON SOUTH	LVG	Scotland
64415	LLANABER	LLA	Wales
64611	LLANBADARN	LLB	Wales
64418	LLANBEDR	LBR	Wales
79094	LLANBISTER ROAD	LLT	Wales
78369	LLANBRADACH	LNB	TfW Cardiff Valleys
64316	LLANBRYNMAIR		Wales
78410	LLANDAF	LLN	TfW Cardiff Valleys
64420	LLANDANWG	LDN	Wales
79111	LLANDARCY		Wales
64426	LLANDECWYN	LLC	Wales
79074	LLANDEILO	LLL	Wales
79050	LLANDEILO JN		Wales
79042	LLANDEILO WEST JN		Wales
79077	LLANDOVERY	LLV	Wales
79071	LLANDOVERY NSKT SIG		Wales
64605	LLANDRE		Wales
79081	LLANDRINDOD	LLO	Wales
79088	LLANDRINDOD CROSSING	XLW	Wales
40046	LLANDUDNO	LLD	Wales
40051	LLANDUDNO JN LOCO HS		Wales
40053	LLANDUDNO JN SIG. LJ260		Wales
40054	LLANDUDNO JN SIG.LJ69		Wales
40049	LLANDUDNO JN SIG.LJ70		Wales
40052	LLANDUDNO JN. T.C.		Wales
40050	LLANDUDNO JUNCTION	LLJ	Wales
79072	LLANDYBIE	LLI	Wales
79040	LLANELLI	LLE	Wales
79041	LLANELLI DOCK JN EAST		Wales
40026	LLANERHYM		Wales
40037	LLANFAIRFECHAN	LLF	Wales
40030	LLANFAIRPWLL	LPG	Wales
79075	LLANGADOG	LLG	Wales
79083	LLANGAMMARCH	LLM	Wales
40027	LLANGEFNI		Wales
64403	LLANGELYNIN		Wales
79056	LLANGENNECH	LLH	Wales
41404	LLANGOLON		Wales
79090	LLANGYFELACH		Wales
79095	LLANGYNLLO	LGO	Wales
78615	LLANHARAN	LLR	Wales
76640	LLANHILLETH	LTH	Wales
78378	LLANISHEN	LLS	TfW Cardiff Valleys
76111	LLAN OIL		Wales
40059	LLANRWST	LWR	Wales
79324	LLANSAMLET	LAS	Wales
78610	LLANTRISANT	LTI	Wales
78611	LLANTRISANT ROCKWELL		Wales
78915	LLANTWIT MAJOR	LWM	Wales
76107	LLANWERN		Wales
76100	LLANWERN (ADVENZA)		Wales
76097	LLANWERN CAF WORKS		Wales
76102	LLANWERN COLD MILL WAREHOUSE		Wales
76110	LLANWERN EXCHANGE SDGS		Wales
76101	LLANWERN HOT MILL WAREHOUSE		Wales
76095	LLANWERN OLD STATION		Wales
76103	LLANWERN PRE PICKLE WAREHOUSE		Wales
76098	LLANWERN RG (COLAS)		Wales
76113	LLANWERN SLAB TERMINAL		Wales
76104	LLANWERN STEELWORKS EAST		Wales
76105	LLANWERN STEELWORKS WEST		Wales
76109	LLANWERN TATA DISTBN HCF		Wales
76099	LLANWERN WEST JN		Wales
76112	LLANWERN ZODIAC		Wales
76106	LLANWNCOR		Wales
76108	LLANWNCSD		Wales
79076	LLANWRDA	LNR	Wales
79082	LLANWRTYD	LNW	Wales
79086	LLANWRTYD SIG W2		Wales
79067	LLAWERN EXCHANGE GBRF		Wales
64412	LLWYNGWRIL	LLW	Wales
78010	LLWYNYPIA	LLY	TfW Cardiff Valleys
79793	LLYFI JUNCTION		Wales
40048	LLYSFAEN EMERGENCY GF		Wales
02000	LNE ROUTE (G)		NONE
57404	L.N.W. JN. DERBY		East Midlands
04000	LNW ROUTE 2 (R)		Scotland
00325	LOCATE TR		High Speed
06006	LOCHAILORT	LCL	Scotland
06051	LOCH AWE	LHA	Scotland
06014	LOCH EIL OUTWARD BOUND	LHE	Scotland
06009	LOCHEILSIDE	LCS	Scotland
03249	LOCHGELLY	LCG	Scotland
01082	LOCHLUICHART	LCC	Scotland
07220	LOCHRIDGE JN		Scotland
07101	LOCHWINNOCH	LHW	Scotland
07099	LOCHWINNOCH SIG PE171		Scotland
07981	LOCKERBIE	LOC	Scotland
07982	LOCKERBIE DOWN LOOP		Scotland
07980	LOCKERBIE UP LOOP		Scotland
07998	LOCKERBIE UP SIDINGS		Scotland
56622	LOCK LANE X		East Midlands
18487	LOCKWOOD	LCK	North & East
45012	LOLHAM SIGNAL P534		East Coast
00352	LONATO		High Speed
16202	LONDESBOROUGH RD ES		North & East
87245	LONDON BLACKFRIARS	BFR	Kent
87601	LONDON BRIDGE	LBG	Kent
87599	LONDON BRIDGE (BALLAST)		Kent
87582	LONDON BRIDGE SIG TL5109		Kent
87565	LONDON BRIDGE SIG TL5110		Kent
88403	LONDON CANNON STREET	CST	Kent
88401	LONDON CHARING CROSS	CHX	Kent
72410	LONDON EUSTON	EUS	West Coast South
52711	LONDON FENCHURCH STREET	FST	Anglia
52737	LONDON FIELDS	LOF	Anglia
51125	LONDON GATEWAY ARRIVAL		Anglia
51126	LONDON GATEWAY DBSCHENKER		Anglia
51129	LONDON GATEWAY DEP LINE		Anglia
51127	LONDON GATEWAY FRGHTLINER		Anglia
51120	LONDON GATEWAY GBRF		Anglia
51128	LONDON GATEWAY PORT SIG LG11		Anglia
73767	LONDON HEATHROW AIRPORT TML 5	HWV	Private Railway
54311	LONDON KINGS CROSS	KGX	East Coast
52743	LONDON LIVERPOOL ST (BALL)		Anglia
52741	LONDON LIVERPOOL STREET	LST	Anglia
63021	LONDON MARYLEBONE	MYB	Central
73000	LONDON PADDINGTON	PAD	Western
73104	LONDON PADDINGTON NEW YARD		Western
72352	LONDON PICCADILLY CIRCUS	ZPC	Private Railway
09179	LONDON RD. JN.		North West
88141	LONDON ROAD (BRIGHTON)	LRB	Sussex
72357	LONDON ROAD DEPOT		Private Railway
87068	LONDON ROAD (GUILDFORD)	LRD	Wessex
87201	LONDON VICTORIA	#MULTIVALUE	Sussex
87212	LONDON WATERLOO	WAT	Wessex
88402	LONDON WATERLOO (EAST)	WAE	Kent
87213	LONDON WATERLOO (INT)	WIT	Wessex
87226	LONDON WATERLOO SIG W1030		Sussex
03346	LONGANNET POWER STATION - EWS		Scotland
03344	LONGANNET POWER STN FHH		Scotland
03343	LONGANNET P.S.		Scotland
03347	LONGANNET S.B.		Scotland
09309	LONG ASHES		North West
15666	LONGBECK	LGK	North & East
66519	LONGBRIDGE	LOB	Central
66518	LONGBRIDGE REVERSING SDGS		Central
66520	LONGBRIDGE SIG 23		Central
66521	LONGBRIDGE SIGNAL 24		Central
70091	LONG BUCKBY	LBK	West Coast South
13304	LONG BYRE		North & East
87105	LONGCROSS	LNG	Wessex
77075	LONG DYKE JN		Wales
56596	LONG EATON	LGE	East Midlands
56597	LONG EATON TOWN X		East Midlands
00749	LONGEAU		High Speed
88487	LONGFIELD	LGF	Kent
03064	LONGFORGAN LC		Scotland
87232	LONGHEDGE JN		Kent
15885	LONGLANDS JN		East Coast
15879	LONG LANE S.B.		East Coast
69195	LONG LAWFORD JUNCTION RUGBY		West Coast South
67362	LONG MARSTON		Western
67364	LONG MARSTON (GBRF)		Western
67363	LONG MARSTON REPAIR PT		Western
09424	LONG MARTON		North West
67361	LONGMSTN		Western
04817	LONGNIDDRY	LND	Scotland
04816	LONGNIDDRY APCO		Scotland
43044	LONGPORT	LPT	West Coast South
43043	LONGPORT BRADWELL UP SDGS		West Coast South
43041	LONGPORT CARLESS SOLVENTS		West Coast South
43047	LONGPORT DOWN SDGS.		West Coast South
43046	LONGPORT F.D.		West Coast South
43049	LONGPORT JN		West Coast South
43232	LONGPORT TMD		West Coast South
09525	LONG PRESTON	LPR	North West
43048	LONGPRT		West Coast South
43051	LONGPTLHL		West Coast South
85730	LONG ROCK		Western
34096	LONG SIDING PEAK FORREST		North West
32512	LONGSIGHT CAR. M.D.	XML	North West
32505	LONGSIGHT DOWN GOODS LOOP		North West
32506	LONGSIGHT EXCURSION PLAT		North West
32507	LONGSIGHT HOLDING SIDINGS		North West
32501	LONGSIGHT NORTH		North West
32509	LONGSIGHT SOUTH		North West
32511	LONGSIGHT T.M.D. (D)		North West
32514	LONGSIGHT T.M.D. (E)		North West
32503	LONGSIGHT UP & DWN GDS LP		North West
32513	LONGSIGHT WHEEL LATHE		North West
32510	LONGSTFHT		North West
43501	LONGTON	LGN	East Midlands
09131	LONGTOWN M.O.D.		North West
09134	LONGTOWN MOD (DRS)		North West
09133	LONGTOWN MOD GBRF		North West
09132	LONGTOWN SIDING		North West
00760	LONGUYON		High Speed
84421	LOOE	LOO	Western
30330	LOSTOCK	LOT	North West
37134	LOSTOCK		North West
37209	LOSTOCK GRALAM	LTG	North West
30142	LOSTOCK HALL	LOH	North West
30139	LOSTOCK HALL JN	XLS	North West
30331	LOSTOCK JN	XLK	North West
37133	LOSTOCK WORKS		North West
85101	LOSTWITHIEL	LOS	Western
85103	LOSTWITHIEL CLAY SIDINGS		Western
85097	LOSTWITHIEL DOWN GDS LOOP		Western
85100	LOSTWITHIEL SIG 4		Western
85099	LOSTWITHIEL UP GOODS LOOP		Western
01019	LOTH		Scotland
59002	LOUGHBOROUGH	LBO	East Midlands
59004	LOUGHBOROUGH A.R.C.		East Midlands
59006	LOUGHBOROUGH BRUSH		East Midlands
87247	LOUGHBOROUGH JN	LGJ	Kent
59001	LOUGHBOROUGH NORTH JN		East Midlands
59005	LOUGHBOROUGH SIG 675		East Midlands
59003	LOUGHBOROUGH SOUTH JN		East Midlands
58033	LOUNGE JN		East Midlands
58035	LOUNGE OPEN CAST		East Midlands
00611	LOURCHES		High Speed
23480	LOVERSALL CARR JN		East Coast
88015	LOVERS WALK SIGNAL T1247		Sussex
88013	LOVERS WALK SIGNAL T1250		Sussex
88016	LOVERS WALK SIGNAL T1255		Sussex
88019	LOVERS WALK SIGNAL T1262		Sussex
88014	LOVERS WALK SIGNAL T1267		Sussex
87979	LOVERS WALK T&R.S.M.D	XBI	Sussex
55501	LOWDHAM	LOW	East Midlands
23304	LOW ELLERS JN		East Coast
88313	LOWER SYDENHAM	LSY	Kent
48104	LOWESTOFT	LWT	Anglia
48114	LOWESTOFT ISU (CE)		Anglia
48101	LOWESTOFT RECP.		Anglia
48199	LOWESTOFT SIGNAL L57		Anglia
48198	LOWESTOFT SIGNAL L6		Anglia
13540	LOW FELL GB RAILFREIGHT		North & East
13543	LOW FELL ISU (CE)		North & East
13542	LOW FELL JN		North & East
13539	LOW FELL ROYAL MAIL TMNL		North & East
13545	LOW FELL SIG T201		North & East
13544	LOW FELL SIG T203		North & East
15881	LOW GATES L.C.		East Coast
09333	LOWGILL		North West
09414	LOW HOUSE CROSSING S.B.		North West
18461	LOW MOOR	LMR	North & East
13303	LOW ROW S.B.	XRL	North & East
51133	LOW ST LC		Anglia
35303	LOWTON JN		North West
36192	L'POOL STH PW HL (ALLERTN)	ALE	North West
86133	LUDGERSHALL BRANCH STOP BOARD		Wessex
86076	LUDGERSHALL M.O.D.		Wessex
86152	LUDGERSHALL MOD GBRF		Wessex
86078	LUDGRSHAL		Wessex
76377	LUDLOW	LUD	Wales
59141	LUFFENHAM		East Midlands
07222	LUGTON		Scotland
07223	LUGTON KEMIRA		Scotland
00305	LUINO		High Speed
03112	LUNCARTY		Scotland
62400	LUTON	LUT	East Midlands
62410	LUTON AIRPORT PARKWAY	LTN	East Midlands
62403	LUTON CENTRE SDGS		East Midlands
62402	LUTON CRESCENT ROAD		East Midlands
62401	LUTON CRESCENT ROAD (FHH)		East Midlands
62409	LUTON CRESCENT ROAD (GBRF)		East Midlands
62301	LUTON LRD		East Midlands
62399	LUTON NORTH END LOOP		East Midlands
62398	LUTON NORTH JN		East Midlands
62408	LUTON SIG 575		East Midlands
62407	LUTON SIG 614		East Midlands
62411	LUTON SIGNAL 616		East Midlands
62405	LUTON SIGNAL WH581		East Midlands
62404	LUTON UP SIDINGS		East Midlands
85225	LUXULYAN	LUX	Western
89433	LYDD TOWN		Kent
76072	LYDNEY	LYD	Wales
76075	LYDNEY DOWN GOODS LOOP		Wales
76068	LYDNEY JUNCTION		Wales
76071	LYDNEY SIG 415		Wales
76069	LYDNEY SIG 416		Wales
76070	LYDNEY SIG 419		Wales
76074	LYDNEY UP GOODS LOOP		Wales
65929	LYE	LYE	Central
86908	LYMINGTON PIER	LYP	Wessex
86907	LYMINGTON TOWN	LYT	Wessex
83473	LYMPSTONE COMMANDO	LYC	Western
83474	LYMPSTONE VILLAGE	LYM	Western
12219	LYNEMOUTH COAL SIDINGS		North & East
12216	LYNEMOUTH DBS INT		North & East
12215	LYNEMOUTH POWER STATION		North & East
12218	LYNEMOUTH POWER STN (FHH)		North & East
12224	LYNEMOUTH POWER STN (GBRF)		North & East
12217	LYNEMOUTH R T ALCAN DBS		North & East
12212	LYNEMOUTH SMELTER GBRF		North & East
00775	LYON GUILLOTIERE		High Speed
00791	LYON PERR		High Speed
00795	LYON VENI		High Speed
00776	LYON VENISSIEUX		High Speed
30038	LYTHAM	LTM	North West
32571	MACCLESFIELD	MAC	North West
76511	MACHEN QUARRY		Wales
76510	MACHEN QUARRY (FLHH)		Wales
76512	MACHEN RUN-ROUND		Wales
64317	MACHYNLLETH	MCN	Wales
64318	MACHYNLLETH CARR. SDGS	XMC	Wales
00774	MACON-VILLE		High Speed
42301	MADELEY CHORD LINE(STAFFS)		West Coast South
64828	MADELEY JN (SALOP)	XMD	Central
64832	MADELEY JN (SALOP) SIG 491		Central
64830	MADELEY JN SIG 490		Central
42302	MADELEY (STAFFS)		West Coast South
40067	MAENWG RD		Wales
76462	MAESGLAS TIP ISU (CE)		Wales
79828	MAESTEG	MST	Wales
79825	MAESTEG (EWENNY ROAD)	MEW	Wales
36013	MAGHULL	MAG	North West
36014	MAGHULL NORTH STATION	MNS	North West
76093	MAGOR		Wales
74005	MAIDENHEAD	MAI	Western
74003	MAIDENHEAD CARRIAGE SDGS		Western
74008	MAIDENHEAD CARRIAGE SDGS		Western
74006	MAIDENHEAD EAST		Western
74007	MAIDENHEAD ISU (CE)		Western
74004	MAIDENHEAD REVERSING SDGS		Western
74009	MAIDENHEAD REVERSING SDGS		Western
74002	MAIDENHEAD SIG 291		Western
82316	MAIDEN NEWTON	MDN	Wessex
89313	MAIDSTONE BARRACKS	MDB	Kent
89403	MAIDSTONE EAST	MDE	Kent
89318	MAIDSTONE EAST SIGNAL ME9		Kent
89315	MAIDSTONE WEST	MDW	Kent
89311	MAIDSTONE WEST CARRIAGE SDG		Kent
89316	MAIDSTONE WEST SIG MS57		Kent
89317	MAIDSTONE WEST UP SDGS		Kent
76125	MAINDEE DEPOT ISU (CE)		Wales
76399	MAINDEE EAST JN		Wales
76400	MAINDEE NORTH JN		Wales
76398	MAINDEE WEST JN		Wales
78417	MAINDY BRIDGE		TfW Cardiff Valleys
00044	MAINZ HBF	MNZ	High Speed
87400	MALDEN MANOR	MAL	Wessex
06001	MALLAIG	MLG	Scotland
05999	MALLAIG C.E.		Scotland
05998	MALLAIG G.F.		Scotland
09439	MALLERSTANG		North West
26402	MALTBY COLLIERY		North & East
26406	MALTBY COLLIERY (FASTLINE)		North & East
26404	MALTBY COLLIERY (FLHH)		North & East
26407	MALTBY COLLIERY (GBRF)		North & East
26408	MALTBY COLLIERY (GBRF)		North & East
26401	MALTBY COLLIERY S B		North & East
26403	MALTBY CR		North & East
26405	MALTBY DOWN LOOP		North & East
16232	MALTON	MLT	North & East
16231	MALTON UP SIDINGS (FHH)		East Coast
67209	MALVERN LINK	MVL	Central
67215	MALVERN WELLS	XMN	Central
67213	MALVERN WELLS LOOP		Central
67216	MALVERN WELLS LOOP		Central
32530	MANCHESTER AIRPORT	MIA	North West
32504	MANCHESTER INT DEPT (FL)		North West
33087	MANCHESTER OXFORD ROAD	MCO	North West
32000	MANCHESTER PICCADILLY	MAN	North West
32001	MANCHESTER PICCADILLY (BALLAST)		North West
33092	MANCHESTER UTD FOOTBALL GD	MUF	North West
31508	MANCHESTER VIC.(EAST JN)		North West
31513	MANCHESTER VIC.(REV.SDG)		North West
31510	MANCHESTER VICTORIA	#MULTIVALUE	North West
31512	MANCHESTER VIC.(WEST JN)		North West
46215	MANEA	MNE	Anglia
00054	MANNHEIM HANDELSHAFEN		High Speed
00055	MANNHEIM RANGIERBAHNHOF		High Speed
49302	MANNINGTREE	MNG	Anglia
49303	MANNINGTREE DOWN SIDING		Anglia
49304	MANNINGTREE EAST JN		Anglia
49301	MANNINGTREE NORTH JN		Anglia
38186	MANN ISLAND JUNCTION		North West
80207	MANORBIER	MRB	Wales
50431	MANOR PARK	MNP	Anglia
38005	MANOR ROAD	MNR	North West
12719	MANORS	MAS	East Coast
12721	MANORS (METRO)	MRM	East Coast
56225	MANSFIELD	MFT	East Midlands
55221	MANSFIELD JN		East Midlands
56221	MANSFIELD WOODHOUSE	MSW	East Midlands
87186	MANSION HOUSE LT	ZMH	Private Railway
58041	MANTLE LANE SB(ML)		East Midlands
58040	MANTLE LANE T.C.		East Midlands
58042	MANTLE LANE TC GBRF		East Midlands
70362	MANTLES WOOD		The Chiltern Railway Co Ltd
26214	MANTON COLLIERY SIDING		North & East
59139	MANTON JN	XMJ	East Midlands
59142	MANTON JN ACE SDG		East Midlands
59140	MANTON JN SIG MJ7		East Midlands
59143	MANTON SIG MJ6		East Midlands
46206	MARCH	MCH	Anglia
46207	MARCH		Anglia
46212	MARCH DOWN R.S.		Anglia
46204	MARCH DOWN R.S GBRF		Anglia
46211	MARCH EAST JN		Anglia
12238	MARCHEYS HOUSE JN		North & East
46216	MARCH SOUTH		Anglia
46209	MARCH UP R.S.		Anglia
46213	MARCH UP YARD GBRF		Anglia
46208	MARCH UP YARD ISU (CE)		Anglia
46210	MARCHUP YARD REPAIR POINT		Anglia
46205	MARCH WEST JN		Anglia
86722	MARCHWOOD		Wessex
86723	MARCHWOOD F.L.T.		Wessex
86721	MARCHWOOD M.O.D.		Wessex
86725	MARCHWOOD MOD GBRF		Wessex
89328	MARDEN	MRN	Kent
79776	MARGAM ABBEY WEST JUNCTION		Wales
79781	MARGAM ABBEY WORKS EAST		Wales
79768	MARGAM EAST JUNCTION		Wales
79782	MARGAM ISU (CE)		Wales
79764	MARGAM KNUCKLE YARD (COLAS)		Wales
79778	MARGAM KNUCKLE YARD PPM PT		Wales
79777	MARGAM KNUCKLE YD SDGS K19		Wales
79771	MARGAM L.I.P.		Wales
79773	MARGAM MIDDLE JUNCTION		Wales
79770	MARGAM MOORS		Wales
79783	MARGAM MOORS JN.		Wales
79780	MARGAM T.C.		Wales
79766	MARGAM TC GBRF		Wales
79779	MARGAM UP GDS BRANCH PT3336		Wales
79772	MARGAM WAGON REPAIR DEPOT		Wales
79769	MARGAM YARD JN.		Wales
89475	MARGATE	MAR	Kent
89485	MARGATE SIG EK5105		Kent
89487	MARGATE SIGNAL EK5124		Kent
89484	MARGATE SIGNAL GE20		Kent
45126	MARHOLM JUNCTION		East Coast
86706	MARITIME EAST JUNCTION		Wessex
86707	MARITIME WEST JUNCTION		Wessex
59401	MARKET HARBOROUGH	MHR	East Midlands
59402	MARKET HARBOROUGH CCE SDG		East Midlands
59403	MARKET HARBOROUGH JN		East Midlands
44043	MARKET RASEN	MKR	East Midlands
03226	MARKINCH	MNC	Scotland
03223	MARKINCH BRANCH LINE SDGS		Scotland
03227	MARKINCH DOWN LINE SIDINGS		Scotland
03224	MARKINCHM		Scotland
03225	MARKINCHM		Scotland
03228	MARKINCH SIGNAL EW878		Scotland
50101	MARKS TEY		Anglia
50105	MARKS TEY	MKT	Anglia
50100	MARKS TEY (FHH)		Anglia
50099	MARKS TEY (GBRF)		Anglia
50104	MARKS TEY SIGNAL L872		Anglia
50106	MARKS TEY S & T SIDING		Anglia
50102	MARKS TEY TARMAC		Anglia
50103	MARKS TEY UP LOOP		Anglia
42215	MARLEY GREEN L.C.		Wales
74016	MARLOW	MLW	Western
00799	MARNE-LA-VALLEE	MCK	High Speed
32553	MARPLE	MPL	North West
32551	MARPLE WHARF JN		North West
18479	MARSDEN	MSN	North & East
00710	MARSEILLE ST CHARLES	MSC	High Speed
04846	MARSHALL MEADOW ZONE BRY		Scotland
83518	MARSH BARTON	MBT	Western
76382	MARSH BROOK LEVEL CROSSING		Wales
77086	MARSHFIELD		Wales
23417	MARSHGATE		East Coast
81526	MARSH JN SIDINGS		Western
17127	MARSHLANE		North & East
17129	MARSH LANE JN LEEDS		North & East
17128	MARSH LANE TILCON		North & East
84084	MARSHMILL		Western
53799	MARSHMOOR CROSSOVER		East Coast
15668	MARSKE	MSK	North & East
69217	MARSTON GREEN	MGN	Central
89469	MARTIN MILL	MTM	Kent
87100	MARTINS HERON	MAO	Wessex
15502	MARTON	MTO	North & East
06233	MARYHILL	MYH	Scotland
06234	MARYHILL PARK JN		Scotland
50438	MARYLAND	MYL	Anglia
50436	MARYLAND EAST JUNCTION		Anglia
50437	MARYLAND WEST JUNCTION		Anglia
63027	MARYLEBONE 10 SIGNAL		Central
63023	MARYLEBONE (SDGS 1-5)		Central
63022	MARYLEBONE UP PASSENGER LOOP		Central
63025	MARYLEBONE UP PLATFORM SDG		Central
63026	MARYLEBONE UP TUNNEL SDGS		Central
63024	MARYLEBONE WASHER ROAD		Central
10023	MARYPORT	MRY	North West
25014	MASBORO BOOTHS P S		North & East
25012	MASBOROUGH F.D.		North & East
24705	MASBOROUGH JN		North & East
24704	MASBOROUGH JN SHUNT SIGNAL		North & East
25019	MASBOROUGH N&W GBRF		North & East
25011	MASBRO S.S. JN		North & East
57004	MATLOCK	MAT	East Midlands
57007	MATLOCK BATH	MTB	East Midlands
57005	MATLOCK PEAK RAIL		East Midlands
08813	MAUCHLINE		Scotland
08811	MAUCHLINE SIGNAL MM31		Scotland
08812	MAUCHLINE UP SIDINGS		Scotland
32527	MAULDETH ROAD	MAU	North West
07587	MAXWELL PARK	MAX	Scotland
08639	MAYBOLE	MAY	Scotland
32002	MAYFIELD LOOP		North West
88435	MAZE HILL	MZH	Kent
32508	MCHESTER INTERNATIONAL DEP (LI)	XLI	North West
25316	MEADOWHALL	MHS	North & East
25315	MEADOWHALL LIMIT OF SHUNT		North & East
25314	MEADOWHALL S1069		North & East
56599	MEADOW LANE JN		East Midlands
56593	MEADOW LANE LEVEL CROSSING		East Midlands
23002	MEDGE HALL		East Coast
57453	MELBOURNE JN		East Midlands
83301	MELDON QUARRY		Western
83300	MELDON QUARRY FHH		Western
47248	MELDRETH	MEL	Anglia
13307	MELKRIDGE OPENCAST		North & East
13308	MELKRIDGE SIGS HW102 HW51		North & East
75361	MELKSHAM	MKM	Western
49007	MELLIS		Anglia
82209	MELLSROAD		Western
49121	MELTON	MES	Anglia
19202	MELTON (FERRIBY) OMYA UK		North & East
59121	MELTON JN.		East Midlands
19212	MELTON LANE LEVEL CROSSING		North & East
59125	MELTON MOWBRAY	MMO	East Midlands
59122	MELTON MOWBRAY DOWN LOOP		East Midlands
59129	MELTON MOWBRAY OTM SDGS		East Midlands
59124	MELTON MOWBRAY PETFOODS		East Midlands
59123	MELTON MOWBRAY SHUNT SIG 3		East Midlands
59132	MELTON MOWBRAY SIGNAL MN54		East Midlands
59134	MELTON MOWBRAY UP LOOP		East Midlands
59126	MELTONM P		East Midlands
40031	MENAI BRIDGE		Wales
84401	MENHENIOT	MEN	Western
84402	MENHENIOT SIG UM259		Western
17041	MENSTON	MNN	North & East
03383	MENSTRIE D.C.L.		Scotland
38006	MEOLS	MEO	North West
35016	MEOLS COP	MEC	North West
88488	MEOPHAM	MEP	Kent
15835	MERCHANT PARK SDGS		North & East
82244	MEREHEAD		Western
82245	MEREHEAD		Western
82243	MEREHEAD QUARRY		Western
82249	MEREHEAD QUARRY (FHH)		Western
82246	MEREHEAD QUARRY JUNCTION		Western
82248	MEREHEAD TMD		Western
00848	MERELBEKE		High Speed
51925	MERIDIAN WATER	MRW	Anglia
07494	MERRYTON	MEY	Scotland
87712	MERSTHAM	MHM	Sussex
78201	MERTHYR TYDFIL	MER	TfW Cardiff Valleys
78144	MERTHYR VALE	MEV	TfW Cardiff Valleys
44093	METHERINGHAM	MGM	East Midlands
03234	METHIL P.S.		Scotland
03233	METHIL WEST		Scotland
17192	METHLEY JN		North & East
13515	METROCENTRE	MCE	North & East
88400	METROPOLITAN JN	XMK	Kent
00764	METZ	MZM	High Speed
24314	MEXBOROUGH	MEX	North & East
24315	MEXBOROUGH JN		North & East
86081	MICHELDEVER	MIC	Wessex
86082	MICHELDEVER OIL SIDINGS		Wessex
86138	MICHELDEVER SIG EH125		Wessex
86056	MICHELDEVER SIGNAL EH882;		Wessex
16602	MICKLEFIELD	MIK	North & East
40322	MICKLE TRAFFORD		North West
04110	MIDCALDER GOODS LOOP		Scotland
04111	MIDCALDER JN		Scotland
04117	MIDCALDER JN SIG EJ720		Scotland
04123	MIDCALDER JN SIG EJ982		Scotland
04115	MIDCALDER JUNCTION SIG EJ991		Scotland
04109	MIDCALDER UP REFUGE SIDING		Scotland
65507	MID CANNOCK JN		Central
65506	MID CANNOCK OPEN CAST		Central
46142	MIDDLE DROVE		Anglia
15427	MIDDLESBOROUGH DAWSON		North & East
15426	MIDDLESBOROUGH (FLHH)		North & East
15418	MIDDLESBRO' CASTLE CEMENT		North & East
15422	MIDDLESBRO COBRA CONTAINER		North & East
15425	MIDDLESBRO' DAWSON AYRTON		North & East
15419	MIDDLESBRO' GOODS MARCROFT		North & East
15449	MIDDLESBROUGH	MBR	North & East
15424	MIDDLESBROUGH AYRTON (DAWSON) (DRS)		North & East
15429	MIDDLESBROUGH DAWSON GBRF		North & East
15428	MIDDLESBROUGH (DRS)		North & East
15423	MIDDLESBROUGH (FLHH)		North & East
15421	MIDDLESBROUGH MARSH BRANCH		North & East
15451	MIDDLESBROUGH SIDINGS		North & East
15453	MIDDLESBROUGH SIGNAL 221		North & East
15452	MIDDLESBROUGH WEST DOCK		North & East
17165	MIDDLETON LIGHT RAILWAY		North & East
46239	MIDDLETON TOWERS		Anglia
46240	MIDDLETON TOWERS GBRF		Anglia
37231	MIDDLEWICH		North West
37233	MIDDLEWICH BRITISH SALT		North West
32542	MIDDLEWOOD	MDL	North West
74722	MIDGHAM	MDG	Western
37235	MIDLEWICH		North West
48431	MID-NORFOLK RAILWAY SIDING		Anglia
00315	MILANO MELZO		High Speed
00319	MILANO PIOLTELLO		High Speed
00316	MILANO ROGOREDO		High Speed
00317	MILANO SEGRATE		High Speed
00313	MILAN ROG		High Speed
00314	MILAN ROG		High Speed
00318	MILAN SMT		High Speed
52722	MILE END		Anglia
31339	MILES PLATTING	MLP	North West
16505	MILFDD&UL		North & East
43326	MILFORD AND BROCTON		West Coast South
16504	MILFORD C & W SIDINGS		North & East
16501	MILFORD DOWN SIDINGS		North & East
80102	MILFORD HAVEN	MFH	Wales
80101	MILFORD HAVEN MHDC		Wales
16503	MILFORD JN.		North & East
16506	MILFORD LOOP		North & East
16500	MILFORD SIG M5235		North & East
87059	MILFORD (SURREY)	MLF	Wessex
16502	MILFORD WEST SIDINGS		North & East
62044	MILLBROOK (BEDFORDSHIRE)	MLB	West Coast South
62198	MILLBROOK (DB CARGO)		East Midlands
86526	MILLBROOK DOCK ENTRANCE		Wessex
86528	MILLBROOK DOCK EXIT		Wessex
86527	MILLBROOK (HANTS)	MBK	Wessex
86529	MILLBROOK HANTS..F.L.T.		Wessex
86538	MILLBROOK HANTS FLT GBRF		Wessex
86535	MILLBROOK SIG. E758		Wessex
86512	MILLBROOK SIG E941		Wessex
86536	MILLBROOK SIG E942		Wessex
86537	MILLBROOK SIG E955		Wessex
86534	MILLBROOK SIG E958		Wessex
01109	MILLBURN JN		Scotland
04722	MILLERHILL C.E.		Scotland
04725	MILLERHILL EAST JN		Scotland
04237	MILLERHILL EMU YARD		Scotland
04724	MILLERHILL L.I.P.		Scotland
04727	MILLERHILL M.& E.E.		Scotland
04729	MILLERHILL ROYAL SCOTSMAN		Scotland
04732	MILLERHILL SIG 23		Scotland
04731	MILLERHILL SIG EM14		Scotland
04728	MILLERHILL SIGNAL 24		Scotland
04720	MILLERHILL S.S.		Scotland
04723	MILLERHILL W.R.D.		Scotland
14038	MILLFIELD STN T&WM	MIF	East Coast
63214	MILL HILL BROADWAY	MIL	East Midlands
63215	MILL HILL BROADWAY SIG WH236		East Midlands
29161	MILL HILL (LANCASHIRE)	MLH	North West
07103	MILLIKEN PARK	MIN	Scotland
18635	MILL LANE JN		North & East
11211	MILLOM	MLM	North West
11213	MILLOM (MP44)		North West
11212	MILLOM SIDING (EWS)		North West
25629	MILL RACE JN		North & East
47210	MILL ROAD JN		Anglia
31049	MILLS HILL	MIH	North West
18445	MILNER ROYD JN		North & East
18452	MILNER ROYD SIG MR8		North & East
06301	MILNGAVIE	MLN	Scotland
11015	MILNTHORPE		North West
43415	MILTON		West Coast South
74325	MILTON JUNCTION		Western
70261	MILTON KEYNES CENTRAL	MKC	West Coast South
69307	MILVERTON JN		Central
83019	MINEHEAD	MHD	Private Railway
75022	MINETY CROSSING		Western
64428	MINFFORDD	MFF	Wales
89451	MINSTER	MSR	Kent
89452	MINSTER EAST JN.	XMF	Kent
89444	MINSTER SOUTH JN		Kent
00235	MIRANDA DE EBRO		High Speed
10130	MIREHOUSE JUNCTION		North West
18441	MIRFIELD	MIR	North & East
18442	MIRFIELD EAST JN		North & East
00012	MISEAU (US-ARMY)		High Speed
78603	MISKIN		Wales
49313	MISTLEY	MIS	Anglia
49311	MISTLEY DOWN LOOP		Anglia
87359	MITCHAM		NONE
87659	MITCHAM EASTFIELDS	MTC	Sussex
87661	MITCHAM JUNCTION	MIJ	Sussex
72237	MITRE BRIDGE JN	XMB	West Coast South
37222	MOBBERLEY	MOB	North West
00781	MODANE		High Speed
58016	MOIRA HICKS LODGE		East Midlands
58018	MOIRA HICKS LODGE FHH		East Midlands
58019	MOIRA HICKS LODGE GF		East Midlands
58029	MOIRA WEST JN		East Midlands
40214	MOLD JN		North West
53250	MOLEWOOD JN		East Coast
00018	MONCHENGLADBACH		High Speed
03039	MONIFIETH	MON	Scotland
18085	MONK BRETTON LOOP		North & East
18086	MONK BRETTON REDFEARNS		North & East
18087	MONK BRETTON REDFEARNS GBRF		North & East
73520	MONKS RISBOROUGH	MRS	Central
04730	MONKTONHALL JN		Scotland
08520	MONKTON SDG GROUND FRAME		Scotland
14022	MONKWEARMOUTH S.B.		East Coast
65061	MONMORE GREEN		Central
00773	MONTBELIARD		High Speed
81261	MONTPELIER	MTP	Western
88140	MONTPELIER JN		Sussex
03014	MONTROSE	MTS	Scotland
03015	MONTROSE DBC		Scotland
03016	MONTROSE NO1 THROUGH SDG		Scotland
03019	MONTROSE SIG MD11		Scotland
03017	MONTROSE SOUTH		Scotland
00871	MONTZEN		High Speed
65830	MONUMENT LANE		Central
54298	MOOREGATE SIGNAL K42		East Coast
36078	MOORFIELDS	XMR	North West
38181	MOORFIELDS (WIRRAL)	MRF	North West
54299	MOORGATE EAST	MOG	East Coast
77076	MOORLAND ROAD JN		Wales
70378	MOOR PARK	ZMP	Central
65505	MOORS GORSE L.C.		Central
35144	MOORSIDE	MSD	North West
84413	MOORSWATER ECC SDGS IMERYS		Western
84414	MOORSWATER LAFARGE		Western
84409	MOORSWATER LISKEARD WABTEC (FLHH)		Western
84408	MOORSWATER TARMAC COLAS		Western
18305	MOORTHORPE	MRP	North & East
18303	MOORTHORPE GOODS LOOP		North & East
18304	MOORTHORPE SIG L6586		North & East
06002	MORAR	MRR	Scotland
83236	MORCHARD ROAD	MRD	Western
15124	MORDEN LC SIG NF7194		North & East
15126	MORDEN LC SIG NF7195		North & East
87331	MORDEN SOUTH	MDS	Sussex
11701	MORECAMBE	MCM	North West
11703	MORECAMBE JN G.F.		North West
11718	MORECAMBE SOUTH JN		North West
74305	MORETON CUTTING		Western
86975	MORETON (DORSET)	MTN	Wessex
67359	MORETON-IN-MARSH	MIM	Western
67358	MORETON IN MARSH DRS		Western
38008	MORETON (MERSEYSIDE)	MRT	North West
76371	MORETON-ON-LUGG		Wales
76365	MORETON-ON-LUGG FHH		Wales
76363	MORETON-ON-LUGG GBRF		Wales
76367	MORETON-ON-LUGG (TARMAC)		Wales
64404	MORFA MAWDDACH	MFA	Wales
74430	MORISCOWL		Western
79059	MORLAIS COLLIERY		Wales
79055	MORLAIS COLLY		Wales
17145	MORLEY	MLY	North & East
04685	MORNGSDRD		Scotland
12132	MORPETH	MPT	East Coast
12138	MORPETH BARMOOR THROUGH SDG		East Coast
12129	MORPETH LOOP		East Coast
12127	MORPETH NORTH JN		East Coast
12131	MORPETH RECP.		East Coast
12137	MORPETH REVERSING SDGS		East Coast
74431	MORRIS COWLEY		Western
74433	MORRIS COWLEY M.A.T.		Western
86059	MORTIMER	MOR	Wessex
87139	MORTLAKE	MTL	Wessex
56105	MORTON		East Midlands
66350	MOSELEY		Central
31613	MOSES GATE	MSS	North West
31612	MOSES GATE LOOPS		North West
23185	MOSS		East Coast
09097	MOSSBAND		North West
10052	MOSS BAY IRONWORKS		North West
07389	MOSSEDEUR		Scotland
07359	MOSSEND	XMS	Scotland
07363	MOSSEND DELTA COAL		Scotland
07367	MOSSEND DGL		Scotland
07356	MOSSEND DOWN SDGS (FLHH)		Scotland
07360	MOSSEND DOWN YARD		Scotland
07362	MOSSEND DOWN YD (GBRF)		Scotland
07377	MOSSEND EAST JN		Scotland
07391	MOSSENDET		Scotland
07390	MOSSEND EUROTERMINAL		Scotland
07392	MOSSEND EUROTERMINAL GBRF		Scotland
07358	MOSSEND LOCO HOLDING SDGS		Scotland
07366	MOSSENDMR		Scotland
07372	MOSSEND NORTH EXIT)		Scotland
07371	MOSSEND NORTH JN		Scotland
07365	MOSSEND PARCELS TERMINAL		Scotland
07370	MOSSEND PD STERLING GBRF		Scotland
07374	MOSSEND PD STIRLING (FLHH)		Scotland
07361	MOSSEND SHUNT & MARSHALLNG		Scotland
07375	MOSSEND SOUTH JN		Scotland
07364	MOSSEND TMD		Scotland
07354	MOSSEND UP RECEPTION		Scotland
07357	MOSSEND UP YARD		Scotland
07368	MOSSEND WEST 1 REPAIR POINT*		Scotland
07373	MOSSEND WEST JN		Scotland
07369	MOSSEND YARD (DRS)		Scotland
07353	MOSSEND YARD LHS (DBS)		Scotland
32109	MOSSLEY (GRTR MANCHESTER)	MSL	North West
36185	MOSSLEY HILL	MSH	North West
07119	MOSSPARK	MPK	Scotland
30039	MOSS SIDE	MOS	North West
31303	MOSTON	MSO	North West
40111	MOSTYNDKS		Wales
40112	MOSTYNDKS		Wales
40110	MOSTYN DOCKS (EWS)		Wales
40113	MOSTYN DOCKS (FLINER)		Wales
40114	MOSTYN EAST JN		Wales
40116	MOSTYN SIG. MN15		Wales
40117	MOSTYN SIG. MN21		Wales
40109	MOSTYN SIGNAL BOX		Wales
40118	MOSTYN UP GOODS LOOP		Wales
40115	MOSTYN WEST JN		Wales
07450	MOTHERWEL		Scotland
07466	MOTHERWELL	MTH	Scotland
07475	MOTHERWELL BACK OF SHOPS		Scotland
07463	MOTHERWELL BRIDGE SIDINGS		Scotland
07459	MOTHERWELL DERBY C.S.	XMW	Scotland
07456	MOTHERWELL FINDLAYS SDG		Scotland
07455	MOTHERWELL LWR ISU (CE)		Scotland
07458	MOTHERWELL REPAIR POINT		Scotland
07461	MOTHERWELL SIG 267		Scotland
07471	MOTHERWELL SIG 374		Scotland
07470	MOTHERWELL SIG M185		Scotland
07460	MOTHERWELL SIG M368		Scotland
07464	MOTHERWELL SIG M408		Scotland
07462	MOTHERWELL SIGNAL M372		Scotland
07474	MOTHERWELL SIGNAL M393		Scotland
07469	MOTHERWELL STATION GOODS LOOP		Scotland
07452	MOTHERWELL T.M.D.		Scotland
07457	MOTHERWELL TMD (DRS)		Scotland
07465	MOTHERWELL UP CIVIL ENG		Scotland
07467	MOTHERWELL WEIGHS C.H.S.	XMH	Scotland
07451	MOTHERWELL W.R.D.		Scotland
87301	MOTSPUR PARK	MOT	Wessex
87399	MOTSPUR PARK JN		Wessex
88457	MOTTINGHAM	MTG	Kent
32235	MOTTRAM YARD STAFF HALT		North West
37065	MOULDSWORTH	MLD	North West
88161	MOULSECOOMB	MCB	Sussex
48997	MOULTON		Anglia
78130	MOUNTAIN ASH	MTA	TfW Cardiff Valleys
89390	MOUNTFIELD SDG BATTLE MAINT PT		Kent
89397	MOUNTFIELD SIDINGS	XMO	Kent
89391	MOUNTFIELD SIDINGS (GBRF)	XMX	Kent
89386	MOUNTFIELD TUNNEL		Kent
07236	MOUNT FLORIDA	MFL	Scotland
84096	MOUNT GOULD CARRIAGE WASH PLT		Western
84095	MOUNT GOULD JN	XMG	Western
50251	MOUNTNESSING JUNCTION		Anglia
59013	MOUNTSORELL GBRF		East Midlands
59012	MOUNTSORL		East Midlands
59010	MOUNTSORRELL LOCO SRVCG RD		East Midlands
59011	MOUNTSORREL SDGS		East Midlands
07295	MOUNT VERNON	MTV	Scotland
00846	MOUSCRON		High Speed
01133	MOY		Scotland
07567	MUIREND	MUI	Scotland
07241	MUIRHOUSE CENTRAL JN		Scotland
07242	MUIRHOUSE NORTH JN		Scotland
07240	MUIRHOUSE SOUTH JN		Scotland
07239	MUIRHOUSE WORKSHOPS		Scotland
01094	MUIR OF ORD	MOO	Scotland
01096	MUIR OF ORD UP SIDING		Scotland
00857	MUIZEN		High Speed
02010	MULBEN		Scotland
00778	MULHOUSE ILE NAPOLEAN GAR		High Speed
00777	MULHOUSE NORD		High Speed
00065	MUNCHEN		High Speed
03108	MURTHLY		Scotland
04803	MUSSELBURGH	MUB	Scotland
18451	MYTHOLMROYD	MYT	North & East
58015	NADINS DISPOSAL POINT		East Midlands
19015	NAFFERTON	NFN	North & East
81903	NAILSEA & BACKWELL	NLS	Western
01125	NAIRN	NRN	Scotland
00861	NAMUR		High Speed
42172	NANTWICH	NAN	Wales
00353	NAPOLI CENTRALE		High Speed
63205	NAPSBURY		East Midlands
80217	NARBERTH	NAR	Wales
00787	NARBONNE	NNE	High Speed
59301	NARBOROUGH	NBR	East Midlands
81401	NARROWAYS HILL JUNCTION		Western
89552	NASHENDEN CROSSOVER	XXL	High Speed
52045	NAVARINO ROAD JN		Anglia
37227	NAVIGATION ROAD	NVR	North West
63017	NEASDEN CHARRINGTON FLHH		Central
63031	NEASDEN CHARRINGTON GBRF		Central
63014	NEASDEN CHARRINGTON SDGS		Central
63016	NEASDEN DEPOT		Central
63032	NEASDEN ENGINEERS SDG GBRF		Central
63013	NEASDEN ENGINEERS SDGS		Central
63010	NEASDEN JN		Central
63018	NEASDEN SOUTH JN	XNJ	Central
63030	NEASDEN SOUTH JN SIG ME25		Central
63028	NEASDEN SOUTH JN SIG ME327		Central
63029	NEASDEN SOUTH JN SIG ME34		Central
63001	NEASDEN SOUTH JN SIG ME525		Central
63019	NEASDEN SOUTH JN SIG ME536		Central
63011	NEASDEN SOUTH SIDINGS		Central
63012	NEASDEN T.C.		Central
63015	NEASDNSDG		Central
79411	NEATH	NTH	Wales
79257	NEATH ABBEY WHARF (DBS)		Wales
79258	NEATH ABBEY WHARF GBRF		Wales
79412	NEATH EAST (CE)		Wales
79498	NEATH N & B JN		Wales
49016	NEEDHAM MARKET	NMT	Anglia
07237	NEILSTON	NEI	Scotland
07247	NEILSTON TURNBACK SIDING		Scotland
29033	NELSON	NEL	North West
38035	NESTON	NES	North West
55603	NETHERFIELD	NET	East Midlands
55602	NETHERFIELD GPL 419		East Midlands
55495	NETHERFIELD JN		East Midlands
10197	NETHERTOWN	NRT	North West
86219	NETLEY	NTL	Wessex
86220	NETLEY EMERGENCY XO		Wessex
03381	NETWORK RAIL		Scotland
89734	NETW.RAIL/ET OPS BOUNDARY		Kent
00015	NEUSS HESSENTOR		High Speed
00063	NEU ULM		High Speed
17113	NEVILLE H. EAST JN		North & East
17116	NEVILLE HILL DEPOT (EWS)		North & East
17118	NEVILLE HILL DEPOT (FHH)		North & East
17115	NEVILLE HILL T&R.S.M.D	XNL	North & East
17111	NEVILLE HILL UP SDGS GBRF		North & East
17114	NEVILLE HILL UP SIDINGS		North & East
17117	NEVILLE H. WEST JN		North & East
44302	NEWARK CASTLE	NCT	East Midlands
44309	NEWARK CASTLE SIG NC5		East Midlands
44303	NEWARK CROSSING EAST JN		East Midlands
44301	NEWARK F.C.	XNK	East Coast
44304	NEWARK NORTH GATE	NNG	East Coast
44306	NEWARK NORTH GATE SDGS		East Coast
44305	NEWARK SHUNT SDG NORTHGATE		East Coast
44307	NEWARK SIGNAL D83		East Coast
44311	NEWARK SIGNAL NN4096		East Midlands
44308	NEWARK SIG NN4094		East Midlands
44310	NEWARK STH SIG D1315		East Coast
54011	NEW BARNET	NBA	East Coast
54012	NEW BARNET SIGNAL K133		East Coast
54010	NEW BARNET UP SIDING		East Coast
88317	NEW BECKENHAM	NBC	Kent
88318	NEW BECKENHAM SIDING		Kent
09421	NEW BIGGIN BRITISH GYPSUM		North West
09417	NEW BIGGIN (DRS)		North West
09425	NEW BIGGIN (GBRF)		North West
09422	NEW BIGGIN WAGON REPAIRS		North West
70014	NEW BILTON (JARVIS)		West Coast South
70015	NEW BILTON JARVIS CEMENT		West Coast South
69030	NEWBOLD JN		West Coast South
76634	NEWBRIDGE	NBE	Wales
04033	NEWBRIDGE ISU (CE)		Scotland
04032	NEWBRIDGE JN		Scotland
04034	NEWBRIDGE JUNCTION DPL		Scotland
38010	NEW BRIGHTON	NBN	North West
38011	NEW BRIGHTON SIGNAL 606		North West
03211	NEWBURGH		Scotland
74803	NEWBURY	NBY	Western
74799	NEWBURY GROUND POS. SIG 479		Western
74798	NEWBURY RACECOURSE	NRC	Western
74797	NEWBURY RACECOURSE (CE)		Western
74807	NEWBURY SIG 484		Western
74804	NEWBURY SIG 824		Western
74801	NEWBURY SIGNAL R830		Western
74810	NEWBURY SIG T2865		Western
74811	NEWBURY SIG T2867		Western
74808	NEWBURY SIG T6831		Western
74809	NEWBURY SIG T6844		Western
74802	NEWBURY YARD		Western
12931	NEWCASTLE	NCL	East Coast
12925	NEWCASTLE FORTH ISU (CE)		East Coast
43212	NEWCASTLE JN (STAFFS)		West Coast South
12929	NEWCASTLE (METRO)	NCZ	East Coast
12930	NEWCASTLE SIGNAL T6042		East Coast
21137	NEW CLEE	NCE	North & East
83476	NEWCOURT	NCO	Western
04718	NEWCRAIGHALL	NEW	Scotland
04708	NEWCRAIGHALL SOUTH JN		Scotland
04716	NEWCRAIGHALL TURNBACK SDG		Scotland
88410	NEW CROSS	NWX	Kent
88392	NEW CROSS ELL STN		Private Railway
87603	NEW CROSS GATE	NXG	Kent
87592	NEW CROSS GATE BDY NR/LOROL		Kent
87584	NEW CROSS GATE CSD (ELL)		Private Railway
87585	NEW CROSS GATE DPT HEADSHUNT		Kent
87583	NEW CROSS GATE DPT WASHER RD		Kent
87586	NEW CROSS GATE MNT DEPOT (ELL)		Private Railway
87588	NEW CROSS GATE NORTH JN (ELL)		Private Railway
87589	NEW CROSS GATE SIG EL296		Kent
87593	NEW CROSS GATE SIG L1573		Sussex
87598	NEW CROSS GATE SIG L1584		Sussex
87564	NEW CROSS GATE SIG TL5127		Kent
87562	NEW CROSS GATE SIG TL5129		Kent
87563	NEW CROSS GATE SIG TL5138		Kent
87597	NEW CROSS UP SUSSEX LOOP		Sussex
08834	NEW CUMNOCK	NCK	Scotland
08838	NEW CUMNOCK (GBRF)		Scotland
08836	NEW CUMNOCK UP GOODS LOOP		Scotland
08837	NEW CUMNOCK UP LAW MINING		Scotland
08835	NEW CUMNOCK U.R.S.		Scotland
88459	NEW ELTHAM	NEH	Kent
45029	NEW ENGLAND NORTH P479		East Coast
45028	NEW ENGLAND NTH JN.		East Coast
88234	NEWHAVEN DAY AGGREGATES		Sussex
88232	NEWHAVEN DAY AGGS (FLHH)		Sussex
88235	NEWHAVEN DAY AGGS GBRF		Sussex
88236	NEWHAVEN HARBOUR	NVH	Sussex
88230	NEWHAVEN MARINE AG TML DBC		Sussex
88240	NEWHAVEN MARINE NO 4 SDG		Sussex
88237	NEWHAVEN MARINE (OLD STN)	NVM	Sussex
88229	NEWHAVEN MARINE SIDINGS		Sussex
88231	NEWHAVEN TOWN	NVN	Sussex
88241	NEWHAVEN TOWN YARD		Sussex
88228	NEWHAVEN TOWN YARD JN		Sussex
31053	NEW HEY		NONE
21005	NEW HOLLAND	NHL	North & East
21007	NEW HOLLAND BULK SERVICES		North & East
89306	NEW HYTHE	NHE	Kent
04682	NEWINGTON		Scotland
89021	NEWINGTON	NGT	Kent
87146	NEW KEW JN		Wessex
67205	NEWLANDS EAST SIGNAL BOX		Central
79767	NEWLANDS JN		Wales
79784	NEWLANDS LOOP JUNCTION		Wales
35020	NEW LANE	NLN	North West
87169	NEW MALDEN	NEM	Wessex
47004	NEWMARKET	NMK	Anglia
32555	NEW MILLS CENTRAL	NMC	North West
32544	NEW MILLS NEWTOWN	NMN	North West
32557	NEW MILLS SOUTH JN		North West
86911	NEW MILTON	NWM	Wessex
76410	NEWPORT		Wales
76471	NEWPORT COURTYBELLA SDGS		Wales
76451	NEWPORT DOCKS		Wales
76468	NEWPORT DOCKS FLINER HH		Wales
76455	NEWPORT DOCKS GBRF		Wales
76454	NEWPORT DOCKS (SIMS) GBRF		Wales
76450	NEWPORT DOCKS (SIMSGROUP)		Wales
76473	NEWPORT DOCKS TXP		Wales
15414	NEWPORT EAST GOODS (FLHH)		North & East
15415	NEWPORT EAST JN		North & East
47331	NEWPORT (ESSEX)	NWE	Anglia
76411	NEWPORT GODFREY ROAD CE		Wales
76412	NEWPORT GODFREY ROAD CS&TE		Wales
76463	NEWPORTNS		Wales
76472	NEWPORT SIGNAL NT1273		Wales
76401	NEWPORT (SOUTH WALES)	NWP	Wales
79225	NEWPORT (STH WALES) DKS (ADVENZ)		Wales
76123	NEWPORT (SWALES) EAST USKYARD (FHH)		Wales
76452	NEWPTDKS		Wales
76465	NEWPT LLS		Wales
18651	NEW PUDSEY	NPD	North & East
85261	NEWQUAY	NQY	Western
12243	NEWSHAM BATES STAITHES		North & East
12247	NEWSHAM L.C.		North & East
54031	NEW SOUTHGATE	NSG	East Coast
55095	NEWSTEAD	NSD	East Midlands
55096	NEWSTEAD LOOP		East Midlands
83613	NEWTN ABBT HACKNY YARD FHH		Western
31299	NEWTNH FS		North West
07416	NEWTON	NTN	Scotland
83624	NEWTON ABBOT	NTA	Western
83622	NEWTON ABBOT 706 SIG		Western
83612	NEWTON ABBOT HACKNEY YARD		Western
83625	NEWTON ABBOT WEST JUNCTION		Western
83623	NEWTONABT		Western
83621	NEWTONAFD		Western
15833	NEWTON AYCLIFFE	NAY	North & East
15528	NEWTON DALE HALT		Private Railway
07414	NEWTON EAST JN		Scotland
32224	NEWTON FOR HYDE	NWN	North West
04711	NEWTONGRANGE	NEG	Scotland
31300	NEWTON HEATH T.M.D.	XNN	North West
02111	NEWTONHILL		Scotland
02112	NEWTONHILL D.R.S.		Scotland
08609	NEWTON JN		Scotland
65675	NEWTON JN. (WEST MIDLANDS)		Central
35322	NEWTONLEW		North West
35321	NEWTON-LE-WILLOWS	NLW	North West
01151	NEWTONMORE	NWR	Scotland
08605	NEWTON-ON-AYR	NOA	Scotland
07418	NEWTON SOUTH CONNECT LINK		Scotland
83322	NEWTON ST CYRES	NTC	Western
07417	NEWTON TURNBACK SIDING		Scotland
07413	NEWTON WEST JN		Scotland
64307	NEWTOWN (POWYS)	NWT	Wales
04651	NIDDRIE NORTH JN		Scotland
04655	NIDDRIE SOUTH JN		Scotland
04657	NIDDRIE WEST JN		Scotland
00786	NIMES	FNI	High Speed
87215	NINE ELMS JN		Wessex
78511	NINIAN PARK	NNP	Wales
07225	NITSHILL	NIT	Scotland
00754	NOISY-LE-SEC CMT		High Speed
87163	NORBITON	NBT	Wessex
87633	NORBURY	NRB	Sussex
86954	NORDEN	NOD	Wessex
88272	NORMANS BAY	NSB	Sussex
18041	NORMANTON	NOR	North & East
15883	NORTHALLERTON	NTR	East Coast
15880	NORTHALLERTON EAST JN		East Coast
15878	NORTHALLERTON REV LINE		East Coast
15888	NORTHALLERTON SIG. 691		East Coast
15887	NORTHALLERTON SIGNAL 478		East Coast
15886	NORTHALLERTON UP SDGS		East Coast
15901	NORTHALLERTON WENSLEYDALE		Private Railway
86508	NORTHAM C.S.D.	XFS	Wessex
86507	NORTHAM DEPOT RECEPT LINE		Wessex
86509	NORTHAM DEPOT STAFF HALT		Wessex
86513	NORTHAM JN		Wessex
70100	NORTHAMPTON	NMP	West Coast South
70111	NORTHAMPTON BRIDGE ST CE		West Coast South
70102	NORTHAMPTON CASTLE YARD		West Coast South
70109	NORTHAMPTON CASTLE YRD GBF		West Coast South
70112	NORTHAMPTON C.M.D.		West Coast South
70107	NORTHAMPTON DGL		West Coast South
70099	NORTHAMPTON EMD	XND	West Coast South
70098	NORTHAMPTON EMU ARRIVALS		West Coast South
70097	NORTHAMPTON MILL LANE JN		West Coast South
70103	NORTHAMPTON NORTH JN		West Coast South
70101	NORTHAMPTON RIVER SDGS		West Coast South
70113	NORTHAMPTON SIGNAL RY1218		West Coast South
70115	NORTHAMPTON SIG RY1050		West Coast South
70114	NORTHAMPTON SIG RY1216		West Coast South
70105	NORTHAMPTON SOUTH JN		West Coast South
70104	NORTHAMPTON TC UP SIDINGS		West Coast South
70108	NORTHAMPTON UP RECEPTION		West Coast South
86511	NORTHAM SIG. E842		Wessex
04824	NORTH BERWICK	NBW	Scotland
12222	NORTH BLYTH (DBS)		North & East
12223	NORTH BLYTH LOOP		North & East
12227	NORTH BLYTH RP GBRF		North & East
12221	NORTH BLYTH R T ALCAN		North & East
12226	NORTH BLYTH R T ALCAN GBR		North & East
87012	NORTH CAMP	NCM	Wessex
87608	NORTH DULWICH	NDL	Sussex
32401	NORTHENDEN BLUE CIRCLE		North West
32402	NORTHENDEN (FLHH)		North West
32403	NORTHENDEN (FLHH)		North West
32395	NORTHENDEN GROUND FRAME		North West
32400	NORTHENDEN JN		North West
32399	NORTHENDEN R.T.S.		North West
32396	NORTHENDEN SIG NJ8		North West
66513	NORTHFIELD	NFD	Central
88709	NORTHFLEET	NFL	Kent
88713	NORTHFLEET DBC REP POINT		Kent
88708	NORTHFLEET JN		Kent
88707	NORTHFLEET LAFARGE		Kent
88710	NORTHFLEET LAFARGE (FHH)		Kent
88706	NORTHFLEET LAFARGE RP GB		Kent
88409	NORTH KENT EAST JN	XKE	Kent
22015	NORTH LINCOLN JN		North & East
40060	NORTH LLANRWST	NLR	Wales
73418	NORTHLTJN		Central
73417	NORTHOLT JUNCTION		Central
63003	NORTHOLT PARK	NLT	Central
62999	NORTHOLT PARK JN		Central
73416	NORTHOLT SIDINGS		Central
26006	NORTHORPE		North & East
73117	NORTH POLE IEP DEPOT		Western
72239	NORTH POLE INTERNATIONAL	XNP	Sussex
72238	NORTH POLE JN		Sussex
72284	NORTH POLE SIGNAL VC815		Sussex
72249	NORTH POLE SIG VC813		Sussex
72248	NORTH POLE SIG VC816		Sussex
72255	NORTH POLE SIG VC818		Sussex
72256	NORTH POLE SIG VC820		Sussex
72244	NORTH POLE TURNBACK SIDING		Sussex
49158	NORTH QUAY SIGNAL 9074		Anglia
03338	NORTH QUEENSFERRY	NQU	Scotland
15846	NORTH ROAD	NRD	East Coast
87137	NORTH SHEEN	NSH	Wessex
81606	NORTH SOMERSET JN		Western
57459	NORTH STAFFORD JN		East Midlands
83313	NORTH TAWTON		Western
51929	NORTHUMBERLAND PARK	NUM	Anglia
48013	NORTH WALSHAM	NWA	Anglia
48015	NORTH WALSHAM GBRF		Anglia
48014	NORTH WALSHAM SHELL U.K.		Anglia
48012	NORTH WALSHAM STONE SDGS		Anglia
72010	NORTH WEMBLEY	NWB	West Coast South
72013	NORTH WEMBLEY JN		West Coast South
72011	NORTH WEMBLEY RAILTRACK		West Coast South
37129	NORTHWICH	NWI	North West
37201	NORTHWICH		North West
37127	NORTHWICH EAST JN		North West
37125	NORTHWICH SOUTH JN		North West
37130	NORTHWICH T.C.		North West
37131	NORTHWICH TC GBRF		North West
37126	NORTHWICH WEST JN		North West
52270	NORTH WOOLWICH		Anglia
42312	NORTON BRIDGE	NTB	West Coast South
15033	NORTON EAST JN		North & East
83011	NORTON FITZWARREN		Western
67127	NORTON JN		Central
35588	NORTON LC (ACTON GRANGE)		North West
18103	NORTON LEVEL CROSSING		North & East
15032	NORTON SOUTH JN.		North & East
15035	NORTON WEST JN		North & East
48231	NORWICH	NRW	Anglia
48234	NORWICH		Anglia
48221	NORWICH C.PT. T.&R.S.M.D	XNC	Anglia
48223	NORWICH CROWN PT RECEP		Anglia
48222	NORWICH CROWN PT SG CP1471		Anglia
48225	NORWICH CROWN PT SG CP1494		Anglia
48220	NORWICH GB RAILFREIGHT		Anglia
48232	NORWICH STN C.S.D.	XNY	Anglia
48230	NORWICH T.C.		Anglia
48228	NORWICH THORPE CE SIDINGS		Anglia
48313	NORWICH VICTORIA		Anglia
87640	NORWOOD FORK JUNCTIONS		Sussex
13526	NORWOOD JN.		North & East
87634	NORWOOD JN PB SDGS T1018		Sussex
13528	NORWOOD JN PB SDG T1003		North & East
87664	NORWOOD JN PB SDG T1003		Sussex
13531	NORWOOD JN PB SDG T1008		North & East
87674	NORWOOD JN PB SDG T1008		Sussex
13530	NORWOOD JN PB SDG T1016		North & East
87668	NORWOOD JN PB SDG T1016		Sussex
13529	NORWOOD JN PB SDG T1017		North & East
87666	NORWOOD JN PB SDG T1017		Sussex
13527	NORWOOD JN PB SDG T1018		North & East
87691	NORWOOD JN SIGNAL T1010		Sussex
87643	NORWOOD JUNCTION	NWD	Sussex
87641	NORWOOD TURNBACK SIDING		Sussex
55950	NOTINGHAM		East Midlands
55247	NOTTINGHAM	NOT	East Midlands
44425	NOTTINGHAM BRANCH JN		East Coast
55248	NOTTINGHAM EASTCROFT		East Midlands
55250	NOTTINGHAM EASTCROFT SDG		East Midlands
55243	NOTTINGHAM EAST JN		East Midlands
55246	NOTTINGHAM HOLDING SDGS		East Midlands
00328	NOVARA		High Speed
27118	NOW DELETED		NONE
30011	NOW DELETED		NONE
32225	NOW DELETED		NONE
42311	NOW DELETED		NONE
70202	NOW DELETED		West Coast South
70318	NOW DELETED		West Coast South
71012	NOW DELETED		West Coast South
81525	NOW DELETED		NONE
85504	NOW DELETED		Western
72240	NPOLEINTD		Sussex
73299	NTH ACTON		Western
70106	NTHAMPTON		West Coast South
12220	NTHBLYTH		North & East
70134	NTHPTNBMS		West Coast South
07992	NTHRCLU		Scotland
88712	NTHTARDBC TARMAC		Kent
69021	NUNEATON	NUN	West Coast South
66190	NUNEATON ABBEY JN		West Coast South
69016	NUNEATON CEMETARY SDGS		West Coast South
69022	NUNEATON CIVIL ENGINEERS		West Coast South
69019	NUNEATON HS/'A'SDGS		West Coast South
69015	NUNEATON MIDLAND JN		West Coast South
69034	NUNEATON MIDLAND YARD JN		West Coast South
69017	NUNEATON SIGNAL NN511		West Coast South
69029	NUNEATON SIGNAL NW4226		West Coast South
69005	NUNEATON SIG NL1266		West Coast South
69012	NUNEATON SIG NL3427		West Coast South
69011	NUNEATON SIG NL3446		West Coast South
69008	NUNEATON SIG NL9550		West Coast South
69026	NUNEATON SIG NW4223		West Coast South
69004	NUNEATON SIG NW4242		West Coast South
69035	NUNEATON SIG RN5433		West Coast South
69006	NUNEATON SIG RN9539		West Coast South
69028	NUNEATON SIG WN1261		West Coast South
69014	NUNEATON SIG WN4205		West Coast South
69018	NUNEATON SOUTH JN		West Coast South
88413	NUNHEAD	NHD	Kent
88414	NUNHEAD JN		Kent
25809	NUNNARY SQUARE P AND R	NUR	North & East
25635	NUNNERY MAIN LINE JN		North & East
15501	NUNTHORPE	NNT	North & East
15505	NUNTHORPE SIGNAL N1		North & East
86363	NUTBOURNE	NUT	Sussex
87731	NUTFIELD	NUF	Sussex
43424	OAKAMOOR		West Coast South
43425	OAKAMOOR		West Coast South
64822	OAKENGATES	OKN	Central
18053	OAKENSHAW JN		North & East
18082	OAKENSHAW SOUTH JN		North & East
59135	OAKHAM	OKM	East Midlands
59137	OAKHAM DS		East Midlands
54021	OAKLEIGH PARK	OKL	East Coast
37120	OAKLEIGH SDGS VALE ROYAL		North West
37122	OAKLEIGH SIDINGS		North West
37119	OAKLEIGH SIDINGS FLHH		North West
62003	OAKLEY VIADUCT		East Midlands
06041	OBAN	OBN	Scotland
06040	OBAN G.F.		Scotland
51309	OCKENDON	OCK	Anglia
87938	OCKLEY	OLY	Sussex
45305	OFFORD		East Coast
83311	OKEHAMPTON	OKE	Western
59101	OLD DALBY		East Midlands
59100	OLD DALBY (GBRF)		East Midlands
81503	OLDFIELD PARK	OLF	Western
31061	OLDHAM MUMPS		North West
31063	OLDHAM WERNETH		NONE
65925	OLD HILL	OHL	Central
87596	OLD KENT ROAD JUNCTION		Kent
87145	OLD KEW JN		Wessex
44219	OLD LEAKE		East Midlands
73215	OLD OAK CARRIAGE LINE		Western
73222	OLD OAK COMMON A C E SDGS		Western
73217	OLD OAK COMMON ARRIVAL SIG		Western
73214	OLD OAK COMMON BACK LINE		Western
73219	OLD OAK COMMON CARRIAGE WASH		Western
73221	OLD OAK COMMON C.S.	XOK	Western
73223	OLD OAK COMMON C.S. (EWS)		Western
73218	OLD OAK COMMON DEPART SIG		Western
73226	OLD OAK COMMON EAST		Western
73228	OLD OAK COMMON EMU DEPOT		Western
73229	OLD OAK COMMON EMU RECEPTN		Western
73231	OLD OAK COMMON ENGINE SDG		Western
73225	OLD OAK COMMON H.S.T.D.	XOO	Western
73227	OLD OAK COMMON RECP LINE		Western
73220	OLD OAK COMMON T.M.D.	XOL	Western
73224	OLD OAK COMMON WEST		Western
73216	OLD OAK DEPOT XR		Western
73232	OLD OAK OMMON SIG 141		Western
36015	OLD ROAN	ORN	North West
54297	OLD STREET	OLD	East Coast
00330	OLEGGIO		High Speed
36601	OLIVE MOUNT JN.		North West
28501	OLLERTON COLLY.JN.		North & East
66461	OLTON	OLT	Central
76378	ONIBURY		Wales
79502	ONLLWYN RUN ROUND		Wales
79503	ONLLWYN WASHERY		Wales
79504	ONLLWYN WASHERY FHH		Wales
73118	OOCCOROSD		Western
02009	ORBLISTON		Scotland
31713	ORDSALL LANE JN		North West
88288	ORE	ORE	Kent
88291	ORE UP SDG		Kent
52198	ORIENT WAY RECEPTION ROAD		Anglia
09429	ORMSIDE		North West
36001	ORMSKIRK	OMS	North West
88491	ORPINGTON	ORP	Kent
88494	ORPINGTON DOWN SDGS		Kent
88391	ORPINGTON SHUNT SIG 2009		Kent
88387	ORPINGTON SIG 2011		Kent
36042	ORRELL	ORR	North West
36028	ORRELL PARK	OPK	North West
45141	ORTON MERE	XOM	East Coast
89348	OTFORD	OTF	Kent
89347	OTFORD JN	XOT	Kent
89350	OTFORD UP LOOP		Kent
31721	OTIS EURO TRANSRAIL		North West
11724	OUBECK		North West
11723	OUBECK GOODS LOOP		North West
48120	OULTON BROAD NORTH	OUN	Anglia
48118	OULTON BROAD NORTH JN		Anglia
49101	OULTON BROAD SOUTH	OUS	Anglia
13565	OUSTON CROSSOVERS		East Coast
18064	OUTWOOD	OUT	North & East
38316	OVERPOOL	OVE	North West
86070	OVERTON	OVR	Wessex
27101	OXCROFT COLLIERY		North & East
27102	OXCROFT DISPOSAL POINT		North & East
27103	OXCROFT JN		North & East
11011	OXENHOLMC		North West
11010	OXENHOLME DOWN GOODS LOOP		North West
11012	OXENHOLME LAKE DISTRICT	OXN	North West
11016	OXENHOLME SIGNAL CE41		North West
11013	OXENHOLME SIGNAL CE45		North West
11014	OXENHOLME SOUTH JN		North West
11009	OXENHOLME UP GOODS LOOP		North West
17013	OXENHOPE	XOB	North & East
74446	OXFORD	OXF	Western
74568	OXFORD BANBURY ROAD (FLHH)		Central
74551	OXFORD BANBURY ROAD G.F.		Central
74552	OXFORD BANBURY ROAD SDGS		Central
74457	OXFORD CANAL JN		Western
74458	OXFORD CARRIAGE SIDING 1		Western
74459	OXFORD CARRIAGE SIDING 2		Western
74460	OXFORD CARRIAGE SIDING 3		Western
72354	OXFORD CIRCUS		Private Railway
74448	OXFORD DOWN CARRIAGE SDG	XOX	Western
74462	OXFORD DOWN ENGINEERS SIDING		Western
74467	OXFORD DOWN HEADSHUNT		Western
74461	OXFORD DOWN TURNBACK LINE		Western
74466	OXFORD GROUND SIGNAL 6971		Western
74447	OXFORD NORTH JN.		Western
74436	OXFORD PARKWAY	OXP	Central
74424	OXFORD PARKWAY SIG 1770		Central
74250	OXFORD ROAD JN		Western
74429	OXFORD SIG 26		Western
74437	OXFORD SIGNAL OX90		Western
74432	OXFORD SIG OX121		Western
74440	OXFORD SOUTH YARD		Western
74455	OXFORD UP AND DOWN PASSENGER		Western
74445	OXFORD UP CARRIAGE SDGS		Western
74427	OXFORD WEST MIDLANDS SDGS		Western
30108	OXHEYS		North West
30109	OXHEYS		North West
65036	OXLEY CAR. M.D.	XOY	Central
65040	OXLEY DOWN GOODS LOOP		Central
65037	OXLEY SIGNAL BOX		Central
65038	OXLEY UP GOODS LOOP		Central
21016	OXMARSH LC		North & East
87193	OXSHOTT	OXS	Wessex
87751	OXTED	OXT	Sussex
87752	OXTED BAY		Sussex
87748	OXTED SIGNAL TB301		Sussex
87749	OXTED SIGNAL TB306		Sussex
87750	OXTED UP SIDING		Sussex
04831	OXWELLMAINS BLUE CIRCLE		Scotland
04840	OXWELLMAINS CROSSOVER		Scotland
04843	OXWELLMAINS DOWN MACROFTEG		Scotland
04830	OXWELLMAINS_HAUL WASTE		Scotland
04841	OXWELLMAINS LAFARGE		Scotland
04848	OXWELLMAINS LAFARGE COLAS		Scotland
04839	OXWELLMAINS UP		Scotland
04847	OXWELLMAINS UP (FL)		Scotland
72360	PADDINGTON BAKERLOO LUL		Private Railway
73001	PADDINGTON BALLAST TRAINS		Western
73003	PADDINGTON CROSSRAIL	PDX	Private Railway
73002	PADDINGTON LINK LINE		Private Railway
73105	PADDN YD MARCON TOPMIX		Western
89334	PADDOCKWD		Kent
89331	PADDOCK WOOD	PDW	Kent
89333	PADDOCK WOOD C.E. SIDING		Kent
89330	PADDOCK WOOD KEYLANDS SDGS		Kent
89337	PADDOCK WOOD SIG 2086		Kent
89336	PADDOCK WOOD SIG AD2071		Kent
89335	PADDOCK WOOD WEST CROSSOVER		Kent
89332	PADDOCK WOOD WHIRLPOOL		Kent
36714	PADGATE	PDG	North West
00324	PADOVA INTERPORTO		High Speed
83631	PAIGNTON	PGN	Western
83632	PAIGNTON QUEENS PARK DVLR		Western
83637	PAIGNTON SIGNAL 3		Western
83635	PAIGNTON XOVER G.F. P&DSR		Western
07115	PAISLEY CANAL	PCN	Scotland
07145	PAISLEY DOWN GOODS LOOP		Scotland
07146	PAISLEY GALLOWHILL SIDINGS		Scotland
07140	PAISLEY GILMOUR STREET	PYG	Scotland
07123	PAISLEY HAWKHEAD SHELL		Scotland
07141	PAISLEY SIGNAL P26		Scotland
07139	PAISLEY SIG PG183		Scotland
07137	PAISLEY SIG PG185		Scotland
07136	PAISLEY ST JAMES	PYJ	Scotland
07138	PAISLEY UP C.E.		Scotland
14037	PALLION STN T&WM	PAI	East Coast
53307	PALMERS GREEN	PAL	East Coast
74281	PANGBOURNE	PAN	Western
17109	PANNAL	PNL	North & East
76240	PANTEG		Wales
76241	PANTEG/GRIFFITHSTWN B.S.C		Wales
76242	PANTEG&GT		Wales
79060	PANTYFFYNNON	PTF	Wales
79061	PANTYFFYNNON LEVEL XG		Wales
64610	PANT-Y-PERON		Wales
85111	PAR	PAR	Western
36083	PARADISE JN		North West
35026	PARBOLD	PBL	North West
85114	PAR CHAPEL SIDING		Western
85112	PAR CLAYS		Western
79762	PARCSLIP (ADVENZA)		Wales
79761	PARC SLIP - CELTIC ENERGY		Wales
85109	PAR DOWN GOODS LOOP		Western
85212	PARHARBOR		Western
00755	PARIS LEL		High Speed
00756	PARIS LE LANDY DEPOT		High Speed
00750	PARIS NORD	PBN	High Speed
32119	PARK		North West
85423	PARKANDILLACK		Western
49398	PARKESTON CARLESS CRV HSHT		Anglia
49402	PARKESTON CARLESS EWS		Anglia
49397	PARKESTON CARLESS REF HSHT		Anglia
49405	PARKESTON C.T.		Anglia
49412	PARKESTON DN THROUGH SDG.		Anglia
49401	PARKESTON GOODS JUNCTION		Anglia
49408	PARKESTON H.S.		Anglia
49399	PARKESTON NEW YD (FLT)		Anglia
49411	PARKESTON QUAY TSC		Anglia
49396	PARKESTON SIGNAL P12		Anglia
49417	PARKESTON SIG P21		Anglia
49419	PARKESTON SIG P245		Anglia
49400	PARKESTON S.S.	XPA	Anglia
49420	PARKESTON S.S. GBRF		Anglia
49403	PARKESTON TIP EWS		Anglia
25210	PARKGATE	PAQ	North & East
11262	PARK HOUSE FARM		North West
76505	PARK JN		Wales
13215	PARK LANE JN		East Coast
66295	PARK LANE JN	XIA	Central
14034	PARK LANE (SUNDERLAND)	CIC	East Coast
76375	PARK LODGE		Wales
76507	PARK NORTH JUNCTION		Wales
49406	PARKQ SCS		Anglia
49410	PARKQY RS		Anglia
73303	PARK ROYAL		Western
73305	PARK ROYAL GUINNESS		Western
73306	PARK ROYAL MARCON		Western
88447	PARKS BRIDGE JN	XPY	Kent
35309	PARKSIDE JN		North West
11227	PARK SOUTH		North West
49407	PARKSTNQM		Anglia
86929	PARKSTONE (DORSET)	PKS	Wessex
71032	PARK STREET	PKT	West Coast South
71033	PARK STREET MBR SITE		West Coast South
85110	PARR LINER SIDINGS		Western
85113	PAR SIG PR7		Western
81819	PARSON STREET	PSN	Western
81820	PARSON STREET JUNCTION		Western
32411	PARTGTNJN		North West
06359	PARTICK	PTK	Scotland
06358	PARTICK C.E.		Scotland
32409	PARTINGTON JN		North West
32414	PARTINGTON SHELL SDGS		North West
10059	PARTON	PRN	North West
10058	PARTON NORTH JN		North West
81116	PATCHWAY	PWY	Western
81129	PATCHWAY SIGNAL BL1536		Western
74824	PATNEY		Western
31742	PATRICROFT	PAT	North West
07561	PATTERTON	PTT	Scotland
45121	PBORO 434		East Coast
45110	PBOROCWFS		East Coast
45097	P'BORO EASTFIELD JN.	XPQ	East Coast
45105	PBOROVQRP		East Coast
45099	P'BRO SIG P78		East Coast
34105	PEAK FOREST 34 POINTS		North West
34090	PEAK FOREST CEMEX GBRF		North West
34094	PEAK FOREST D&C		North West
34106	PEAK FOREST D&U THRO SDGS		North West
34095	PEAK FOREST FHH (CEMEX)		North West
34097	PEAK FOREST (FHH FUEL PT)		North West
34092	PEAK FOREST LHS		North West
34101	PEAK FOREST R.M.C. SDGS		North West
34098	PEAK FOREST S.B.		North West
34100	PEAK FOREST SOUTH S.S		North West
34093	PEAK FOREST UP SDGS		North West
57452	PEARTREE	PEA	East Midlands
16601	PECKFIELD CROSSOVER		North & East
87609	PECKHAM RYE	PMR	Kent
38323	PEEL GROUP SIDING ELLESMERE PORT		North West
12124	PEGSWOOD	PEG	East Coast
44055	PEKHAM ST JUNCTION 7851		East Midlands
13148	PELAW DOWN GOODS LOOP		East Coast
13153	PELAW GOODS LOOPS		East Coast
13151	PELAW JN.		East Coast
13152	PELAW METRO JUNCTION		East Coast
13154	PELAW TYNE & WEAR METRO	PAW	East Coast
13149	PELAW UP GOODS LOOP		East Coast
44054	PELHAM ST JUNCTION 7849		East Midlands
44053	PELHAM STREET JN.		East Midlands
36040	PEMBERTON	PEM	North West
79031	PEMBREY & BURRY PORT	PBY	Wales
79033	PEMBREY L C		Wales
80202	PEMBROKE	PMB	Wales
80201	PEMBROKE DOCK	PMD	Wales
80209	PENALLY	PNA	Wales
78715	PENARTH	PEN	Wales
78516	PENARTH CURVE NORTH JN		Wales
78699	PENARTH CURVE SOUTH JN		Wales
79798	PENCOED	PCD	Wales
79799	PENCOED UP PASSENGER LOOP		Wales
35148	PENDLETON		North West
31536	PENDLETON (BRINDLE HEATH)		North West
31537	PENDLETON (BRINDLE HTH) GBF		North West
78356	PENGAM	PGM	TfW Cardiff Valleys
77087	PENGAM F.L.T.		Wales
77089	PENGAM JN		Wales
77109	PENGAM RECEPTION SDGS GBRF		Wales
77104	PENGAM RECEPTION SIDINGS		Wales
77088	PENGAM SIDINGS		Wales
88475	PENGE EAST	PNE	Kent
87645	PENGE WEST	PNW	Sussex
64407	PENHELIG	PHG	Wales
25389	PENISTONE	PNS	North & East
65005	PENKRIDGE	PKG	Central
40042	PENMAENMAWR	PMW	Wales
40044	PENMAENMAWR (ADVENZA)		Wales
40041	PENMAENMAWR QUARRY		Wales
40038	PENMAENMAWR QUARRY (FHH)		Wales
40043	PENMAENMAWR SIG.PR19		Wales
40039	PENMAENMAWR SIG.PR4		Wales
85513	PENMERE	PNM	Western
76248	PENPERGWN		Wales
78132	PENRHIWCEIBER	PER	TfW Cardiff Valleys
64427	PENRHYNDEUDRAETH	PRH	Wales
09311	PENRITH CE		North West
09312	PENRITH NORTH LAKES	PNR	North West
09313	PENRITH SOUTH JN		North West
85511	PENRYN	PYN	Western
64419	PENSARN	PES	Wales
87738	PENSHURST	PHR	Kent
65736	PENSNETT		Central
78140	PENTRE-BACH	PTB	TfW Cardiff Valleys
85505	PENWITHERS JN		Western
79092	PEN-Y-BONT	PNY	Wales
64504	PENYCHAIN	PNC	Wales
41022	PENYFFORDD	PNF	Wales
41023	PENYFFORDD CEMENT GBRF		Wales
41021	PENYFFORDD CEMENT SDGS		Wales
41020	PENYFFORDD CEMENT SDGS GF		Wales
85734	PENZANCE	PNZ	Western
85733	PENZANCE SHED FUEL ROAD		Western
85737	PENZANCE SIG 24		Western
85738	PENZANCE SIG 26		Western
85739	PENZANCE SIG 28		Western
85736	PENZANCE SIG 3		Western
85729	PENZANCE SLOPERS SDG		Western
85731	PENZANCE T.& R.S.M.D.		Western
85735	PENZANCE WASHER		Western
00788	PERPIGNAN ROUSSILLON		High Speed
85507	PERRANWELL	PRW	Western
65666	PERRY BAR DOWN GOODS LOOP		Central
65665	PERRY BARR	PRY	Central
65667	PERRY BARR NORTH JN	XRA	Central
65668	PERRY BARR SOUTH JN		Central
65834	PERRY BARR WEST JN		Central
88423	PERRY STREET FORK JN		Kent
67345	PERSHORE	PSH	Western
03140	PERTH	PTH	Scotland
03147	PERTH BALLAST SIDINGS		Scotland
03119	PERTH C.A.F.P.		Scotland
03136	PERTH CAR. WASH MACHINE		Scotland
03128	PERTH C.S.D.	XPH	Scotland
03148	PERTH DUNDEE LOOP		Scotland
03131	PERTH MUIRTON		Scotland
03122	PERTH NEW YARD C.E.		Scotland
03134	PERTH OIL DEPOT		Scotland
03141	PERTH SIG 64		Scotland
03143	PERTH SIGNAL 61		Scotland
03137	PERTH SOUTH		Scotland
03121	PERTH T.C.		Scotland
03142	PERTH UP LOOP		Scotland
45108	PETERBORO' CRESCENT SHOPS		East Coast
45114	PETERBORO FLYASH EXM S		East Coast
45112	PETERBORO MAINT SHED GBRF		East Coast
45117	PETERBORO NENE C.H.S	XPN	East Coast
45106	PETERBOROUGH	PBO	East Coast
45111	PETERBOROUGH CRESCNT C.C.D		East Coast
45089	PETERBOROUGH EASTFIELD SIGNAL E44		East Coast
45109	PETERBOROUGH EAST JN.		East Coast
45101	PETERBOROUGH ECD ISU		East Coast
45103	PETERBOROUGH ISU (S&TE)		East Coast
45107	PETERBOROUGH L.I.P.		East Coast
45094	PETERBOROUGH REPAIR PT (GBRF)		East Coast
45128	PETERBOROUGH SHUNT SPUR		East Coast
45122	PETERBOROUGH SIGNAL 417		East Coast
45091	PETERBOROUGH SIGNAL P466		East Coast
45092	PETERBOROUGH SIGNAL P468		East Coast
45093	PETERBOROUGH SIGNAL P470		East Coast
45119	PETERBOROUGH SIG P423		East Coast
45090	PETERBOROUGH SIG P76		East Coast
45125	PETERBOROUGH SIG P796		East Coast
45088	PETERBOROUGH SIG P798		East Coast
45120	PETERBOROUGH SIG P800		East Coast
45098	PETERBOROUGH SPITAL SDGS		East Coast
45118	PETERBOROUGH SUB SIG 67		East Coast
45095	PETERBOROUGH VIRTUAL GBRF		East Coast
45104	PETERBOROUGH VIRTUAL Q&T		East Coast
45113	PETERBOROUGH VQ FHH		East Coast
45123	PETERBOROUGH WAITROSE SDGS		East Coast
45102	PETERBOROUGH WASHER		East Coast
45115	PETERBOROUGH WASHER RD GBRF		East Coast
45100	PETERBOROUGH WEST YARD	XPW	East Coast
45096	PETERBOROUGH WEST YARD RDS 1&2		East Coast
45116	PETERBRO' NORTH ISU (CE)		East Coast
87066	PETERSFIELD	PTR	Wessex
87075	PETERSFIELD UP SIDING CE		Wessex
09180	PETTERIL BRIDGE JN		North West
88492	PETTS WOOD	PET	Kent
88490	PETTS WOOD JN	XPE	Kent
88270	PEVENSEY BAY	PEB	Sussex
88271	PEVENSEY & WESTHAM	PEV	Sussex
74818	PEWSEY	PEW	Western
32122	PHILIPS PARK SOUTH JN		North West
32121	PHILIPS PARK WEST JN		North West
15008	PHILLIPS LOOP		North & East
00332	PIACENZA		High Speed
15520	PICKERING	XPK	Private Railway
15877	PICTON		East Coast
00758	PIERREFIT		High Speed
16003	PILMOOR		East Coast
16004	PILMOOR APCO		East Coast
81118	PILNING	PIL	Wales
83453	PINHOE	PIN	Western
83452	PINHOE SIGNAL EJ1		Western
08643	PINMORE		Scotland
70380	PINNER		Central
43045	PINNOX BRANCH ESSO SIDINGS		West Coast South
08641	PINWHERRY		Scotland
56306	PINXTON		East Midlands
87043	PIRBRIGHT JN		Wessex
02030	PITCABLE		Scotland
03102	PITLOCHRY	PIT	Scotland
03103	PITLOCHRY UP REFUGE SDG		Scotland
02051	PITMEDDEN		Scotland
51016	PITSEA	PSE	Anglia
51015	PITSEA DOWN SIDING		Anglia
51017	PITSEA UP SIDING		Anglia
34099	PK FORTCS		North West
52714	PLAISTOW		Anglia
52713	PLAISTOW L.T.	ZPS	Anglia
64302	PLAS-Y-COURT L.C.		Wales
13573	PLAWSWORTH		East Coast
05002	PLEAN		Scotland
05001	PLEAN CABERBOARD		Scotland
29163	PLEASINGTON	PLS	North West
65561	PLECK JN		Central
12135	PLESSEY CROSSOVERS		East Coast
01073	PLOCKTON	PLK	Scotland
89321	PLUCKLEY	PLC	Kent
37211	PLUMLEY	PLM	North West
37210	PLUMLEY WEST SIGNAL BOX		North West
88201	PLUMPTON	PMP	Sussex
11321	PLUMPTON JN		North West
09308	PLUMPTON U.G.L.		North West
88522	PLUMSTEAD	PLU	Kent
88523	PLUMSTEAD C.H.S.	XPS	Kent
88531	PLUMSTEAD CS		Private Railway
88529	PLUMSTEAD EAST JN		Private Railway
88530	PLUMSTEAD REV SDG		Private Railway
88519	PLUMSTEAD SIG NK1506		Kent
88524	PLUMSTEAD YARD		Kent
84139	PLYMOUTH	PLY	Western
84140	PLYMOUTH BALLAST SIDINGS		Western
84124	PLYMOUTH CATTEWATER EMR		Western
84128	PLYMOUTH CATTWATER HARBOUR		Western
84100	PLYMOUTH FRIARY S.S.		Western
84142	PLYMOUTH GROUND POSN SIG 120		Western
84143	PLYMOUTH GROUND POSN SIG 124		Western
84144	PLYMOUTH GROUND SIGNAL 131		Western
84141	PLYMOUTH GROUND SIGNAL P197		Western
84137	PLYMOUTH GROUND SIGNAL PH132		Western
84136	PLYMOUTH GROUND SIGNAL PH199		Western
84138	PLYMOUTH PARK SIDINGS		Western
84098	PLYMTHFRY		Western
07264	PMDIE HRD		Scotland
40105	POINT OF AYR COLLY		Wales
00790	POITIERS	POI	High Speed
86917	POKESDOWN	POK	Wessex
88248	POLEGATE	PLG	Sussex
88247	POLEGATE SIG. 1373		Sussex
69007	POLESWORTH	PSW	West Coast South
14159	POLKA SIDING DAWDON		North & East
07583	POLLOKSHAWS EAST	PWE	Scotland
07228	POLLOKSHAWS WEST	PWW	Scotland
07577	POLLOKSHIELDS EAST	PLE	Scotland
07589	POLLOKSHIELDS WEST	PLW	Scotland
07265	POLMADIE B.O.C.		Scotland
07279	POLMADIE CLYDESDALE LOOP		Scotland
07267	POLMADIE DEPOT ISU (CE)		Scotland
07266	POLMADIE D.H.S.	XPD	Scotland
07341	POLMADIE DOWN CLYDESDALE		Scotland
07263	POLMADIE E.P.S.		Scotland
07268	POLMADIE (PC)		Scotland
07248	POLMADIE SIG 779		Scotland
07243	POLMADIE SIG 787		Scotland
07244	POLMADIE SIG 789		Scotland
07249	POLMADIE SIG 818		Scotland
07283	POLMADIE SIG G766		Scotland
07221	POLMADIE SIG G782		Scotland
07285	POLMADIE SIGNAL G761		Scotland
07281	POLMADIE SIGNAL G771		Scotland
07282	POLMADIE SIGNAL G781		Scotland
07273	POLMADIE SIGNAL G788		Scotland
07343	POLMADIE UP CLYDESDALE		Scotland
03419	POLMAISE		Scotland
05111	POLMONT	PMT	Scotland
05110	POLMONT JN		Scotland
05112	POLMONT UPL		Scotland
05114	POLMONT U.P.L. (NORTH)		Scotland
83447	POLSLOE BRIDGE	POL	Western
51918	PONDERS END	PON	Anglia
85732	PONSANDANE		Western
53304	PONSBOURNE TUNNEL SIG K891		East Coast
53306	PONSBOURNE TUNNEL SIG K894		East Coast
79057	PONTARDDULAIS	PTD	Wales
16722	PONTEFRACT BAGHILL	PFR	North & East
18027	PONTEFRACT M'HILL SDG FHH		North & East
18025	PONTEFRACT MONKHILL	PFM	North & East
18024	PONTEFRACT MONKHILL GDS JN		North & East
18026	PONTEFRACT MONKHILL SDGS		North & East
18028	PONTEFRACT TANSHELF	POT	North & East
76237	PONTHIR		Wales
78343	PONTLOTTYN	PLT	TfW Cardiff Valleys
78347	PONTLOTTYN SIG 2807		TfW Cardiff Valleys
76354	PONTRILAS		Wales
85223	PONTSMILL		Western
79025	PONTYATES L C		Wales
78608	PONTYCLUN	PYC	Wales
40062	PONT-Y-PANT	PYP	Wales
76245	PONTYPOOL AND NEW INN	PPL	Wales
78215	PONTYPRIDD	PPD	TfW Cardiff Valleys
86935	POOLE	#MULTIVALUE	Wessex
86937	POOLE SIGNAL BOX		Wessex
86934	POOLE SIGNAL PW5200		Wessex
86933	POOLE SIG PW5210		Wessex
86936	POOLE S. S.	XFT	Wessex
16124	POPPLETON	POP	North & East
00205	PORT BOU		High Speed
00732	PORT BOU FRONTIER (RFF) (FRANCE)		High Speed
00216	PORT BOU INTERMODAL (SPAIN)		High Speed
81827	PORTBURY AUTOMOTIVE TERML		Western
81833	PORTBURY AUTO TERMINAL GBF		Western
81828	PORTBURY AUTO TML (FLHH)		Western
81831	PORTBURY BIOMASS (GBRF)		Western
81830	PORTBURY COAL TERMINAL (COLAS)		Western
81825	PORTBURY COAL TERMINAL EWS		Western
81826	PORTBURY COAL TERML (FLHH)		Western
81832	PORTBURY COAL TMNL GBRF		Western
81824	PORTBURY DOCK STOP BOARD		Western
86248	PORTCHESTER	PTC	Wessex
15007	PORT CLARENCE (FLHH)		North & East
15005	PORT CLARENCE (GBRF)		North & East
15006	PORT CLARENCE I.C.I		North & East
15004	PORT CLARENCE JN.		North & East
15003	PORT CLARENCE PETROPLUS		North & East
86333	PORTCREEK JN		Wessex
02041	PORT ELPHINSTONE TAIT &THO		Scotland
07128	PORT GLASGOW	PTG	Scotland
78015	PORTH	POR	TfW Cardiff Valleys
64501	PORTHMADOG	PTM	Wales
64502	PORTHMADOG ISU (CE)		Wales
81841	PORTISHD		Western
02109	PORTLETHEN	PLN	Scotland
73106	PORTOBELLO JN		Western
04641	PORTOBELLO JN (LOTHIAN)		Scotland
65085	PORTOBELLO JN (WEST MIDS)	XPJ	Central
04639	PORTOBELLO RUSSELL J.G.		Scotland
10032	PORT OF WORKINGTON COLAS		North West
01067	PORTREE		Scotland
87986	PORTSLADE	PLD	Sussex
86316	PORTSMOUTH AND SOUTHSEA SIG HT571		Wessex
86324	PORTSMOUTH AND SOUTHSEA SIG HT573		Wessex
83227	PORTSMOUTH ARMS	PMA	Western
86311	PORTSMOUTH HARBOUR	PMH	Wessex
86312	PORTSMOUTH HARBOUR SIG HT61		Wessex
86313	PORTSMOUTH & SOUTHSEA	PMS	Wessex
86315	PORTSMOUTH & S.S. BACK  RD		Wessex
86314	PORTSMOUTH & S'SEA D.C.S	XGL	Wessex
86310	PORTSMTH HARBOUR (BALLAST)		Wessex
38210	PORT SUNLIGHT	PSL	North West
79734	PORT TABLOT P FIELD RR LOOP		Wales
79736	PORT TALBOT CORUS		Wales
79721	PORT TALBOT DOCKS		Wales
79704	PORT TALBOT EAST		Wales
79746	PORT TALBOT GRANGE SDG (COLAS)		Wales
79744	PORT TALBOT GRANGE SDGS BSC (FHH)		Wales
79745	PORT TALBOT GRANGE SDGS GBRF		Wales
79741	PORT TALBOT GRANGE SDS (ADV)		Wales
79701	PORT TALBOT PARKWAY	PTA	Wales
79735	PORT TALBOT P FIELD SIDING		Wales
79708	PORT TALBOT PT7533		Wales
79702	PORT TALBOT PT7548		Wales
79705	PORT TALBOT SIG 3462		Wales
79737	PORT TALBOT STEEL (COLAS)		Wales
79703	PORT TALBOT UP SIDINGS		Wales
79706	PORT TALBOT WEST JN		Wales
79743	PORT TLBT GRANGE SDGS TARM		Wales
81246	PORTWAY PARK AND RIDE		Western
06242	POSSILPARK & PARKHOUSE	PPK	Scotland
12207	POTLAND BURN DB SCHENKER		North & East
12206	POTLAND BURN (FHH)		North & East
12205	POTLAND BURN GBRF		North & East
23452	POTTERIC CARR JN.		East Coast
54001	POTTERS BAR	PBR	East Coast
54002	POTTERS BAR SIG K141		East Coast
54004	POTTERS BAR SIGNAL K146		East Coast
54003	POTTERS BAR SIGNAL K148		East Coast
19998	POTTERS GRANGE JN		North & East
30041	POULTON-LE-FYLDE	PFY	North West
30042	POULTON-LE-FYLDE SIG. PT67		North West
87230	POUPARTS JN		Sussex
10053	POWBECK RAILHEAD		North West
04409	POWDERHALL REFUSE SDGS		Scotland
04408	POWDERHALL REFUSE SIDING		Scotland
76252	POWELL		Wales
08826	POWHARNAL (AUCHINLECK)		Scotland
32577	POYNTON	PYT	North West
00401	POZNAN (POLAND)		High Speed
42226	PREES	PRS	Wales
36611	PRESCOT	PSC	North West
40101	PRESTATYN	PRT	Wales
30123	PRESTBHSE		North West
32573	PRESTBURY	PRB	North West
30120	PRESTON	#MULTIVALUE	North West
30127	PRESTON CROFT STREET SDGS		North West
30118	PRESTON C.S.	XPT	North West
30112	PRESTON DEEPDALE C.C.D.		North West
30121	PRESTON DOCKS LANFINA		North West
30124	PRESTON DOCKS MAINTENANCE PT		North West
30122	PRESTON DOCKS PETROFINA		North West
30117	PRESTON DOCK ST SDGS		North West
30116	PRESTON FYLDE JN.		North West
30119	PRESTON H.S.		North West
15123	PRESTON MANOR		East Coast
30129	PRESTON N U YARD		North West
04811	PRESTONPANS	PST	Scotland
04810	PRESTONPANS SIGNAL EA831		Scotland
04812	PRESTONPANS U.P.L.		Scotland
87975	PRESTON PARK	PRP	Sussex
87974	PRESTON PARK SIDINGS		Sussex
88000	PRESTON PARK SIGNAL T1244		Sussex
30125	PRESTON SHUNT LINE		North West
30128	PRESTON SHUNT SIGNAL 136		North West
30147	PRESTON SOUTH JUNCTION		North West
10119	PRESTONST		North West
08522	PRESTWICK B.P.OIL		Scotland
08521	PRESTWICK INT. AIRPORT	PRA	Scotland
08523	PRESTWICK TOWN	PTW	Scotland
07226	PRIESTHILL & DARNLEY	PTL	Scotland
72317	PRIMROSE HILL	PRM	West Coast South
17306	PRINCE OF WALES (FLHH)		North & East
17305	PRINCE OF WALES RJB MINING		North & East
73509	PRINCES R'BORO ACE		Central
73508	PRINCES RISBOROUGH	PRR	Central
73507	PRINCES RISBOROUGH ME159		Central
73513	PRINCES RISBOROUGH ME171		Central
73510	PRINCES RISBOROUGH ME178		Central
73511	PRINCES RISBOROUGH ME666		Central
04291	PRINCES ST GARDENS		Scotland
50314	PRITTLEWELL	PRL	Anglia
85440	PROBUS		Western
65625	PROOF HOUSE JN	XOZ	Central
10118	PRSTNSTFD		North West
13322	PRUDHOE	PRU	North & East
79742	PT.TALBOT GRANGE SD B.S.C		Wales
79720	PT WKS CS		Wales
52748	PUDDING MILL LANE PORTAL		Anglia
87954	PULBOROUGH	PUL	Sussex
87883	PULBOROUGH SIGNAL 1431		Sussex
51344	PURFLEET	PFL	Anglia
51348	PURFLEET DEEP WATER WHARF LC		Anglia
51341	PURFLEET DEEP WTR WF (EWS)		Anglia
51342	PURFLEET DEEP WTR WF (FLT)		Anglia
51340	PURFLEET DEEP WTR WF (RFD)		Anglia
51338	PURFLEET FOSTER YEOMAN		Anglia
51343	PURFLEET FOSTER YEOMAN FHH		Anglia
51339	PURFLEET FY GBRF		Anglia
51399	PURFLEET FY GBRF		Anglia
51350	PURFLEET JURGENS LC		Anglia
51346	PURFLEET LONG SIDING		Anglia
51337	PURFLEET LS SIGNAL UR1176		Anglia
51345	PURFLTPBT		Anglia
51336	PURFLT VN		Anglia
87801	PURLEY	PUR	Sussex
87803	PURLEY DOWN SIDING		Sussex
87807	PURLEY DOWN SIDING GBRF		Sussex
87802	PURLEY FOSTER YEOMAN		Sussex
87800	PURLEY OAKS	PUO	Sussex
87814	PURLEY SIGNAL T1091		Sussex
87808	PURLEY SIGNAL T1100		Sussex
87809	PURLEY SIGNAL T1102		Sussex
87806	PURLEY U.S.L.		Sussex
87805	PURLEY YARD GBRF		Sussex
87804	PURLEY YARD TAMPER SIDING		Sussex
87813	PURLEY YD DAY AGGS (FLHH)		Sussex
75020	PURTON		Western
87152	PUTNEY	PUT	Wessex
64511	PWLLHELI	PWL	Wales
64510	PWLLHELI EAST		Wales
64509	PWLLHELI STATION SIDINGS		Wales
56510	PYE BRIDGE JN		East Midlands
76627	PYE CORNER	PYE	Wales
44025	PYEWIPE JN		East Midlands
79785	PYLE	PYL	Wales
81811	PYLEHLGDS		Western
46016	QUADRING SIG WS7070		East Midlands
46017	QUADRING SIG WS7071		East Midlands
70340	QUAINTON ROAD	QRD	Central
78146	QUAKERS YARD	QYD	TfW Cardiff Valleys
72283	QUARRY SIG T187		Sussex
89124	QUEENBOROUGH	QBR	Kent
89129	QUEENBOROUGH CAR LDG SDGS	XQC	Kent
89122	QUEENBOROUGH SHIPBLDNG YD	XQS	Kent
89131	QUEENBOROUGH YARD	XQY	Kent
65203	QUEENS HEAD SDG A&D LINE		Central
65213	QUEEN'S HEAD SIGNAL SJ606		Central
07575	QUEENS PARK	QPK	Scotland
72310	QUEENS PARK (AC)		West Coast South
72311	QUEENS PARK (DC)	QPW	West Coast South
72309	QUEEN'S PARK JUNCTION		West Coast South
72308	QUEENS PARK SOUTH SHED		West Coast South
88407	QUEENS RD PECKHAM	QRP	Kent
87216	QUEENSTOWN RD.(BATTERSEA)	QRB	Wessex
87229	QUEENSTOWN ROAD SIG W927		Wessex
86124	QUIDHAMPTON SDGS E.C.C.		Wessex
07985	QUINTINSHILL PASS LOOPS		North West
85246	QUINTRELL DOWNS	QUI	Western
55623	RADCLIFFE (NOTTS)	RDF	East Midlands
55120	RADFORD JN		East Midlands
55123	RADFORD SIG MS4208		East Midlands
55124	RADFORD SIG MS4210		East Midlands
55125	RADFORD SIG MS4216		East Midlands
55126	RADFORD SIG MS4217		East Midlands
63208	RADLETT	RDT	East Midlands
63209	RADLETT JN		East Midlands
63213	RADLETT LAFARGE GBRF		East Midlands
63211	RADLETT REDLAND ROADSTONE		East Midlands
63210	RADLETT ROADSTONE WH592		East Midlands
63207	RADLETT SIGNAL WH258		East Midlands
74428	RADLEY	RAD	Western
82221	RADSTOCK		Western
78400	RADYR	RDR	TfW Cardiff Valleys
78405	RADYR		TfW Cardiff Valleys
36046	RAINFORD	RNF	North West
51347	RAINHAM	RNM	Anglia
89020	RAINHAM EAST JN		Kent
89018	RAINHAM (KENT)	RAI	Kent
89019	RAINHAM (KT) SHUNT SIG EU23		Kent
89022	RAINHAM SIG EK4157		Kent
35439	RAINHILL	RNH	North West
15102	RAISBY QUARRIES		East Coast
89473	RAMSGATE	RAM	Kent
89480	RAMSGATE DEPOT EXIT		Kent
89459	RAMSGATE DEPOT RECEPTION WEST		Kent
89458	RAMSGATE DEPOT WASHER SPUR		Kent
89461	RAMSGATE DT EXIT MARGATE END		Kent
89460	RAMSGATE DT EXIT MINSTER END		Kent
89472	RAMSGATE E.M.U.D.	XRE	Kent
89476	RAMSGATE NEW SIDINGS		Kent
89466	RAMSGATE SHUNT SIG 77		Kent
89468	RAMSGATE SHUNT SIGNAL 12		Kent
89477	RAMSGATE SHUNT SIGNAL 13		Kent
89453	RAMSGATE SIGNAL EK4981		Kent
89454	RAMSGATE SIGNAL EK4985		Kent
89455	RAMSGATE SIGNAL EK5143		Kent
89456	RAMSGATE SIGNAL EK5145		Kent
89457	RAMSGATE UP SDG WEST		Kent
29146	RAMSGREAVE & WILPSHIRE	RGW	North West
57450	RAMS LINE HALT		East Midlands
06035	RANNOCH	RAN	Scotland
06034	RANNOCH CIVIL ENGINEER		Scotland
06065	RANNOCH TIMBER GBRF		Scotland
23488	RANSKILL LOOP		East Coast
56610	RATCLIFFE HEAVY HAUL		East Midlands
56609	RATCLIFFE JN		East Midlands
56613	RATCLIFFE ON SOAR PS (FASTLINE)		East Midlands
56615	RATCLIFFE POWER STATION (COLAS RAIL)		East Midlands
56611	RATCLIFFE P.S.		East Midlands
56612	RATCLIFFE PS CRIPPLE SDG		East Midlands
56618	RATCLIFFE PS GBRF		East Midlands
56617	RATCLIFFE PS GYPSUM SDGS		East Midlands
84058	RATTERYVD		Western
44105	RAUCEBY	RAU	East Midlands
10206	RAVENGLASS FOR ESKDALE	RAV	North West
35406	RAVENHEAD DOWN GOODS LOOP		North West
35411	RAVENHEAD JN		North West
35413	RAVENHEAD SDGS		North West
88473	RAVENSBOURNE	RVB	Kent
07802	RAVENSCRAIG NO3		Scotland
07803	RAVENSCRAIG NO4		Scotland
18439	RAVENSTHORPE	RVN	North & East
07959	RAVENSTRUTHER		Scotland
07950	RAVENSTRUTHER CM FHH		Scotland
07946	RAVENSTRUTHER TRAIN EXAM POINT		Scotland
20011	RAWCLIFFE	RWC	North & East
31010	RAWTENSTALL (E.LANCS RLY)		North West
50321	RAYLEIGH	RLG	Anglia
87271	RAYNES PARK	RAY	Wessex
74236	READING	RDZ	Wessex
74237	READING	RDG	Western
74242	READING 535 SIG		Western
74243	READING DEPOT ENTRANCE A		Western
74252	READING DEPOT ENTRANCE C		Western
74239	READING D.M.U.D.		Western
74273	READING GREEN PARK	RGP	Wessex
74270	READING HIGH LEVEL JN		Western
52043	READING LANE JN		Anglia
74241	READING MAIN LINE WEST		Western
74235	READING NEW JN		Western
74255	READING PLANT DEPOT CE		Western
74238	READING PLANT DEPOT WTR		Western
74244	READING SIG 524		Western
74254	READING SIG T1714		Western
74264	READING SIG T1716		Western
74266	READING SIG T1726		Western
74268	READING SIG T1728		Western
74269	READING SIG T1732		Western
74256	READING SIG T2804		Western
74240	READING SIG TR143		Western
74251	READING SIG TR1691		Western
74245	READING SIG. TR379		Western
74231	READING SIG TR545		Western
74246	READING SOUTHERN JN		Wessex
74234	READING SPUR JN		Wessex
74259	READING T.M.D.		Western
74247	READING TRAINCARE DEPOT		Western
74253	READING TRIANGLE SDGS		Western
74249	READING WEST	RDW	Western
74257	READING WEST CURVE		Western
74260	READING WEST JN		Western
74261	READING WEST JN. N.Y.		Western
74263	READING WST JN NEW YD GBRF		Western
74258	READNG		Western
74262	READNG RP		Western
74248	READNGTRI		Western
59113	REARSBY L.C.		East Midlands
55607	RECTORY JN		East Midlands
55605	RECTORY JN (COLWICK)		East Midlands
55604	RECTORY JN (COLWICK COLAS)		East Midlands
51965	RECTORY ROAD	REC	Anglia
55606	RECTORY TOTAL SDG		East Midlands
31505	RED BANK		North West
86703	REDBRIDGE	RDB	Wessex
86704	REDBRIDGE JN		Wessex
50428	REDBRIDGE LT STATION	ZRE	Anglia
86708	REDBRIDGE RECEPTION SIDINGS		Wessex
86701	REDBRIDGE SDGS DBS		Wessex
86702	REDBRIDGE SDGS - FRTLINER		Wessex
86705	REDBRIDGE SIG E973		Wessex
15652	REDCAR B.S.C. (MIN.T.)		North & East
15651	REDCAR B.S.C. ORE T.		North & East
15661	REDCAR CENTRAL	RCC	North & East
15662	REDCAR CENTRAL DOWN LOOP		North & East
15664	REDCAR EAST	RCE	North & East
15654	REDCAR HIGH LEVEL (FLHH)		North & East
15663	REDCAR MINERAL TERMINAL (COLAS)		North & East
15658	REDCAR MINERAL TERMINAL GBRF		North & East
15657	REDCAR MINERAL TERML (GBRF)		North & East
15653	REDCAR MR		North & East
15644	REDCAR ORE TERMINAL JN		North & East
15655	REDCAR TRAIN EXAM POINT		North & East
32063	REDDISH NORTH	RDN	North West
32521	REDDISH SOUTH	RDS	North West
66529	REDDITCH	RDC	Central
03244	REDFORD JN		Scotland
03240	REDFORD JN SIGNAL ET773		Scotland
87722	REDHILL	RDH	Sussex
87724	REDHILL		Sussex
87718	REDHILL DOWN SDG		Sussex
87723	REDHILLGL		Sussex
87721	REDHILL GOODS LOOP		Sussex
87725	REDHILL LONG SDG		Sussex
87732	REDHILL SIGNAL T1305		Sussex
87730	REDHILL SIGNAL T1308		Sussex
87720	REDHILL SIGNAL T1316		Sussex
87729	REDHILL SIGNAL T1320		Sussex
87719	REDHILL SIGNAL T1322		Sussex
87735	REDHILL SIGNAL T1336		Sussex
87726	REDHILL SIGNAL T502		Sussex
87727	REDHILL SIG. T483		Sussex
87728	REDHILL UP TONBRIDGE GOODS		Sussex
81260	REDLAND	RDA	Western
15907	REDMIRE TARMAC		Private Railway
15906	REDMIRE (TEST)		Private Railway
15909	REDNIRE GBRF		Private Railway
86075	RED POST JN		Wessex
85601	REDRUTH	RED	Western
85602	REDRUTH SIG R14		Western
85603	REDRUTH SIG R27		Western
87703	REEDHAM	RHM	Sussex
48203	REEDHAM JN SIGNAL YL8462		Anglia
48201	REEDHAM (NORFOLK)	REE	Anglia
87740	REEDHAM SIDINGS		Sussex
48202	REEDHAM SIG RJ43		Anglia
42210	REEDS FARM L.C.		Wales
12405	REGENT CENTRE (NEWCASTLE)	REG	East Coast
63638	REGENTS CANAL JN		East Midlands
63628	REGENTS CANAL JN (STPX)		East Midlands
36103	REGENTS ROAD L.C.		North West
87089	REIGATE	REI	Sussex
87058	REIGATE C.H.S.		Sussex
87091	REIGATE SHUNT SIG 17		Sussex
27206	RENISHAW PARK (FLHH)		North & East
27205	RENISHAW PARK HJ BANKS		North & East
27208	RENISHAW PARK LOS		North & East
27207	RENISHAW PARK S1026		North & East
06125	RENTON	RTN	Scotland
51504	RENWICK ROAD BIFFA GBRF		Anglia
69438	RESERVOIR JN		Central
69439	RESERVOIR NECK		Central
69445	RESERVOIR SIDINGS		Central
79518	RESOLVEN		Wales
04852	RESTON		Scotland
04836	RESTON DOWN C.E.		Scotland
04837	RESTON GSP		Scotland
04838	RESTON SIGNAL EG402		Scotland
04835	RESTON UP C.E.		Scotland
23491	RETFORD	RET	East Coast
23479	RETFORD 1352 GPL		East Coast
23489	RETFORD CROSSOVER		East Coast
23482	RETFORD DOWN SIDINGS		East Coast
23494	RETFORD ECML DN SDG SIG D1343		East Coast
26207	RETFORD GRINGLEY RD LOOP		North & East
26208	RETFORD LOW LEVEL	XRO	North & East
23492	RETFORD SIG D1341		East Coast
23497	RETFORD SIG D1348		East Coast
23493	RETFORD SIG D156		East Coast
23481	RETFORD UP SIDINGS		East Coast
25013	RHAM MAS		North & East
78385	RHIWBINA	RHI	TfW Cardiff Valleys
78901	RHOOSE CARDIFF INT AIRPORT	RIA	Wales
40025	RHOSGOCH		Wales
40013	RHOSNEIGR	RHO	Wales
64305	RHYDWHIMEN L C		Wales
40076	RHYL	RHL	Wales
40077	RHYL (CE)		Wales
40078	RHYL JN		Wales
40079	RHYL SIGNAL 2		Wales
78341	RHYMNEY	RHY	TfW Cardiff Valleys
78345	RHYMNEY NORTH GF		TfW Cardiff Valleys
78342	RHYMNEY READS SDGS		TfW Cardiff Valleys
78339	RHYMNEY SIDINGS		TfW Cardiff Valleys
78344	RHYMNEY SOUTH GF		TfW Cardiff Valleys
09508	RIBBLEHEAD	RHD	North West
09510	RIBBLEHEAD VIADUCT		North West
09507	RIBBLEHEAD VQ GBRF		North West
30148	RIBBLE JN		North West
09509	RIBLEHEAD (VIRTUAL QUARRY)		North West
08723	RICCARTON		Scotland
36053	RICE LANE	RIL	North West
87135	RICHMOND	RMD	Wessex
87132	RICHMOND NLL		Anglia
86940	RICHMOND SIGNAL BEF2105		Wessex
87124	RICHMOND SIGNAL F398		Wessex
43325	RICKERSCOTE		West Coast South
70371	RICKMANSWORTH	RIC	The Chiltern Railway Co Ltd
87744	RIDDLESDOWN	RDD	Sussex
62049	RIDGMONT	RID	West Coast South
89119	RIDHAM DOCK		Kent
89117	RIDHAM DOCK MP RECYCLING		Kent
89121	RIDHAM  SIDINGS		Kent
13319	RIDING MILL	RDM	North & East
09034	RIGG		Scotland
17108	RIGTON LC		North & East
51514	RIPPLE LANE BARKING FLT TML (DRS)		Anglia
51520	RIPPLE LANE CTRL		Anglia
51521	RIPPLE LANE EXCH SDGS		Anglia
51525	RIPPLE LANE EXCH SDGS GBRF		Anglia
51512	RIPPLE LANE F.L.T.		Anglia
51522	RIPPLE LANE FLT (DBS)		Anglia
51523	RIPPLE LANE F.L.T. (GBRF)		Anglia
51524	RIPPLE LANE F.L.T. (GBRF) C & W		Anglia
51519	RIPPLE LANE H GROUP SDGS		Anglia
51511	RIPPLE LANE RAILHEAD		Anglia
51505	RIPPLE LANE RENWICK RD JN		Anglia
51508	RIPPLE LANE SIG 806		Anglia
51507	RIPPLE LANE SIGNAL 807		Anglia
51510	RIPPLE LANE SIGNAL FW6		Anglia
51517	RIPPLE LANE STORA		Anglia
51526	RIPPLE LANE WEST JUNCTION		Anglia
51509	RIPPLE LANE WEST S.S.		Anglia
51506	RIPPLE LANE WEST YARD		Anglia
51516	RIPPLE LANE W.R.D.		Anglia
51515	RIPPLE LANE YD BARKING (EP2)		Anglia
51535	RIPPLE ROAD JUNCTION		Anglia
18462	RIPPLEY JUNCTION		North & East
76630	RISCA & PONTYMINSTER	RCA	Wales
76629	RISCA SOUTH JUNCTION		Wales
29066	RISHTON	RIS	North West
38187	RIVERBED SIGNAL 534		North West
70200	ROADE		West Coast South
89396	ROBERTSBRIDGE	RBR	Kent
89395	ROBERTSBRIDGE DOWN SDG		Kent
89383	ROBERTSBRIDGE NO 2 CROSSOVER		Kent
80105	ROBESTON SDGS		Wales
80106	ROBESTON SDGS GBRF		Wales
06524	ROBROYSTON	RRN	Scotland
36603	ROBY	ROB	North West
31033	ROCHDALE	RCD	North West
31032	ROCHDALE EAST JUNCTION		North West
31034	ROCHDALE SIG. RE25		North West
31036	ROCHDALE TURNBACK SDG		North West
85233	ROCHE	ROC	Western
89004	ROCHESTER	RTR	Kent
89002	ROCHESTER BRIDGE JN	XRJ	Kent
89005	ROCHESTER DOWN LOOP		Kent
89003	ROCHESTER SIG 26		Kent
89006	ROCHESTER UP LAYBY SDGS		Kent
50316	ROCHFORD	RFD	Anglia
40127	ROCKCLIFFE HALL		Wales
38201	ROCK FERRY	RFY	North West
38203	ROCK FERRY SIGNAL 722		North West
85230	ROCKS DRIES ECC SDG		Western
75019	RODBOURNE JUNCTION		Western
01027	ROGART	ROG	Scotland
76628	ROGERSTON	ROR	Wales
55509	ROLLESTON	ROL	East Midlands
87580	ROLT STREET JUNCTION (ELL)		Private Railway
40064	ROMAN BRIDGE	RMB	Wales
50401	ROMFORD	RMF	Anglia
50403	ROMFORD CE		Anglia
50402	ROMFORD JUNCTION		Anglia
50398	ROMFORD SIG L450		Anglia
50397	ROMFORD SIGNAL 438		Anglia
50404	ROMFORD SIGNAL 438/5107		Anglia
50399	ROMFORD SIGNAL L440/L5109		Anglia
32552	ROMILEY	RML	North West
86101	ROMSEY	ROM	Wessex
86153	ROMSEY JUNCTION		Wessex
86128	ROMSEY SIGNAL E995		Wessex
86130	ROMSEY SIGNAL EH228		Wessex
86129	ROMSEY SIGNAL EH883		Wessex
86154	ROMSEY SINGLE LINE JN		Wessex
65904	ROOD END GOODS		Central
11261	ROOSE	ROO	North West
00909	ROOSENDAAL CS	RDL	High Speed
87019	ROPLEY	ROP	Wessex
69510	ROSE FARM CROSSING		Central
29050	ROSE GROVE	RSG	North West
07348	ROSEHALL JN		Scotland
32550	ROSE HILL MARPLE	RSH	North West
02002	ROSEISLE D.C.L.		Scotland
00069	ROSENHEIM		High Speed
01098	ROSE STREET		Scotland
09217	ROSEWAIN L C		North West
85621	ROSKEAR CROSSOVER		Western
41127	ROSSETT JN		North West
41126	ROSSETT LC		North West
23484	ROSSINGTON COLLIERY (FHH)		East Coast
23502	ROSSINGTON COLLIERY GBRF		East Coast
23483	ROSSINGTON COLLIERY JN		East Coast
23485	ROSSINGTON LOADING POINT		East Coast
03323	ROSYTH	ROS	Scotland
03335	ROSYTH DK		Scotland
03337	ROSYTH DK		Scotland
03324	ROSYTH DOCK FHH		Scotland
03339	ROSYTH DOCKYARD	RYK	Scotland
24504	ROTHERHAM ALDWARKE NS (ADVENZA)		North & East
25007	ROTHERHAM (BOOTHS) GBRF		North & East
24799	ROTHERHAM CENTRAL	RMC	North & East
25008	ROTHERHAM MASBORO MMR (ADVENZA)		North & East
25009	ROTHERHAM MASBOROUGH EWS		North & East
25010	ROTHERHAM MASBOROUGH FLHH		North & East
24801	ROTHERHAM PARKGATE JN		North & East
24796	ROTHERHAM S1068		North & East
24797	ROTHERHAM S1071		North & East
24798	ROTHERHAM S1072		North & East
24800	ROTHERHAM SIGNAL S.748		North & East
25105	ROTHERHAM TEMPLEBORO (ADVENZA)		North & East
87566	ROTHERHITHE (ELL)	ROE	Private Railway
06331	ROTHESAY DOCK		Scotland
02020	ROTHMAY		Scotland
00918	ROTTERDAM C.S.	ROT	High Speed
05025	ROUGHCASTLE		Scotland
48009	ROUGHTON ROAD	RNR	Anglia
65725	ROUND OAK		Central
65724	ROUND OAK DUDLEY RLC		Central
24406	ROUNDWOOD		North & East
24405	ROUNDWOOD B.S.C. 11" MILL		North & East
49142	ROUTES L.C. NO.8		Anglia
87067	ROWLANDS CASTLE	RLN	Wessex
65923	ROWLEY REGIS	ROW	Central
65922	ROWLEY REGIS DGL		Central
22048	ROXBYGLRP		North & East
20052	ROXBY GULLET (FLHH)		North & East
22053	ROXBY GULLET REP PT (FL)		North & East
73102	ROYAL OAK HEADSHUNT		Western
73108	ROYAL OAK JN		Western
73110	ROYAL OAK PORTAL (DBS)		Western
73103	ROYAL OAK SIDINGS		Western
06028	ROY BRIDGE	RYB	Scotland
47621	ROYDON	RYN	Anglia
53004	ROYSTON	RYS	East Coast
53000	ROYSTON DN CAMB LOS		East Coast
53006	ROYSTON (HERTS) LOOP		East Coast
53003	ROYSTON (HERTS) SHERRIFF		East Coast
18083	ROYSTON JN.		North & East
18081	ROYSTON MONCKTON C.C.C.		North & East
52999	ROYSTON OLD SIDINGS		East Coast
53002	ROYSTON SIGNAL K245		East Coast
53001	ROYSTON SIGNAL K246		East Coast
03340	RSYTHDKYD		Scotland
41403	RUABON	RUA	Wales
52207	RUCKHOLT ROAD JN		Anglia
55409	RUDDINGTON GT CENTRAL RLY		East Midlands
30155	RUFFORD	RUF	North West
28325	RUFFORD JN		North & East
28203	RUFFORD NO.1 STOCKING SITE		North & East
28201	RUFFORD RJB MINING		North & East
28202	RUFFORD STOCKING SITE		North & East
70030	RUGBY	RUG	West Coast South
70020	RUGBY ARRIVAL SDGS		West Coast South
70035	RUGBY CARRIAGE SDGS (FLHH)		West Coast South
70022	RUGBY COAL SDGS		West Coast South
70031	RUGBY C.S.		West Coast South
70021	RUGBY DEPOT ACCESS LINE		West Coast South
70032	RUGBY HS		West Coast South
70017	RUGBY INTERMODAL TERMINAL		West Coast South
70033	RUGBY MAINT & EQUIP DEPT-COLAS		West Coast South
70013	RUGBY NEW BILTON (EWS)		West Coast South
70018	RUGBY NORFROST		West Coast South
70028	RUGBY NORTH JUNCTION		West Coast South
70012	RUGBY RTR DEPOT		West Coast South
70039	RUGBY SIG KR9649		West Coast South
70041	RUGBY SIG KR9653		West Coast South
70048	RUGBY SIGNAL RC9304		West Coast South
70027	RUGBY SIGNAL RN9177		West Coast South
70011	RUGBY SIG NR5363		West Coast South
70036	RUGBY SIG NR9165		West Coast South
70037	RUGBY SIG NR9171		West Coast South
70043	RUGBY SIG NR9655		West Coast South
70038	RUGBY SIG RC9310		West Coast South
70023	RUGBY SIG RN3370		West Coast South
70047	RUGBY SIG RN4179		West Coast South
70024	RUGBY SIG RN4182		West Coast South
70025	RUGBY SIG RN4184		West Coast South
70026	RUGBY SIG RN5368		West Coast South
70044	RUGBY SIG RN9669		West Coast South
70046	RUGBY SIG RN9671		West Coast South
70034	RUGBY SOUTH JUNCTION		West Coast South
70029	RUGBY TRENT VALLEY JN		West Coast South
70016	RUGBY UP SDGS - VRTUAL QY		West Coast South
70019	RUGBYVQRP		West Coast South
65500	RUGELEY B POWER STN (FHH)		Central
65503	RUGELEY B PS (FGD) (GBRF)		Central
43330	RUGELEY CE		West Coast South
43332	RUGELEY G.F.		West Coast South
43333	RUGELEY NORTH JN		West Coast South
65509	RUGELEY POWER STATION JN		Central
65501	RUGELEY P.S.		Central
65502	RUGELEY PS_CRIPPLE_SIDING		Central
65508	RUGELEY SIG RR9405		Central
43334	RUGELEY SOUTH JN		West Coast South
65504	RUGELEY TOWN	RGT	Central
43331	RUGELEY TRENT VALLEY	RGL	West Coast South
43336	RUGELEY TV SIG CH54		West Coast South
43337	RUGELEY TV SIG CH55		West Coast South
73422	RUISLIP GARDENS JN		Central
77084	RUMNEY RIVER BRIDGE		Wales
36501	RUNCORN	RUN	North West
35701	RUNCORN EAST	RUE	North West
36512	RUNCORN FOLLY LANE (DRS)		North West
36510	RUNCORN FOLLY LANE (FLHH)		North West
36502	RUNCORN SIG1807		North West
74021	RUSCOMBE		Western
75240	RUSHEY PLATT		Western
26213	RUSHEY SDGS LC		North & East
44095	RUSKINGTON	RKT	East Midlands
15526	RUSWARP	RUS	North & East
07280	RUTHERGLEN	RUT	Scotland
07277	RUTHERGLEN C.E.		Scotland
07286	RUTHERGLEN CENTRAL JN		Scotland
07278	RUTHERGLEN EAST JN		Scotland
07288	RUTHERGLEN NORTH JN		Scotland
07291	RUTHERGLEN SIG G849		Scotland
07293	RUTHERGLEN SIG G873		Scotland
07302	RUTHERGLEN SIGNAL G858		Scotland
07336	RUTHERGLEN SIGNAL G888		Scotland
07287	RUTHERGLEN SIGNAL G890		Scotland
07290	RUTHERGLEN WEST CURVE		Scotland
07292	RUTHERGLEN WEST JN		Scotland
09028	RUTHWELL		Scotland
86298	RYDE ESPLANADE	RYD	Wessex
86300	RYDE ESPLANADE SIG 32		Wessex
86299	RYDE PIER HEAD	RYP	Wessex
32062	RYDER BROW	RRB	North West
86297	RYDE ST JOHNS ROAD	RYR	Wessex
86308	RYDE ST JOHNS ROAD E.M.U.D		Wessex
89439	RYE	RYE	Kent
65533	RYECROFT JN		Central
51717	RYE HOUSE	RYH	Anglia
89440	RYE SIGNAL RY27		Kent
89442	RYE SIGNAL RY4		Kent
14147	RYHOPE GRANGE JN.		North & East
14148	RYHOPE GRANGE SIDINGS		North & East
09540	RYLSTONE		North & East
09546	RYLSTONE GBRF		North & East
09545	RYLSTONE LC		North & East
09543	RYLSTONE (SWINDEN) QUARRY		North & East
09541	RYLSTONE TILCON		North & East
09542	RYLSTONE TILCON (GBRF)		North & East
16465	RYTHER VIADUCTS		East Coast
59262	SAFFRON LANE G.F.		East Midlands
31519	SALFORD CENTRAL	SFD	North West
31521	SALFORD CRESCENT	SLD	North West
87905	SALFORDS	SAF	Sussex
87906	SALFORDS AGGREGATE SDG		Sussex
87884	SALFORDS SIGNAL T1150		Sussex
48033	SALHOUSE	SAH	Anglia
86122	SALISBURY	SAL	Wessex
86121	SALISBURY EAST C.H.S.		Wessex
86120	SALISBURY EAST YARD		Wessex
86131	SALISBURY RECEPTION LINE		Wessex
86126	SALISBURY SIGNAL SY217		Wessex
86125	SALISBURY SIGNAL SY240		Wessex
86145	SALISBURY SIG SY215		Wessex
86123	SALISBURY T&R.S.M.D	XFU	Wessex
86119	SALISBURY WEST C.S.	XFV	Wessex
86150	SALISBURY WEST END		Wessex
17017	SALTAIRE	SAE	North & East
84301	SALTASH	STS	Western
15671	SALTBURN	SLB	North & East
15674	SALTBURN DOWN SIDINGS		North & East
15673	SALTBURN WEST JN		North & East
08125	SALTCOATS	SLT	Scotland
11259	SALTHOUSE JN		North West
66322	SALTLEY EMR		Central
66334	SALTLEY EMR GBRF		Central
66320	SALTLEY L.I.P.		Central
66325	SALTLEY P.S.B.		Central
66326	SALTLEYRP		Central
20007	SALTMARSHE	SAM	North & East
40220	SALTNEY JN		North West
89733	SALTWOOD JN	XSI	Kent
30050	SALWICK	SLW	North West
30051	SALWICK BNF		North West
00105	SALZBURG		High Speed
83312	SAMPFORD COURTENAY	SMC	Western
18069	SANDAL & AGBRIGG	SNA	North & East
56574	SANDAR RP		East Midlands
42012	SANDBACH	SDB	North West
42010	SANDBACH (DRS)		North West
42011	SANDBACH HAYS CHEMICALS		North West
42008	SANDBACH NORTH JN		North West
23466	SAND BANK JUNCTION		East Coast
87743	SANDERSTEAD	SNR	Sussex
87771	SANDERSTEAD SIGNAL T1359		Sussex
87741	SANDERSTEAD SIG T1356		Sussex
36076	SANDHILLS	SDL	North West
36077	SANDHILLS REVERSING SDG		North West
87008	SANDHURST	SND	Wessex
89742	SANDLING	SDG	Kent
43310	SANDON		West Coast South
62205	SANDON (BEDS)		East Midlands
86294	SANDOWN	SAN	Wessex
84418	SANDPLACE	SDP	Western
62425	SANDRIDGE		East Midlands
65821	SANDWELL & DUDLEY	SAD	Central
65820	SANDWELL & DUDLEY SIG NS363		Central
89462	SANDWICH	SDW	Kent
45603	SANDY	SDY	East Coast
40212	SANDYCROFT		North West
45601	SANDY FREIGHT DEPOT		East Coast
45604	SANDY SOUTH POS LIGHT P1		East Coast
45605	SANDY UP SIDINGS		East Coast
36706	SANKEY FOR PENKETH	SNK	North West
08845	SANQUHAR	SQH	Scotland
22017	SANTON F.O.T.		North & East
68163	SAPPERTON		Western
79808	SARN	SRR	Wales
80427	SARNAL LC		Wales
00765	SARREBOURG		High Speed
00011	SASSNITZ MUKRAN		High Speed
80213	SAUNDERSFOOT	SDF	Wales
73505	SAUNDERTON	SDR	Central
74817	SAVERNAKE		Western
47521	SAWBRIDGEWORTH	SAW	Anglia
59128	SAXBY		East Midlands
46287	SAXHAM		Anglia
44017	SAXILBY	SXY	East Midlands
49118	SAXMUNDHAM	SAX	Anglia
49117	SAXMUNDHAM JN		Anglia
16201	SCARBOROUGH	SCA	North & East
16211	SCARBOROUGH APPLETONS		North & East
16203	SCARBOROUGH EXCERSION SIDINGS		North & East
16205	SCARBOROUGH SIG YS6191		North & East
16204	SCARBOROUGH TMD		North & East
02058	SCATTER BURN IBS		Scotland
44094	SCOPWICK		East Midlands
01009	SCOTSCALDER	SCT	Scotland
06351	SCOTSTOUNHILL	SCH	Scotland
74267	SCOURS LANE JN		Western
57474	SCROPTON		East Midlands
57475	SCROPTON S.B(MCG)		East Midlands
15902	SCRUTON (TEST)		Private Railway
22042	SCUNTFDRS		North & East
22061	SCUNTHORPE	SCU	North & East
22039	SCUNTHORPE ANCHOR REP SDGS		North & East
22034	SCUNTHORPE ANCHOR SDGS (CHAPMAN)		North & East
22046	SCUNTHORPE ANCHOR SIDINGS (FLHH)		North & East
22035	SCUNTHORPE ANC REC SDS(GBRF)		North & East
22026	SCUNTHORPE APPLEBY FROD		North & East
22032	SCUNTHORPE B.S.C.(C.H.P.)		North & East
22027	SCUNTHORPE B.S.C.(ENT.B.)		North & East
22038	SCUNTHORPE B.S.C.(ENT.C.)		North & East
22044	SCUNTHORPE B.S.C  (FLT)		North & East
22025	SCUNTHORPE CHP (COLAS RAIL)		North & East
22023	SCUNTHORPE COAL PLANT FHH		North & East
22024	SCUNTHORPE CORUS ROD MILL		North & East
22036	SCUNTHORPE ENT 'C' (GBRF)		North & East
22041	SCUNTHORPE F.D.		North & East
22009	SCUNTHORPE F.O.B. JN		North & East
22043	SCUNTHORPE FRODINGHAM VOLKERRAIL		North & East
22028	SCUNTHORPE GRANT LYONS		North & East
22022	SCUNTHORPE HOLDING SIDINGS		North & East
22037	SCUNTHORPE MILLS EXCH SDGS		North & East
22049	SCUNTHORPE N PARK DRAGONBY		North & East
22016	SCUNTHORPE ORE PLANT FHH		North & East
22040	SCUNTHORPE REDBOURN SDG		North & East
22050	SCUNTHORPE ROXBY GULLET		North & East
22052	SCUNTHORPE ROXBY GULLET (FLHH)		North & East
22054	SCUNTHORPE ROXBY GULLET GB		North & East
22065	SCUNTHORPE SIG 319		North & East
22062	SCUNTHORPE SIG S20		North & East
22030	SCUNTHORPE SINTER PLANT		North & East
22063	SCUNTHORPE STATION SDGS		North & East
22029	SCUNTHORPE TRENT T.C.		North & East
22055	SCUNTHORPE TRENT TC GBRF		North & East
22021	SCUNTHORPE TRENT YARD (FL)		North & East
22033	SCUNTHORPE TRENT YD MAINT DPT		North & East
22064	SCUNTHORPE WEST JN		North & East
22990	SCUNTHRPE		North & East
22020	SCWEST YD		North & East
75003	SDN FD3&4		Western
51312	SEABROOK R.S.		Anglia
14008	SEABURN	SEB	East Coast
88239	SEAFORD	SEF	Sussex
88243	SEAFORD BRANCH SIG NH40		Sussex
36099	SEAFORTH C.T.(FLINER)		North West
36102	SEAFORTH CT (GBRF)		North West
36100	SEAFORTH C.T. MDHC (EWS)		North West
36070	SEAFORTH & LITHERLAND	SFL	North West
36106	SEAFRTHDK		North West
36097	SEAFRTHGT		North West
36101	SEAFTHCTL		North West
14156	SEAHAM	SEA	North & East
14155	SEAHAM HARBOUR		North & East
14153	SEAHAM HARBOUR COLAS		North & East
14154	SEAHAM HARBOUR (FHH)		North & East
15001	SEAL SANDS BASF		North & East
15000	SEAL SANDS BRANCH JN		North & East
14998	SEAL SANDS RUNROUND LOOP		North & East
15002	SEAL SANDS SIMONS STORAGE		North & East
16215	SEAMER	SEM	North & East
16217	SEAMER SIG SR140		North & East
16214	SEAMER SIG SR221		North & East
16216	SEAMER UP SIDINGS		North & East
81255	SEA MILLS	SML	Western
42303	SEARCHLIGHT LANE JN		West Coast South
10203	SEASCALE	SSC	North West
14239	SEATON CAREW	SEC	North & East
83464	SEATON JUNCTION		Wessex
14251	SEATON-ON-TEES ABLE UK		North & East
14252	SEATON-O-T BRITISH ENERGY		North & East
14244	SEATON SNOOK JN		North & East
60004	SEATON VIADUCT		East Midlands
73501	SEER GREEN	SRG	Central
12251	SEGHILL NORTH		North & East
16523	SELBY	SBY	North & East
16519	SELBY BRAYTON SDG (ETRU)		North & East
16518	SELBY CANAL JN		North & East
16522	SELBY F.D. VIKING SH		North & East
16520	SELBY (GB RAILFREIGHT)		North & East
16524	SELBY POTTER GROUP		North & East
16526	SELBY POTTER GROUP (FLHH)		North & East
16527	SELBYPTGP		North & East
16592	SELBY SIGNAL S587		East Coast
16521	SELBY UP SIDINGS		North & East
16517	SELBY WEST JN		North & East
87638	SEL. D. FORK ARRIVAL		Sussex
87637	SELHURST	SRS	Sussex
87642	SELHURST DEPOT FIELD SDGS		Sussex
87558	SELHURST DEPOT SIG S13		Sussex
87559	SELHURST DEPOT SIG S15		Sussex
87646	SELHURST DEPOT SIG S2		Sussex
87653	SELHURST DEPOT SIG S4		Sussex
87654	SELHURST DEPOT SIG T68		Sussex
87655	SELHURST DEPOT SIG T76		Sussex
87636	SELHURST SHUNT SIG 1051		Sussex
87639	SELHURST T&R.S.M.D	XSH	Sussex
10201	SELLAFIELD	SEL	North West
10202	SELLAFIELD B.N.F.		North West
10207	SELLAFIELD (EWS)		North West
10211	SELLAFIELD NORTH SIDING		North West
10210	SELLAFIELD SIGNAL SD18		North West
10209	SELLAFIELD UP SDGS 1&2 (DRS)		North West
10208	SELLFDC&W		North West
89511	SELLING	SEG	Kent
66502	SELLY OAK	SLY	Central
87742	SELSDON (TEST TRAINS ONLY)		Sussex
82331	SEMLEY		Wessex
09521	SETTLE	SET	North West
09523	SETTLE JN		North West
50417	SEVEN KINGS	SVK	Anglia
89351	SEVENOAKS	SEV	Kent
89352	SEVENOAKS DOWN SIDINGS		Kent
89344	SEVENOAKS GUSSET		Kent
89353	SEVENOAKS GUSSET SIDING		Kent
89343	SEVENOAKS SIG 2035		Kent
89340	SEVENOAKS SIG 2037		Kent
51955	SEVEN SISTERS	SVS	Anglia
51954	SEVEN SISTERS SIGNAL L5511		Anglia
81211	SEVERN BEACH	SVB	Western
64228	SEVERN BRIDGE CE SDGS		Wales
81212	SEVERNSIDE SITA		Western
76091	SEVERN TUNNEL EAST		Wales
76090	SEVERN TUNNEL JN	STJ	Wales
76088	SEVERN TUNNEL JN SDGS		Wales
76092	SEVERN TUNNEL SIGNAL N349		Wales
76096	SEVERN TUNNEL SIG NT1228		Wales
76094	SEVERN TUNNEL SIG NT1730		Wales
76087	SEVERN TUNNEL UP GOODS LOOP		Wales
76089	SEVERN TUNNEL WEST		Wales
89745	SEVINGTON LOOP		Kent
89744	SEVINGTON SIDINGS	XVT	Kent
27121	SEYMOUR JN		North & East
27122	SEYMOUR RJB MINING		North & East
27120	SEYMOUR SIDINGS		North & East
00326	SEZZADIO		High Speed
81113	S. GIFFORD LOCO MTENANC DT		Western
87164	SHACKLEGATE JN		Wessex
87184	SHACKLEGATE JN SIG F413		Wessex
87180	SHACKLEGATE JN SIG F414		Wessex
86941	SHACKLEGATE JN SIGNAL 2449		Wessex
86942	SHACKLEGATE JN SIGNAL 2467		Wessex
86943	SHACKLEGATE JN SIGNAL 2508		Wessex
52086	SHADWELL CROSSOVER (ELL)		Private Railway
52088	SHADWELL (ELL)	SDE	Private Railway
23221	SHAFTHOLME JN		East Coast
87081	SHALFORD	SFR	Wessex
87077	SHALFORD GD1341		Wessex
87080	SHALFORD JN		Wessex
86292	SHANKLIN	SHN	Wessex
09328	SHAP HARDENDALE QUARRY JN		North West
09319	SHAP HARRISONS QRY GBRF		North West
09321	SHAP HARRISONS SIDINGS		North West
09318	SHAP SIG CE148		North West
09327	SHAP SUMMIT		North West
09320	SHAP SUMMIT DN GOODS LOOP		North West
09325	SHAP SUMMIT (FHH)		North West
09326	SHAP SUMMIT QUARRY		North West
09324	SHAP SUMMIT RIBBLSDALE CMT		North West
62001	SHARNBROOK JN.		East Midlands
61121	SHARNBROOK SUMMIT		East Midlands
68147	SHARPNES		Western
68148	SHARPNES DKS COOPERS METAL		Western
68146	SHARPNESS DOCKS		Western
32398	SHARSTON JN		North West
31055	SHAW & CROMPTON		North West
04712	SHAWFAIR	SFI	Scotland
07284	SHAWFIELD		Scotland
86084	SHAWFORD	SHW	Wessex
86051	SHAWFORD JN		Wessex
86017	SHAWFORD UP JUNCTION		Wessex
07585	SHAWLANDS	SHL	Scotland
28100	SHBRK SDS		North & East
89134	SHEERNDKS		Kent
89137	SHEERNESS-ON-SEA	SSS	Kent
89135	SHEERNESS SIDINGS		Kent
89147	SHEERNESS STEEL GBRF		Kent
89138	SHEERNESS STEEL MARCROFT		Kent
89136	SHEERNESS STEEL WORKS	XXS	Kent
89133	SHEERNESS STEEL WORKS FLHH		Kent
56598	SHEET STORES JN		East Midlands
25701	SHEFFIELD	SHF	North & East
25807	SHEFFIELD ARENA	SAI	North & East
25317	SHEFFIELD CATHEDRAL	SHQ	North & East
25697	SHEFFIELD H.S.		North & East
25698	SHEFFIELD SHREWSBURY RD FP		North & East
25702	SHEFFIELD SIGNAL S81		North & East
24503	SHEFFIELD SIG S1092		North & East
25691	SHEFFIELD SIG S52		North & East
25696	SHEFFIELD SIG S77		North & East
25695	SHEFFIELD SIG S82		North & East
25692	SHEFFIELD SIG S89		North & East
25693	SHEFFIELD SIG S91		North & East
25694	SHEFFIELD SIG S92		North & East
25699	SHEFFIELD STATION SIDINGS		North & East
25365	SHEFFIELD VICTORIA		North & East
47239	SHELFORD	SED	Anglia
64233	SHELFSDGS		Wales
51105	SHELL HAVEN		Anglia
51106	SHELL HVN		Anglia
15643	SHELL JUNCTION		North & East
43112	SHELTON		West Coast South
76370	SHELWICK JN		Wales
50328	SHENFIELD	SNF	Anglia
50241	SHENFIELD CHELMSFORD LOOP		Anglia
50330	SHENFIELD DOWN SIDINGS		Anglia
50329	SHENFIELD LONDON END JN		Anglia
50326	SHENFIELD MIDDLE SIDINGS		Anglia
50319	SHENFIELD SIG 538		Anglia
50342	SHENFIELD SIGNAL L5140		Anglia
50313	SHENFIELD SIGNAL; L528		Anglia
50338	SHENFIELD UP LOOP		Anglia
50320	SHENFIELD UP SIDING		Anglia
65341	SHENSTONE	SEN	Central
25206	SHEPCOTE LANE JN		North & East
72242	SHEPHERDS BUSH	SPB	Sussex
87256	SHEPHERDS LANE JN		Kent
89517	SHEPHERDS WELL	SPH	Kent
89525	SHEPHERDS WELL SIG EK4459		Kent
89526	SHEPHERDS WELL UP SDG		Kent
18496	SHEPLEY	SPY	North & East
87155	SHEPPERTON	SHP	Wessex
86938	SHEPPERTON SIGNAL BEF2537		Wessex
87282	SHEPPERTON UP SIDINGS		Wessex
47244	SHEPRETH	STH	Anglia
47250	SHEPRETH BRANCH JN	XSP	Anglia
82339	SHERBORNE	SHE	Wessex
16497	SHERBURN-IN-ELMET	SIE	North & East
16498	SHERBURN JUNCTION		North & East
48008	SHERINGHAM	SHM	Anglia
48011	SHERINGHAM NORTH NORFOLK RLY		Anglia
06707	SHETTLESTON	SLS	Scotland
06708	SHETTLESTON CE WORKSHOPS		Scotland
06709	SHETTLESTON LOOP		Scotland
06711	SHETTLESTON P'WAY DEPOT		Scotland
06713	SHETTLESTON UP		Scotland
08501	SHEWALTON COUP C.E.		Scotland
07906	SHIELDMUIR	SDM	Scotland
07916	SHIELDMUIR GB RAILFREIGHT		Scotland
07915	SHIELDMUIR MAIL TERMINAL		Scotland
07941	SHIELDMUIR SIGNAL M475		Scotland
07200	SHIELDS JN		Scotland
07201	SHIELDS JN NO 1 LINE		Scotland
07202	SHIELDS T.M.D. (E)	XGW	Scotland
65021	SHIFNAL	SFN	Central
15831	SHILDON	SHD	North & East
15830	SHILDON NRM		North & East
69024	SHILTON		West Coast South
74027	SHIPLAKE	SHI	Western
17033	SHIPLEY	SHY	North & East
17035	SHIPLEY C EVANS (DC)		North & East
17034	SHIPLEY CROSSLEY EVANS		North & East
17022	SHIPLEY EAST JN		North & East
17020	SHIPLEY SOUTH JN		North & East
17018	SHIPLEY WEST JN		North & East
46268	SHIPPEA HILL	SPP	Anglia
74464	SHIPTON	SIP	Western
28105	SHIREBROOK	SHB	North & East
28112	SHIREBROOK DAVIS & SON		North & East
28005	SHIREBROOK EAST JN		North & East
28004	SHIREBROOK JUNCTION		North & East
81252	SHIREHAMPTON	SHH	Western
26252	SHIREOAKS	SRO	North & East
26253	SHIREOAKS EAST JN		North & East
26251	SHIREOAKS WEST JN		North & East
66441	SHIRLEY	SRL	Central
51001	SHOEBURYNESS	SRY	Anglia
51003	SHOEBURYNESS C.S.D.		Anglia
50499	SHOEBURYNESS DEPOT L.E.J.		Anglia
51002	SHOEBURYNESS M.O.D.		Anglia
51006	SHOEBURYNESS MOD GBRF		Anglia
86218	SHOLING	SHO	Wessex
52082	SHOREDITCH HIGH STREET (ELL)	SDC	Private Railway
87991	SHOREHAM-BY-SEA	SSE	Sussex
89346	SHOREHAM (KENT)	SEH	Kent
88474	SHORTLANDS	SRT	Kent
88476	SHORTLANDS JN	XOR	Kent
40209	SHOTTON	SHT	North West
41016	SHOTTON HIGH LEVEL		Wales
39009	SHOTTON PAPER COMPANY		Wales
07434	SHOTTS	SHS	Scotland
39010	SHOTTWKS		Wales
64224	SHREWSBURY	SHR	Wales
64229	SHREWSBURY ABBEY FOREGATE	XSY	Wales
64232	SHREWSBURY ABBEY FRGTE CS		Wales
64226	SHREWSBURY COLEHAM SS TMD		Wales
64222	SHREWSBURY CREWE BANK		Wales
64225	SHREWSBURY CREWE JN S.B.		Wales
64221	SHREWSBURY NEW YD		Wales
44218	SIBSEY S.B.		East Midlands
88461	SIDCUP	SID	Kent
88460	SIDCUP SIDING		Kent
88526	SIDCUP SIG NK1538		Kent
10031	SIDDICK JN		North West
43302	SIDEWAY LOOP (STOKE)		West Coast South
06511	SIGHTHILL EAST JN		Scotland
06519	SIGHTHILL WEST JN		Scotland
59017	SILEBY	SIL	East Midlands
59019	SILEBY JN		East Midlands
11210	SILECROFT	SIC	North West
25387	SILKSTONE COMMON	SLK	North & East
63216	SILKSTREAM JUNCTION		East Midlands
00229	SILLA		High Speed
11405	SILVERDALE	SVR	North West
42307	SILVERDALE COLLY		West Coast South
56118	SILVERHIL		East Midlands
51950	SILVER STREET	SLV	Anglia
52260	SILVERTOWN		NONE
87574	SILWOOD JUNCTION (ELL)		Private Railway
87575	SILWOOD STABLING SDGS		Kent
57456	SINFIN CENTRAL	SFC	East Midlands
57455	SINFIN NORTH	SIR	East Midlands
57457	SINFIN PEARTREE SDGS		East Midlands
57454	SINFIN SDGS		East Midlands
57460	SINFIN SDGS (COLAS)		East Midlands
06215	SINGER	SIN	Scotland
30043	SINGLETON SB		North West
89548	SINGLEWELL CROSSOVER	XXN	High Speed
89546	SINGLEWELL LOOP		High Speed
89549	SINGLEWELL MAINTENANCE DPT		High Speed
89550	SINGLEWELL UP SIDING		High Speed
89143	SITTINGBN		Kent
89144	SITTINGBOURNE	SIT	Kent
89142	SITTINGBOURNE BOWATERS		Kent
89145	SITTINGBOURNE DN GDS LOOP		Kent
89151	SITTINGBOURNE DOWN CARRIAGE SDGS		Kent
89155	SITTINGBOURNE DOWN SIDINGS		Kent
89150	SITTINGBOURNE SIG EV31		Kent
89148	SITTINGBOURNE SIG EV33		Kent
89146	SITTINGBOURNE SIG EV46		Kent
89153	SITTINGBOURNE SIGNAL 207		Kent
89152	SITTINGBOURNE SIGNAL 4220		Kent
89154	SITTINGBOURNE SIGNAL 4222		Kent
89141	SITTNGBFT		Kent
47005	SIX MILE BOTTOM		Anglia
49112	SIZEWELL C.E.G.B.		Anglia
03251	SKEDDOWAY		Scotland
44231	SKEGNESS	SKG	East Midlands
23109	SKELLOW JN		East Coast
23111	SKELLOW JN AMOCO		East Coast
16403	SKELTON BRIDGE JN.		East Coast
32404	SKELTON JN		North West
16421	SKELTON JN. (YORK)		East Coast
30149	SKEW BRIDGE PRESTON		North West
79408	SKEWEN	SKE	Wales
15681	SKINNINGROVE B.S.C.		North & East
09531	SKIPTON	SKI	North & East
09532	SKIPTON BROUGHTON RD C.S.		North & East
09535	SKIPTON DOWN SHIPLEY SLOW		North & East
09536	SKIPTON DOWN STABLING SDG		North & East
09533	SKIPTON H.S.		North & East
09530	SKIPTON SIGNAL L4046		North & East
09524	SKIPTON SOUTH JN SIG L4031		North & East
09522	SKIPTON SOUTH JN SIG L4549		North & East
88424	SLADE GREEN	SGR	Kent
88504	SLADE GREEN DEPOT EAST HEADSHUNT		Kent
88432	SLADE GREEN DEPOT LONDON END		Kent
88427	SLADE GREEN EXIT	XGX	Kent
88425	SLADE GREEN T&R.S.M.D		Kent
88428	SLADE GREEN UP C.H.S.		Kent
32515	SLADE LANE JN		North West
15630	SLAG ROAD LC		North & East
18477	SLAITHWAITE	SWT	North & East
04105	SLATEFORD	SLA	Scotland
04103	SLATEFORD  CARRIAGE SIDINGS		Scotland
04107	SLATEFORD DEPOT		Scotland
04113	SLATEFORD ES675		Scotland
04106	SLATEFORD JN		Scotland
04104	SLATEFORD SIGNAL ES972		Scotland
04097	SLATEFORD SIGNAL ES974		Scotland
04098	SLATEFORD SIGNAL ES975		Scotland
44113	SLEAFORD	SLR	East Midlands
44200	SLEAFORD EAST JN		East Midlands
46001	SLEAFORD NORTH JN		East Midlands
44114	SLEAFORD SOUTH JN		East Midlands
44115	SLEAFORD TAMPER SIDING		East Midlands
44116	SLEAFORD UP SIDING		East Midlands
15524	SLEIGHTS	SLH	North & East
56304	SLEIGHTS EAST SIGNAL BOX		East Midlands
01136	SLOCHD		Scotland
73822	SLOUGH	SLO	Western
73833	SLOUGH ESTATES		Western
73820	SLOUGH SIG S161		Western
73821	SLOUGH SIG T3538		Western
73832	SLOUGH STOKE POGES LANE		Western
73826	SLOUGH TS		Western
73834	SLOUGH U.G.L.		Western
73831	SLOUGH WEST		Western
86296	SMALLBROOK JUNCTION	SAB	Wessex
66420	SMALL HEATH	SMA	Central
66399	SMALL HEATH CALEDONIA YARD		Central
66423	SMALL HEATH LAFARGE AGGR		Central
66466	SMALL HEATH LAFARGE GBRF		Central
66421	SMALL HEATH SOUTH JN	XOH	Central
66422	SMALL HEATH STVA SDGS		Central
09515	SMARDALE VIADUCT		North West
86724	SMC MARCHWOOD RP		Wessex
12108	SMEAFIELD		East Coast
89746	SMEETH SIGNAL AD719		Kent
65900	SMETHWICK GALTON BDG H.L.	SGB	Central
65822	SMETHWICK GALTON BDG L.L.		Central
65908	SMETHWICK JN	SMW	Central
65824	SMETHWICK ROLFE STREET	SMR	Central
87241	SMITHFIELD C H S		Kent
31035	SMITHY BRIDGE	SMB	North West
07258	SMITHY LYE		Scotland
46280	SNAILWELL		Anglia
46289	SNAILWELL GROUND FRAME 1182		Anglia
46281	SNAILWELL SDG		Anglia
46298	SNAILWELL SDGS GBRF		Anglia
20014	SNAITH	SNI	North & East
49120	SNAPE		Anglia
00706	SNCFETBDY		High Speed
89132	SNEERNESS STEELWORKS (ADVENZ)		Kent
55252	SNEINTON L.C.		East Midlands
89305	SNODLAND	SDA	Kent
89516	SNOWDOWN	SWO	Kent
46276	SOHAM		Anglia
46293	SOHAM JUNCTION SIG CA491		Anglia
65829	SOHO CE SDGS		Central
65832	SOHO EAST JN		Central
65828	SOHO L.M.D.	XSZ	Central
65825	SOHO NORTH JN		Central
65826	SOHO SOUTH JN	XOS	Central
88489	SOLE STREET	SOR	Kent
88525	SOLE STREET SIG 4013		Kent
66431	SOLIHULL	SOL	Central
00744	SOMAIN (LILLE)		High Speed
89373	SOMERHILL TUNNEL		Kent
48195	SOMERLEYTON	SYT	Anglia
82304	SOMERTON ENGINEERS		Western
82305	SOMERTON GROUND FRAME		Western
86533	SOTNMT MD		Wessex
86605	SOTON DKS BERKELEY HANDLNG		Wessex
86604	SOTON W DOCKS SHED 107		Wessex
86606	SOTWDOCKS		Wessex
61141	SOULDROP		East Midlands
72253	SOUTH ACTON	SAT	Anglia
72257	SOUTH ACTON JN		Anglia
73663	SOUTHALL	STL	Western
73664	SOUTHALL DMU DEPOT		Western
73665	SOUTHALL EAST JN		Western
73661	SOUTHALL ISU (S&TE)		Western
73673	SOUTHALL LOCO SERVICES LTD		Western
73666	SOUTHALL T.C.		Western
73667	SOUTHALL WEST JN		Western
73660	SOUTHALL W LP & B'FORD SDG		Western
86495	SOUTHAMPTON AIRPORT PARKWY	SOA	Wessex
86520	SOUTHAMPTON CENTRAL	SOU	Wessex
86514	SOUTHAMPTON DOCK GATES		Wessex
86603	SOUTHAMPTON DOCKS F.L.T.		Wessex
86524	SOUTHAMPTON DOWN LOOP	XFW	Wessex
86506	SOUTHAMPTON DOWN YARD		Wessex
86516	SOUTHAMPTON EASTERN DOCKS	XSN	Wessex
86517	SOUTHAMPTON EASTERN DOCKS C&W		Wessex
86515	SOUTHAMPTON HOVERPORT		Wessex
86531	SOUTHAMPTON M.C.T.		Wessex
86530	SOUTHAMPTON M.C.T. EWS		Wessex
86539	SOUTHAMPTON M.C.T GBRF		Wessex
86532	SOUTHAMPTON M.C.T. L.H.S.		Wessex
86521	SOUTHAMPTON SIGNAL E740		Wessex
86518	SOUTHAMPTON SIGNAL E746		Wessex
86519	SOUTHAMPTON SIGNAL EH930		Wessex
86522	SOUTHAMPTON UP GOODS LOOP	XFX	Wessex
86503	SOUTHAMPTON UP YARD		Wessex
86504	SOUTHAMPTON UP YARD		Wessex
86505	SOUTHAMPTON UP YARD GBRF		Wessex
86607	SOUTHAMPTON W DOCKS (GBRF)		Wessex
86601	SOUTHAMPTON W DOCKS - NLU		Wessex
86602	SOUTHAMPTON WESTERN DOCKS	XSK	Wessex
69405	SOUTHAM ROAD		Central
15625	SOUTH BANK	SBK	North & East
15624	SOUTH BANK JN.		North & East
15642	SOUTH BANK LACKENBY C&W		North & East
15629	SOUTH BANK TEES DOCK (DRS)		North & East
15639	SOUTH BANK TEES DOCK (FLHH)		North & East
15631	SOUTH BANK TEES DOCK (FLT)		North & East
88405	SOUTH BERMONDSEY	SBM	Kent
88396	SOUTH BERMONDSEY SOUTH JN		Kent
86353	SOUTHBOURNE	SOB	Sussex
51944	SOUTHBURY	SBU	Anglia
74265	SOUTHCOTE JN		Western
87704	SOUTH CROYDON	SCY	Sussex
14142	SOUTH DOCK LONDONDERRY		East Coast
14131	SOUTH DOCK PETROFINA		East Coast
14125	SOUTH DOCK PORT OF SLAND		East Coast
46019	SOUTH DROVE		East Midlands
88226	SOUTHEASE	SEE	Sussex
88227	SOUTHEASE SIGNAL TLW17		Sussex
18077	SOUTH ELMSALL	SES	North & East
50315	SOUTHEND AIRPORT STN	SIA	Anglia
51007	SOUTHEND CENTRAL	SOC	Anglia
51005	SOUTHEND EAST	SOE	Anglia
50311	SOUTHEND VICTORIA	SOV	Anglia
50312	SOUTHEND VICTORIA DSN		Anglia
50299	SOUTHEND VICTORIA DSS		Anglia
50310	SOUTHEND VICTORIA POT		Anglia
50297	SOUTHEND VICTORIA USN		Anglia
50298	SOUTHEND VICTORIA USS		Anglia
88224	SOUTHERHAM JN	XRH	Sussex
87254	SOUTHFIELDS	SFS	Wessex
89542	SOUTHFLEET CROSSOVER	XXP	High Speed
89540	SOUTHFLEET JUNCTION	XXO	High Speed
88498	SOUTHFLTJ		Kent
12411	SOUTH GOSFORTH	SGH	East Coast
73273	SOUTH GREENFORD	SGN	Western
04211	SOUTH GYLE	SGL	Scotland
72314	SOUTH HAMPSTEAD	SOH	West Coast South
14040	SOUTH HYLTON	SHZ	East Coast
72265	SOUTH KENSINGTON LT	ZSK	Private Railway
72009	SOUTH KENTON	SOK	West Coast South
18076	SOUTH KIRKBY JN		North & East
46248	SOUTH LYNN		Anglia
74337	SOUTH MARSTON EURO TERMINL		Western
87327	SOUTH MERTON	SMO	Sussex
16595	SOUTH MILFORD	SOM	North & East
50301	SOUTHMINSTER	SMN	Anglia
50303	SOUTHMINSTER C.E.G.B.		Anglia
35002	SOUTHPDRD		North West
35001	SOUTHPORT	SOP	North West
35004	SOUTHPORT		North West
35007	SOUTHPORT SIGNAL 112		North West
35006	SOUTHPORT SIGNAL 149		North West
35003	SOUTHPORT WALL SIDINGS		North West
73420	SOUTH RUISLIP	SRU	Central
73429	SOUTH RUISLIP ME76		Central
73419	SOUTH RUISLIP SIG MER67R		Central
73421	SOUTH RUISLIP SIGNAL ME1574		Central
51558	SOUTH TOTTENHAM	STO	Anglia
51556	SOUTH TOTTENHAM SIG S16		Anglia
51560	SOUTH TOTTENHAM SIG S17		Anglia
51559	SOUTH TOTTENHAM SIG S19		Anglia
09306	SOUTHWAITE		North West
88394	SOUTHWARK BRIDGE JN		Kent
87988	SOUTHWICK	SWK	Sussex
59285	SOUTH WIGSTON	SWS	East Midlands
50308	SOUTH WOODHAM FERRERS	SOF	Anglia
18448	SOWERBY BRIDGE	SOW	North & East
46014	SPALDING	SPA	East Midlands
46015	SPALDING UP SIDINGS		East Midlands
88408	SPA ROAD JN	XSU	Kent
06027	SPEAN BRIDGE	SBR	Scotland
06026	SPEAN BRIDGE C.E.		Scotland
05113	SPEAN BRIDGE POINTS SET SIGNAL		Scotland
19005	SPEETON		North & East
36328	SPEKE JN		North West
36178	SPEKELAND ROAD	XSD	North West
36179	SPEKELAND ROAD (FHH)		North West
67009	SPETCHLEY LOOP		Central
38214	SPITAL	SPI	North West
45124	SPITAL SOUTH JUNCTION P458		East Coast
77103	SPLOTT JUNCTION		Wales
57435	SPONDON	SPO	East Midlands
57434	SPONDON COURTAULDS		East Midlands
48429	SPOONER ROW	SPN	Anglia
19127	SPRING BANK NORTH JN		North & East
19129	SPRING BANK SOUTH JN		North & East
35153	SPRING BRANCH STABLING SDG		North West
06521	SPRINGBURN	SPR	Scotland
06508	SPRINGBURN (DRS)		Scotland
06509	SPRINGBURN M.C. METALS		Scotland
03207	SPRINGFIELD	SPF	Scotland
88711	SPRINGHEAD JN	XSR	Kent
66440	SPRING ROAD	SRI	Central
35149	SPRINGS BRANCH		North West
35152	SPRINGS BRANCH JN		North West
17036	SPRINGS JN (SHIPLEY)		North & East
18486	SPRINGWOOD JUNCTION		North & East
30035	SQUIRES GATE	SQU	North West
14039	STADIUM OF LIGHT STN T&WM	STI	East Coast
43315	STAFFD YD		West Coast South
43314	STAFFORD	STA	West Coast South
43323	STAFFORD ARRIVAL SDG 1 &		West Coast South
43318	STAFFORD DINHAM SIDINGS		West Coast South
43321	STAFFORD DOWN SIDINGS		West Coast South
43327	STAFFORD DOXEY JUNCTION		West Coast South
43319	STAFFORD NO4		West Coast South
43312	STAFFORD NO5		West Coast South
43320	STAFFORD NORTH JUNCTION		West Coast South
43311	STAFFORD SALOP BRANCH SDG		West Coast South
43338	STAFFORD SOUTH JN		West Coast South
43322	STAFFORD TRENT VALLEY JUNCTION		West Coast South
43316	STAFFORD YARD		West Coast South
43317	STAFORD G		West Coast South
43313	STAFORD U		West Coast South
87114	STAINES	SNS	Wessex
87113	STAINES C.H.S.	XFY	Wessex
87115	STAINES D.G.L.		Wessex
87088	STAINES SDGS ENT-EXIT		Wessex
87079	STAINES SIGNAL F467		Wessex
87118	STAINES SIGNAL F478		Wessex
87116	STAINES UP LOOP	XFZ	Wessex
44047	STAINTON		East Midlands
71030	ST ALBANS ABBEY	SAA	West Coast South
63202	ST ALBANS CENTRE SIDINGS		East Midlands
63201	ST ALBANS CITY	SAC	East Midlands
21027	STALLINGBOROUGH	SLL	North & East
32111	STALYBRIDGE	SYB	North West
32113	STALYBRIDGE ATOCHEM SDG.		North West
32114	STALYBRIDGE SIG SE7025		North West
32112	STALYBRIDGE SIG SE7035		North West
32116	STALYBRIDGE SIG SE7048		North West
45008	STAMFORD	SMD	East Midlands
51961	STAMFORD HILL	SMH	Anglia
68137	STANDISH JN		Western
42310	STANDON BRIDGE		West Coast South
81232	ST ANDREWS JN (AVON)		Western
66331	ST ANDREWS JN SIG SY92		Central
66323	ST ANDREWS JN (WEST MIDS)	XON	Central
81230	ST ANDREWS ROAD	SAR	Western
57441	ST ANDREWS SIDING		East Midlands
51023	STANFORD-LE-HOPE	SFO	Anglia
15816	STANHOPE	SNP	North & East
03110	STANLEY		Scotland
38371	STANLOW L.P.G.SDGS		North West
38372	STANLOW & THORNTON	SNT	North West
38373	STANLOW & T SHELL SDGS		North West
38376	STANLOW & T SIG. ST40		North West
30036	ST ANNES-ON-THE-SEA	SAS	North West
29003	STANSFIELD HALL		North West
29010	STANSFIELD HALL JN		North West
47351	STANSTEAD AIRPORT  SIGNAL L1143		Anglia
47352	STANSTEAD AIRPORT SIGNAL L1366		Anglia
47344	STANSTED AIRPORT	SSD	Anglia
47348	STANSTED AIRPORT SIG L1201		Anglia
47350	STANSTED AIRPORT SIG L1202		Anglia
47349	STANSTED AIRPORT SIG L1366		Anglia
47347	STANSTED COOPERS LANE JN		Anglia
47343	STANSTED DOWN GOODS LOOP		Anglia
47346	STANSTED EAST JUNCTION		Anglia
47342	STANSTED MOUNTFITCHET	SST	Anglia
47339	STANSTED NORTH JUNCTION		Anglia
47341	STANSTED OIL SIDING		Anglia
47345	STANSTED SOUTH JUNCTION		Anglia
56558	STANTON GATE (FLHH)		East Midlands
56564	STANTON GATE GBRF		East Midlands
56557	STANTON GATE PLC		East Midlands
56562	STANTON GATE SDGS		East Midlands
36090	STANTON GROVE		North West
56563	STANTON PAD GBRF		East Midlands
56571	STAPLEFORD & SANDIACRE		East Midlands
56572	STAPLEFORD & SANDIACRE BB		East Midlands
56573	STAPLEFORD & S C C E SDG		East Midlands
89326	STAPLEHURST	SPU	Kent
56570	STAPLE&SD		East Midlands
81403	STAPLETON ROAD	SRD	Western
16109	STARBECK	SBE	North & East
83602	STARCROSS	SCS	Western
85303	ST AUSTELL	SAU	Western
85302	ST AUSTELL ISU (CE)		Western
11003	STAVELEY	SVL	North West
55511	STAYTHORPE X		East Midlands
10199	ST BEES	SBS	North West
85219	STBLAZEY		Western
85217	ST BLAZEY H & SONS		Western
85222	ST BLAZEY L I P		Western
85218	ST BLAZEY SIGNAL BOX		Western
85220	ST BLAZEY SS		Western
85216	ST BLAZEY YD (ADVENZA)		Western
85221	ST BLZEY		Western
84295	ST BUDEAUX FERRY ROAD	SBF	Western
84293	ST BUDEAUX JN.		Western
84204	ST BUDEAUX VICTORIA ROAD	SBV	Western
23303	ST.CATHERINES JN.		East Coast
80425	ST CLEARS CROSSING		Wales
85244	ST COLUMB ROAD	SCR	Western
86499	ST DENYS	SDN	Wessex
86501	ST DENYS SIG E704		Wessex
86498	ST DENYS SIG EH704		Wessex
86502	ST DENYS SIGNAL E706		Wessex
86500	ST DENYS SIGNAL E904		Wessex
65611	STECHFORD	SCF	Central
14217	STEETLYRP		North & East
17009	STEETON & SILSDEN	SON	North & East
57462	STENSON GPL DY306		East Midlands
57458	STENSON JN		East Midlands
04825	STENTON G.S.P.		Scotland
52206	STEPNEY GREEN JUNCTION		Private Railway
06503	STEPPS	SPS	Scotland
85721	ST ERTH	SER	Western
85722	ST ERTH CE SIDING		Western
85723	ST ERTH SIGNAL 56		Western
85724	ST ERTH SIG R19		Western
85720	ST ERTH SIG SE10		Western
53223	STEVENAGE	SVG	East Coast
53204	STEVENAGE SIG 669		East Coast
53222	STEVENAGE SIG K214		East Coast
53220	STEVENAGE UP FAST SIG 656		East Coast
08123	STEVENSTON	STV	Scotland
08124	STEVENSTON DGL		Scotland
08122	STEVENSTON NOBEL SIDING		Scotland
08121	STEVENSTON N.P.S.		Scotland
74324	STEVENTON		Western
62043	STEWARTBY	SWR	West Coast South
08703	STEWARTON	STT	Scotland
87237	STEWARTS LANE BERTHING SDG		Kent
87235	STEWARTS LANE - DAYS		Kent
87187	STEWARTS LANE DEPOT UP LOOP		Kent
87277	STEWARTS LANE (FHH)		Sussex
87234	STEWARTS LANE JN		Kent
87236	STEWARTS LANE MARCON R M C		Kent
87272	STEWARTS LANE SIG VS567		Sussex
87273	STEWARTS LANE SIG VS569		Sussex
87274	STEWARTS LANE TARMAC GBRF		Sussex
87238	STEWARTS LANE T&R.S.M.D	XSL	Kent
78601	ST FAGANS L C		Wales
84397	ST GERMANS	SGM	Western
73668	STHALLDMU		Western
14127	STHDKDISP		East Coast
35400	ST HELENS		North West
35405	ST HELENS CENTRAL	SNH	North West
35407	ST HELENS DOWN GOODS LOOP		North West
35449	ST HELENS JUNCTION	SHJ	North West
87335	ST HELIER	SIH	Sussex
87336	ST HELIER GROUND FRAME		Sussex
51557	STH TOTTENHAM ADVANCE SIG		Anglia
15135	STILLINGTON		East Coast
03401	STIRLING	STG	Scotland
03402	STIRLING MIDDLE		Scotland
03403	STIRLING NORTH		Scotland
03404	STIRLING S & D LINES		Scotland
03405	STIRLING SIDINGS		Scotland
03407	STIRLING SIGNAL 6504		Scotland
03406	STIRLING U.P.L.		Scotland
85711	ST IVES	SIV	Western
46029	ST. JAMES DEEPING		East Midlands
23444	ST JAMES JN		East Coast
12725	ST. JAMES (NEWCASTLE)	SJN	East Coast
83435	ST JAMES' PARK	SJP	Western
52734	ST JAMES STREET	SJS	Anglia
88411	ST JOHNS	SAJ	Kent
84416	ST KEYNE	SKN	Western
88276	ST LEONARDS CET POINT		Kent
88280	ST LEONARDS ENG.LTD (GBRF)		Kent
88282	ST LEONARDS RLY ENG LTD	XSM	Kent
88292	ST LEONARDS SHUNT NECK		Kent
88277	ST LEONARDS SIGNAL BJ42		Kent
88283	ST LEONARDS WARRIOR SQ	SLQ	Kent
88281	ST LEONARDS WM CSD.	XSE	Kent
35005	ST LUKES JUNCTION		North West
87133	ST MARGARETS	SMG	Wessex
51711	ST MARGARETS (HERTS)	SMT	Anglia
88493	ST MARY CRAY	SMY	Kent
88485	ST MARY CRAY JN	XMU	Kent
57220	ST. MARY'S JN		East Midlands
68162	ST. MARY'S LEVEL CROSSING		Western
57418	ST.MARY'S NORTH JUNCTION		East Midlands
57419	ST.MARY'S SOUTH JUNCTION		East Midlands
36084	ST MICHAELS	STM	North West
45402	ST NEOTS	SNO	East Coast
45401	ST NEOTS FD (E W & S)		East Coast
45403	ST NEOTS SIG P21		East Coast
45404	ST NEOTS UP SDG		East Coast
87901	STOATS NEST JN.	XJS	Sussex
87885	STOATS NEST JN. SIG T1109		Sussex
87886	STOATS NEST JN. SIG T1110		Sussex
73796	STOCKLEY BRIDGE JN		Western
73799	STOCKLEY JUNCTION		Western
32534	STOCKPORT	SPT	North West
32531	STOCKPORT CAR. M.D.		North West
32556	STOCKPORT SIG ST2.116/118		North West
32588	STOCKPORT SIG ST2.88/89		North West
32532	STOCKPORT VIADUCT		North West
25382	STOCKSBRIDGE WORKS		North & East
13321	STOCKSFIELD	SKS	North & East
18494	STOCKSMOOR	SSM	North & East
15225	STOCKTDIS		North & East
15223	STOCKTON	STK	North & East
15226	STOCKTON 907 SIG		North & East
15229	STOCKTON CUT JN		North & East
15221	STOCKTON THOMPSON (DC)		North & East
15222	STOCKTON THOMPSON (DRS)		North & East
15224	STOCKTON THOMSON		North & East
15228	STOCKTON THOMSON GBRF		North & East
83116	STOKE CANON LC		Western
43221	STOKE CLIFFE VALE AXIOM		West Coast South
81114	STOKEGIFD		Western
81119	STOKE GIFFORD		Western
81110	STOKE GIFFORD (FLHH)		Western
81111	STOKE GIFFORD SIDINGS		Western
81117	STOKE GIFFORD SIG B589		Western
81108	STOKE GIFFORD SPUR		Western
81112	STOKE GIFFORD TIP		Western
81115	STOKE GIFFORD WAGON MT DEP		Western
43116	STOKE GRANVILLE SDGS		West Coast South
70323	STOKE HAMMOND		West Coast South
43222	STOKE JN		West Coast South
44999	STOKE JN.		East Coast
43209	STOKE LHS		West Coast South
70358	STOKE MANDEVILLE	SKM	Central
43231	STOKE MARCROFT ENGINEERING		West Coast South
51963	STOKE NEWINGTON	SKW	Anglia
43223	STOKE NORTH WEST YARD		West Coast South
43224	STOKE NORTH WEST YD REVERSE		West Coast South
43205	STOKE N W		West Coast South
43211	STOKE-ON-TRENT	SOT	West Coast South
43208	STOKE-ON-TRENT CLIFFE VALE RP		West Coast South
43210	STOKE ON TRENT NORTH		West Coast South
43216	STOKE SIG 271		West Coast South
43217	STOKE SIG 439		West Coast South
43218	STOKE SIG 462		West Coast South
43219	STOKE SIG 527		West Coast South
43213	STOKE SIG 534		West Coast South
43214	STOKE SIG 540		West Coast South
44998	STOKE TUNNEL SIGNAL P612		East Coast
67008	STOKE WORKS JN	XSW	Central
43308	STONE	SNE	West Coast South
46214	STONEA		Anglia
72031	STONEBRIDGE PARK	SBP	West Coast South
72032	STONEBRIDGE PARK DEPOT		West Coast South
72035	STONEBRIDGE PARK SIG WS32		West Coast South
72034	STONEBRIDGE PK SIG WS34/36		West Coast South
72098	STONEBRPK		West Coast South
88697	STONE CROSSING	SCG	Kent
89393	STONEGATE	SOG	Kent
02113	STONEHAVEN	STN	Scotland
02117	STONEHAVEN SIGNAL SV40		Scotland
02114	STONEHAVEN SOUTH		Scotland
68159	STONEHOUSE	SHU	Western
43307	STONE JUNCTION		West Coast South
87303	STONELEIGH	SNL	Wessex
43303	STONE MEAFORD SDGS		West Coast South
43300	STONE SIG S505		West Coast South
43301	STONE SIG S510		West Coast South
78207	STORMSTOWN JUNCTION		TfW Cardiff Valleys
78206	STORMSTOWN LOOP		TfW Cardiff Valleys
79787	STORMY		Wales
79786	STORMY DOWN GOODS LOOP		Wales
79788	STORMY UP GOODS LOOP		Wales
65931	STOURBRIDGE CARRIAGE SDGS		Central
65920	STOURBRIDGE JN DEPOT		Central
65930	STOURBRIDGE JN GOODS LOOP	XSF	Central
65921	STOURBRIDGE JN HEADSHUNT		Central
65932	STOURBRIDGE JN (TOWN PLAT)		Central
65933	STOURBRIDGE JUNCTION	SBJ	Central
65940	STOURBRIDGE NORTH JN		Central
65928	STOURBRIDGE SIDINGS		Central
65939	STOURBRIDGE TOWN	SBT	Central
17183	STOURTON B.S.C.		North & East
17190	STOURTONCEMEX GBRF		North & East
17181	STOURTON D & F STEELS		North & East
17180	STOURTON DOWN SIDING		North & East
17186	STOURTON DOWN SIDINGS FLHH		North & East
17185	STOURTON FLT C&W RFS ENG		North & East
17182	STOURTON JN		North & East
17177	STOURTON JN REVERSE		North & East
17176	STOURTON SHUNT NECK SIG S912		North & East
17178	STOURTON SIGNAL L928		North & East
17179	STOURTON SIGNAL L929		North & East
17188	STOURTON SIGNAL S930		North & East
17187	STOURTON SIGNA S921		North & East
04713	STOW	SOI	Scotland
70135	STOW HILL TUNNEL		West Coast South
49014	STOWMARKET	SMK	Anglia
49012	STOWMARKET D.G.L.		Anglia
49015	STOWMARKET SIGNAL COL 1385		Anglia
49013	STOWMARKT		Anglia
44015	STOW PARK		East Midlands
63622	ST PANCRAS CAMLEY ST JN		East Midlands
63632	ST PANCRAS CANAL TUNNEL JN		East Midlands
63630	ST PANCRAS INTERNATIONAL (MML)	STP	East Midlands
63631	ST PANCRAS INTL (DOMESTIC)	SPX	High Speed
63629	ST PANCRAS INT PLAT A&B (FCC)	SPL	East Midlands
63619	ST PANCRAS MAINTENANCE SDG		East Midlands
63627	ST PANCRAS MAINTENANCE SDG CONNECTION (MML)		East Midlands
14023	ST. PETERS	STZ	East Coast
81522	ST PHILIPS MARSH DEPOT FHH		Western
81523	ST PHILIPS MARSH FUELLING		Western
81524	ST PHILIPS MRSH H S T D	XPM	Western
84435	ST PINNOCK VIADUCT EAST		Western
00133	ST POLTEN		High Speed
52221	STRACTLCS		Anglia
08653	STRANRAER	STR	Scotland
08649	STRANRAER STOCKTON HAULAGE		Scotland
08651	STRANRAER TOWN F.D.		Scotland
08650	STRANRAER YARD G.F.		Scotland
14227	STRANTON JN		North & East
00767	STRASBOURG HAUSBERGEN		High Speed
52226	STRATFORD	SRA	Anglia
52220	STRATFORD F.L.T.		Anglia
52215	STRATFORD INTERNATIONAL	#MULTIVALUE	High Speed
52213	STRATFORD INTL EAST JN	XXQ	High Speed
52217	STRATFORD INTL W JN	XXR	High Speed
52236	STRATFORD LOW LEVEL		Anglia
52229	STRATFORD MARKET		Anglia
66449	STRATFORD PARKWAY	STY	Central
52228	STRATFORD REPAIR DEPOT		Anglia
52218	STRATFORD SIG L156		Anglia
52230	STRATFORD SIG L249		Anglia
52223	STRATFORD SIG L259		Anglia
52231	STRATFORD SIG L295		Anglia
52224	STRATFORD SIG. L68		Anglia
52205	STRATFORD SIG L703		Anglia
52232	STRATFORD SIGNAL L247		Anglia
52216	STRATFORD SIGNAL L251		Anglia
52233	STRATFORD SIGNAL L257		Anglia
52225	STRATFORD SIGNAL L261		Anglia
52204	STRATFORD SIGNAL L701		Anglia
66451	STRATFORD-UPON-AVON	SAV	Central
66450	STRATFORD UPON AVON EAST		Central
01077	STRATHCARRON	STC	Scotland
01085	STRATHCARRON C.E.		Scotland
01066	STRATHCARRON GF		Scotland
87134	STRAWBERRY HILL	STW	Wessex
87151	STRAWBERRY HILL C.S.D.	XSX	Wessex
86944	STRAWBERRY HILL SIG 2457		Wessex
87188	STRAWBERRY HILL SIG F91		Wessex
87173	STRAWBERRY HILL SIG FH419		Wessex
89376	STRAWBERRY HILL TUNNEL		Kent
87613	STREATHAM	STE	Sussex
87631	STREATHAM COMMON	SRC	Sussex
87621	STREATHAM HILL	SRH	Sussex
87620	STREATHAM HILL C.S.D.	XSS	Sussex
87557	STREATHAM HILL SIGNAL 157		Sussex
87573	STREATHAM HILL SIGNAL 161		Sussex
87569	STREATHAM HILL SIGNAL VC658		Sussex
87571	STREATHAM HILL UP SIDING EAST		Sussex
87567	STREATHAM HILL UP SIDING WEST		Sussex
87618	STREATHAM JN		Sussex
87561	STREATHAM JN SIG TVC174		Sussex
87560	STREATHAM JN SIG TVC176		Sussex
87616	STREATHAM NORTH JN		Sussex
87556	STREATHAM REV FAST SPUR		Wessex
87617	STREATHAM SOUTH JN		Sussex
18032	STREETHOUSE	SHC	North & East
65534	STREETLY SIG WR5433		Central
16235	STRENSALL SB		North & East
57000	STRETTON		East Midlands
32554	STRINES	SRN	North West
01075	STROMEFERRY	STF	Scotland
88801	STROOD	SOO	Kent
88802	STROOD SHUNT SIGNAL NK1630		Kent
88804	STROOD SHUNT SIG NK1628		Kent
88803	STROOD SIGNAL NK1625		Kent
68161	STROUD	STD	Western
01160	STRUAN		Scotland
89449	STURRY	STU	Kent
00061	STUTTGART HAFEN		High Speed
32528	STYAL	SYA	North West
06061	SUCCOTH VIADUCT		Scotland
76085	SUDBROOK		Wales
76084	SUDBROOK PUMPING STATION		Wales
50111	SUDBURY	SUY	Anglia
63005	SUDBURY & HARROW ROAD	SUD	Central
63004	SUDBURY HILL HARROW	SDH	Central
18011	SUDFORTH LANE DOWN (EWS)		North & East
17994	SUDFORTH LANE DOWN SIDE		North & East
18012	SUDFORTH LANE (FLHH)		North & East
18010	SUDFORTH LANE SIGNAL BOX		North & East
18002	SUDFORTH LANE UP RS		North & East
17996	SUDFORTH LANE UP RS (FLHH)		North & East
79079	SUGAR LOAF	SUG	Wales
64816	SUMMERHOUSE DRIVE CROSSING		Central
06236	SUMMERSTON	SUM	Scotland
87157	SUNBURY	SUU	Wessex
14031	SUNDERLAND	SUN	East Coast
14032	SUNDERLAND BURDON DOCK SDG		East Coast
14035	SUNDERLAND LONDONDERRY SDG		East Coast
14033	SUNDERLAND SOUTH JN		East Coast
14036	SUNDERLAND WARD BROS		East Coast
62206	SUNDON SOUTH JN		East Midlands
62207	SUNDON UP LOOP		East Midlands
88470	SUNDRIDGE PARK	SUP	Kent
87104	SUNNINGDALE	SNG	Wessex
57451	SUNNYHILL		East Midlands
87109	SUNNYMEADS	SNY	Wessex
07317	SUNNYSIDE JN		Scotland
87171	SURBITON	SUR	Wessex
87172	SURBITON E.T.C.		Wessex
87175	SURBITON SIGNAL WK534		Wessex
87176	SURBITON SIG WK1106		Wessex
87577	SURREY CANAL JN		Kent
87576	SURREY CANAL ROAD (ELL)	SCE	Private Railway
87572	SURREY QUAYS	SQE	Private Railway
06000	SUSSEX ROUTE (B)		NONE
82348	SUTTON BINGHAM		Wessex
64231	SUTTON BRIDGE JN		Wales
64236	SUTTON BRIDGE JN SIG 15		Wales
64238	SUTTON BRIDGE JN SIG 34		Wales
65603	SUTTON COLDFIELD	SUT	Central
87339	SUTTON COMMON	SUC	Sussex
35441	SUTTON OAK H.CHEMICALS		North West
65531	SUTTON PARK		Central
56237	SUTTON PARKWAY	SPK	East Midlands
87672	SUTTON SIGNAL VC193		Sussex
87671	SUTTON (SURREY)	SUO	Sussex
57804	SWADLINCOTE G.F.		East Midlands
58031	SWAINS PARK OPENCAST D.P.		East Midlands
48993	SWAINSTHORPE L.C.		Anglia
89111	SWALE	SWL	Kent
13514	SWALWELL JN		North & East
86969	SWANAGE	SGE	Private Railway
86957	SWANAGE LMD (GBRF)		Wessex
88486	SWANLEY	#MULTIVALUE	Kent
88544	SWANLEY SIGNAL VS637		Kent
88496	SWANLEY SIG VS631		Kent
88511	SWANLEY SIG VS638		Kent
88520	SWANLY656		Kent
58037	SWANNINGTON L.C.		East Midlands
88705	SWANSCOMBE	SWM	Kent
79304	SWANSEA	SWA	Wales
79231	SWANSEABS		Wales
79236	SWANSEABS		Wales
79237	SWANSEABS		Wales
79251	SWANSEABS		Wales
79230	SWANSEA BURROWS S.S.		Wales
79229	SWANSEA BURROWS SS GBRF		Wales
79223	SWANSEA DKS ABP NON SHIPMT		Wales
79222	SWANSEA DOCKS	SWF	Wales
79224	SWANSEA DOCKS ABP SHIPMENT		Wales
79311	SWANSEA IEP MAINTENANCE ROAD		Wales
79312	SWANSEA IEP WASH ROAD		Wales
79303	SWANSEA LOOP EAST		Wales
79306	SWANSEA LOOP WEST		Wales
79302	SWANSEA MAILPLANT IEP DPT		Wales
79305	SWANSEA MALIPHANT CSD	XMA	Wales
79310	SWANSEA PT3163 (CL)		Wales
79301	SWANSEA PT537		Wales
79308	SWANSEA PT7571 (DM)		Wales
79307	SWANSEA PT7573 (UM)		Wales
79309	SWANSEA PT7592 (DM)		Wales
79233	SWANSEA TRAIN EXAM POINT		Wales
29134	SWAN SIDE VIADUCT		North West
86225	SWANWICK	SNW	Wessex
56516	SWANWICK JUNCTION		East Midlands
86909	SWAY	SWY	Wessex
86497	SWAYTHLING	SWG	Wessex
75001	SWDNNEWWK		Western
44073	SWINDERBY	SWD	East Midlands
75014	SWINDNWKS		Western
75004	SWINDON		Western
75012	SWINDON	SWI	Western
75016	SWINDON		Western
75009	SWINDONAS		Western
75005	SWINDON AUSTIN ROVER GRP		Western
75002	SWINDON COCKLEBURY		Western
75007	SWINDON EMR DISPOSALS		Western
75024	SWINDON EMR GBRF		Western
75000	SWINDONFD		Western
75006	SWINDONFD		Western
75013	SWINDON F.P.		Western
75017	SWINDON HAWKSWORTH SIDINGS		Western
75021	SWINDON LONDON END		Western
75023	SWINDON SIG SW1212		Western
74336	SWINDON SOUTH MARSTON JN		Western
75011	SWINDON STORES		Western
74998	SWINDON STORES (GBRF)		Western
74999	SWINDON STRATTON GREEN		Western
75010	SWINDON TRANSFER	XSJ	Western
75015	SWINDON WEST LOOP		Western
44205	SWINESHEAD	SWE	East Midlands
05039	SWING BRIDGE EAST		Scotland
35146	SWINTON	SNN	North West
24109	SWINTON JN		North & East
24108	SWINTON (S.YORKS)	SWN	North & East
87626	SYDENHAM	SYD	Sussex
88278	SYDENHAM HILL	SYH	Kent
07969	SYMINGTON G.F.		Scotland
87143	SYON LANE	SYL	Wessex
59024	SYSTON	SYS	East Midlands
59021	SYSTON EAST JN		East Midlands
59020	SYSTON NORTH JN		East Midlands
59022	SYSTON SOUTH JN		East Midlands
74605	TACKLEY	TAC	Western
87708	TADWORTH	TAD	Sussex
78220	TAFFS WELL	TAF	TfW Cardiff Valleys
01044	TAIN	TAI	Scotland
01045	TAIN C.E.		Scotland
40103	TALACRE		Wales
64313	TALERDDIG		Wales
45004	TALLINGTON DOWMAC		East Coast
45007	TALLINGTON (GBRF)		East Coast
45002	TALLINGTON JN.		East Coast
44997	TALLINGTON JN P541		East Coast
45011	TALLINGTON JUNCTION SIG P544		East Coast
45003	TALLINGTON REDLAND AGGS		East Coast
45015	TALLINGTON SIG P534		East Coast
45014	TALLINGTON SIG P544		East Coast
44996	TALLINGTON TARMAC DBC		East Coast
64425	TALSARNAU	TAL	Wales
64416	TALYBONT	TLB	Wales
40057	TAL-Y-CAFN	TLC	Wales
65671	TAME BRIDGE PARKWAY	TAB	Central
66002	TAMWORTH HL	TAH	Central
66001	TAMWORTH HL CE SDGS		Central
69001	TAMWORTH LOW LEVEL	TAM	West Coast South
07261	TANK ROAD		Scotland
88429	TANNERS HILL TUNNEL JUNCTION		Kent
74001	TAPLOW	TAP	Western
27272	TAPTON JN		North & East
32523	TARMAC SDGS (MAN AIRPORT)		North West
00223	TARRAGONA		High Speed
87707	TATTENHAM CORNER	TAT	Sussex
87714	TATTENHAM CORNER C.H.S.		Sussex
87696	TATTENHAM CORNER SIG T1385		Sussex
83009	TAUNTON	TAU	Western
83012	TAUNTON CIDER SDG		Western
83007	TAUNTON EAST JN		Western
83001	TAUNTONFD		Western
83000	TAUNTON GDS RECP		Western
83005	TAUNTON ISU (CE)		Western
83013	TAUNTON SIG 483		Western
83002	TAUNTON SIG 604		Western
83015	TAUNTON SIG 608		Western
83004	TAUNTON SIG E619		Western
83017	TAUNTON SIGNAL E481		Western
84082	TAVISTJPD		Western
84081	TAVISTOCK JN		Western
03065	TAY BRIDGE DOWN REFUGE SDG		Scotland
03072	TAY BRIDGE HIGH GIRDERS NORTH		Scotland
03074	TAY BRIDGE HIGH GIRDERS SOUTH		Scotland
03066	TAY BRIDGE SOUTH		Scotland
06048	TAYNUILT	TAY	Scotland
06049	TAYNUILT C.E.		Scotland
06072	TAYNUILT GF		Scotland
09330	TEBAY	XIT	North West
09331	TEBAY ISU (CE)		North West
87159	TEDDINGTON	TED	Wessex
15634	TEES DOCK BSC EXPORT BERTH		North & East
15633	TEES DOCK CAR TERMINAL		North & East
15635	TEES DOCK CLEVELAND POTASH		North & East
15632	TEES DOCK COAL LDG AREA		North & East
15623	TEES DOCK EXPORT BERTH DBS		North & East
15622	TEES DOCK GBRF		North & East
15400	TEES N.Y.		North & East
15402	TEES SHOPS EWS C&W		North & East
15711	TEES-SIDE AIRPORT	TEA	North & East
15410	TEES SIGNAL TY137		North & East
15404	TEES YARD		North & East
15411	TEES YARD DN STAGING GBRF		North & East
15406	TEES YARD EAST END		North & East
15403	TEES YARD EWS C&W GRADING		North & East
15399	TEES YARD FUELLING POINT		North & East
15409	TEES YARD SECTIONAL SDGS RP		North & East
15412	TEES YARD SIGNAL TY156		North & East
15318	TEES YD DN STAGING SDS (FLHH)		North & East
83626	TEIGNGRACE		Western
83607	TEIGNMOUTH	TGM	Western
64827	TELFORD CENTRAL	TFC	Central
25104	TEMPLEBORO' B.S.C. RECP.		North & East
82338	TEMPLECOMBE	TMC	Wessex
16480	TEMPLE HIRST JN.		East Coast
52203	TEMPLE MILLS EAST JN.	XTA	Anglia
52199	TEMPLE MILLS LOOP		Anglia
52202	TEMPLE MILLS ORIENT CS	XTX	Anglia
52190	TEMPLE MILLS RECP		High Speed
52200	TEMPLE MILLS S.S.	XTM	Anglia
52195	TEMPLE MILLS WEST JN.		Anglia
52201	TEMPMILLS		Anglia
45525	TEMPSFORD		East Coast
80211	TENBY	TEN	Wales
07211	TERMINUS CURVE JN GLASGOW		Scotland
07232	TERMINUS CURVE SIG 5182		Scotland
07210	TERMINUS JN		Scotland
89149	TEYNHAM	TEY	Kent
87179	THAMES DITTON	THD	Wessex
51121	THAMES HAVEN JN		Anglia
51131	THAMES HAVEN SIG LG14		Anglia
51124	THAMES HAVEN SIG LG15		Anglia
51122	THAMES HAVEN SIG UR882		Anglia
51123	THAMES HAVEN SIG UR888		Anglia
51103	THAMES HAVEN T.C.		Anglia
51104	THAMES HV		Anglia
51331	THAMES MATEX		Anglia
74723	THATCHAM	THA	Western
36616	THATTO HEATH	THH	North West
74702	THEALE	THE	Western
74705	THEALE A.R.C		Western
74608	THEALE FOSTER YEO (FLHH)		Western
74706	THEALE FOSTER YEOMAN		Western
74711	THEALE HANSON AGGS (FLHH)		Western
74708	THEALE HOPE CEMENT		Western
74707	THEALE LAFARGE FHH		Western
74704	THEALE LAFARGE GBRF		Western
74701	THEALE LOOP		Western
74703	THEALE PUMA		Western
74709	THEALE PUMA GBRF		Western
74710	THEALE RECEPTION SDGS		Western
74699	THEALE SIGNAL RG800		Western
74718	THEALE SIGNAL T2839		Western
74715	THEALE SIG T2831		Western
74716	THEALE SIG T2834		Western
65196	THE HAWTHORNS	THW	Central
66459	THE LAKES	TLK	Central
51940	THEOBALDS GROVE	TEO	Anglia
46261	THETFORD	TTF	Anglia
46250	THETFORD SIG EN8114		Anglia
46256	THETFORD SIGNAL T7		Anglia
46258	THETFORD TAMPER SIDING		Anglia
75351	THINGLEY EAST JUNCTION		Western
75354	THINGLEY JN		Western
75355	THINGLEY JUNCTION SIDINGS		Western
75353	THINGLEY MOD		Western
46217	THIRD DROVE		Anglia
16001	THIRSK	THI	East Coast
16002	THIRSK SIDINGS EWS		East Coast
28402	THORESBY COLLIERY		North & East
28407	THORESBY COLLIERY (COLAS RAIL)		North & East
28403	THORESBY COLLIERY (FLHH)		North & East
28399	THORESBY COLLIERY (GBRF)		North & East
28398	THORESBY COLLIERY JN SDS C&W		North & East
28397	THORESBY COLLIERY JN SGS (GBRF)		North & East
28401	THORESBY COLL JN		North & East
28404	THORESBY COLL JN (FHH)		North & East
28406	THORESBY SDGS NECK		North & East
15316	THORNABY	TBY	North & East
15317	THORNABY EAST JN.		North & East
15405	THORNABY EWS WHEEL LATHE		North & East
15407	THORNABY NO 1		North & East
15315	THORNABY SIG TY176		North & East
15401	THORNABY T.M.D. (E.W.S.)	XTE	North & East
15408	THORNABY T.M.D. (F'LINER)		North & East
23005	THORNE JN		East Coast
20055	THORNE NORTH	TNN	North & East
23004	THORNE SOUTH	TNS	East Coast
73785	THORNEY MILL		Western
73795	THORNEY MILL DB SCHENKER		Western
73793	THORNEY MILL FHH		Western
79801	THORNEY MILL GBRF		Western
73787	THORNEY MILL GROUND FRAME		Western
82313	THORNFORD	THO	Wessex
09013	THORNHILL		Scotland
18440	THORNHILL L.N.W. JN.		North & East
09014	THORNHILL UP LOOP		Scotland
07619	THORNLIEBANK	THB	Scotland
21008	THORNTON ABBEY	TNA	North & East
52227	THORNTONFIELD CAR.M.D		Anglia
07611	THORNTONHALL	THT	Scotland
87635	THORNTON HEATH	TTH	Sussex
03253	THORNTON H.S.	XTJ	Scotland
03236	THORNTON NORTH D.P.L.		Scotland
03239	THORNTON NORTH JN		Scotland
03238	THORNTON NORTH U.P.L.		Scotland
03237	THORNTON SOUTH JN		Scotland
03250	THORNTON T.C.		Scotland
03242	THORNTON WEST JN		Scotland
03254	THORNTON YARD GM MINING		Scotland
03258	THORNTON YARD I & H BROWN		Scotland
03252	THORNTWRD		Scotland
51004	THORPE BAY	TPB	Anglia
44223	THORPE CULVERT	TPC	East Midlands
48236	THORPE JUNCTION		Anglia
50024	THORPE-LE-SOKEN	TLS	Anglia
50023	THORPE-LE-SOKEN SIDING		Anglia
23104	THORPE MARSH JN		East Coast
23101	THORPE MARSH SIG D723		East Coast
23100	THORPE MARSH TARMAC		East Coast
44071	THORPE-ON-THE-HILL		East Midlands
31304	THORPES BRIDGE JN		North West
31308	THORPES BRIDGE SIGNAL 715		North West
87920	THREE BRIDGES	TBD	Sussex
87930	THREE BRIDGES 1737 POINTS		Sussex
87918	THREE BRIDGES BACK ROAD		Sussex
87917	THREE BRIDGES PL 1183		Sussex
87889	THREE BRIDGES PL 1185		Sussex
87923	THREE BRIDGES P & MD		Sussex
87928	THREE BRIDGES SIGNAL 1206		Sussex
87887	THREE BRIDGES SIGNAL T1201		Sussex
87888	THREE BRIDGES SIGNAL T1204		Sussex
87890	THREE BRIDGES SIGNAL T1218		Sussex
87922	THREE BRIDGES SIGNAL T288		Sussex
87932	THREE BRIDGES SIG T1200		Sussex
87929	THREE BRIDGES SIG T1214		Sussex
87940	THREE BRIDGES TILGATE SDGS		Sussex
87908	THREE BRIDGES TL UP DEPOT		Sussex
87919	THREE BRIDGES UP SDG NORTH		Sussex
87926	THREE BRIDGES UP SDG SOUTH		Sussex
87916	THREE BRIDGES UP TLD NX		Sussex
87924	THREE BRIDGES VOYAGER M.D.	XTB	Sussex
46140	THREE HORSE SHOES		Anglia
88295	THREE OAKS	TOK	Kent
69113	THREE SPIRES JN		Central
15109	THRISLINGTON (FLHH)		East Coast
15111	THRISLINGTON GBRF		East Coast
15112	THRISLINGTON STEETLEY		East Coast
26210	THRUMPTON WEST JN		North & East
24495	THRYBERGH JN		North & East
55503	THURGARTON	THU	East Midlands
24003	THURNSCOE	THC	North & East
01001	THURSO	THS	Scotland
01003	THURSO U.K.A.E.A.		Scotland
46401	THURSTON	TRS	Anglia
77092	TIDALCPLE		Wales
77095	TIDAL SDG		Wales
77096	TIDALSDG		Wales
77097	TIDALSDGS		Wales
51204	TILBRY CT		Anglia
51208	TILBRY GT		Anglia
00907	TILBURG WORKS		High Speed
51198	TILBURY2 CONTAINER TML FL		Anglia
51213	TILBURY 2 (TARMAC)		Anglia
51210	TILBURY CONTAINER SRVS EWS		Anglia
51212	TILBURY CONTAINER SRVS GB		Anglia
51200	TILBURY CONTAINER TERM EWS		Anglia
51199	TILBURY DOCKS E.S.		Anglia
51193	TILBURY I.R.F.T. COLAS		Anglia
51197	TILBURY IRFT (DB CARGO)		Anglia
51194	TILBURY IRFT (DRS)		Anglia
51195	TILBURY I.R.F.T (EWS)		Anglia
51196	TILBURY I.R.F.T (GBRF)		Anglia
51211	TILBURY LCT (FLT)		Anglia
51209	TILBURY NFLEET HOPE TL EWS		Anglia
51207	TILBURY NTHFLEET RUN ROUND		Anglia
51206	TILBURY PLA GRAIN TERMINAL		Anglia
51205	TILBURY R.C.T.		Anglia
51201	TILBURY R.C.T. GBRF		Anglia
51192	TILBURY RIVERSIDE (COLAS)		Anglia
51203	TILBURY TOWN	TIL	Anglia
51202	TILBURY WEST JN		Anglia
69209	TILE HILL	THL	Central
74271	TILEHURST	TLH	Western
74272	TILEHURST EAST JN		Western
87952	TILGATE SDGS ENTRY/EXIT		Sussex
87953	TILGATE SIDINGS SIG TD98		Sussex
25212	TINSLEY AVESTA (SMACC)		North & East
25208	TINSLEY AVESTA (SPACE)		North & East
25204	TINSLEY EAST JN		North & East
87921	TINSLEY GREEN		Sussex
25199	TINSLEY INTERMODAL TERM		East Coast
25318	TINSLEY MEADOWHALL	TIN	North & East
25209	TINSLEY NORTH JN		North & East
25203	TINSLEY PARK JN.		North & East
25205	TINSLEY SOUTH JN		North & East
25200	TINSLEY S.S.		North & East
25202	TINSLEY WGN MAINT DP SDG 5		North & East
25201	TINSLEY YARD (FHH)		North & East
25207	TINSLEY YARD GBRF		North & East
21107	TIOXIDE SIDING		North & East
65809	TIPTON	TIP	Central
78346	TIR-PHIL	TIR	TfW Cardiff Valleys
82335	TISBURY	TIS	Wessex
82334	TISBURY LOOP		Wessex
83109	TIVERTON LOOP		Western
83038	TIVERTON PARKWAY	TVP	Western
48351	TIVETSHALL		Anglia
31031	TODMORDEN	TOD	North West
31029	TODMORDEN SIGNAL PN318		North West
31030	TODMORDEN SIG PN341		North West
15645	TOD POINT JCN		North & East
16006	TOLLERTON GPL673		East Coast
16005	TOLLERTON JN		East Coast
87403	TOLWORTH	TOL	Wessex
87402	TOLWORTH DAY AGGS (FLHH)		Wessex
87401	TOLWORTH SDGS		Wessex
01134	TOMATIN		Scotland
01153	TOMATIN SIDING		Scotland
06070	TOM NA FAIRE DEPOT		Scotland
89362	TONBGEESD		Kent
89363	TONBRIDGE	TON	Kent
89369	TONBRIDGE DOWN LOOP		Kent
89361	TONBRIDGE DOWN MAIN SIDING		Kent
89357	TONBRIDGE ENGINEERS SIDING		Kent
89367	TONBRIDGE ENG SDG (COLAS)		Kent
89359	TONBRIDGE JUBILEE SIDINGS		Kent
89358	TONBRIDGE L.H.S.		Kent
89364	TONBRIDGE P O SIDINGS		Kent
89354	TONBRIDGE POST OFFICE JN		Kent
89339	TONBRIDGE SIG AD137X		Kent
89371	TONBRIDGE SIG AD2032		Kent
89368	TONBRIDGE SIG AD525		Kent
89355	TONBRIDGE SIGNAL AD139		Kent
89365	TONBRIDGE SIGNAL AD2038		Kent
89370	TONBRIDGE UP LOOP		Kent
89360	TONBRIDGE WEST YARD	XTW	Kent
89366	TONBRIDGE WEST YARD GBRF		Kent
79811	TONDU	TDU	Wales
79813	TONDU GARW LOOP		Wales
79812	TONDU LLYNFI GDS LOOP		Wales
64402	TONFANAU	TNF	Wales
78006	TON PENTRE	TPN	TfW Cardiff Valleys
78012	TONYPANDY	TNP	TfW Cardiff Valleys
87614	TOOTING	TOO	Sussex
34102	TOPLEY PIKE BARDON AGG		North West
34104	TOPLEY PIKE (FHH)		North West
34103	TOPLEY PIKE GF		North West
83471	TOPSHAM	TOP	Western
00323	TORINO ORBASSANO		High Speed
04845	TORNESS GROUND SWITCH PANEL		Scotland
04832	TORNESS POWER STATION		Scotland
04119	TORPHIN		Scotland
83628	TORQUAY	TQY	Western
83627	TORRE	TRR	Western
25710	TOTLEY TUNNEL EAST		North West
83702	TOTNES	TOT	Western
83703	TOTNES L		Western
56595	TOTNNYPPM		East Midlands
56589	TOTNUYPPM		East Midlands
56585	TOTON CENTRE		East Midlands
56584	TOTON CENTRE (FLHH)		East Midlands
56579	TOTON D.D. H.S.		East Midlands
56594	TOTON JN.		East Midlands
56575	TOTON MEADOW SDGS - VIRT Q		East Midlands
56591	TOTON NORTH YARD		East Midlands
56588	TOTON NORTH YARD GBRF		East Midlands
56592	TOTONNY20		East Midlands
56576	TOTON SIG 4604		East Midlands
56580	TOTON T.M.D.		East Midlands
56590	TOTON UP SIDINGS		East Midlands
56582	TOTON W.R.D.		East Midlands
73113	TOTTENHAM COURT ROAD	TCR	Private Railway
51931	TOTTENHAM HALE	TOM	Anglia
51932	TOTTENHAM HALE SIG L5305		Anglia
51935	TOTTENHAM SOUTH JN		Anglia
51934	TOTTENHAM STH JN SIG L1004		Anglia
86711	TOTTON	TTN	Wessex
86715	TOTTON C & W REPAIR ROADS		Wessex
86712	TOTTON  (DCR)		Wessex
86716	TOTTON WEST		Wessex
86713	TOTTON YARD		Wessex
86714	TOTTON YARD (FL)		Wessex
86710	TOTTON YARD GBRF		Wessex
00763	TOUL		High Speed
00745	TOURCOING		High Speed
00839	TOURNAI		High Speed
00793	TOURNUS		High Speed
78112	TOWER COLLIERY FLINER HH		TfW Cardiff Valleys
78115	TOWER COLLIERY TRAIN EXAM POINT		TfW Cardiff Valleys
78113	TOWER COLLY EWS		TfW Cardiff Valleys
52712	TOWER HILL L.T.	ZTH	Anglia
29006	TOWNELEY TUNNEL		North West
74717	TOWNEY LOOP		Western
36011	TOWN GREEN	TWN	North West
03314	TOWNHILL C.E.		Scotland
03315	TOWNHILL JN		Scotland
33034	TPKCPLSDG		North West
33078	TRAFFD PK		North West
33085	TRAFFD PK		North West
33093	TRAFFORD PARK	TRA	North West
33091	TRAFFORD PARK EAST JN		North West
33033	TRAFFORD PARK EURO TERM		North West
33099	TRAFFORD PARK EURO TML GBRF		North West
33081	TRAFFORD PARK EXCH SDG		North West
33083	TRAFFORD PARK F.L.T.		North West
33082	TRAFFORD PARK I.F.T.		North West
33074	TRAFFORD PARK REC 1&2 (FASTLINE)		North West
33080	TRAFFORD PARK SDGS		North West
33101	TRAFFORD PK EUROTML C&W (GBRF)		North West
33076	TRAFFORD PK RECEP GBRF		North West
33086	TRAFFPARK		North West
33077	TRAFFRDPK		North West
33079	TRAFFRDPK		North West
33084	TRAFFRDPK		North West
23400	TRA FOR FASTLINE - NOT A REAL LOCATION		NONE
89780	TRAINING LOCATION BOB		Network Rail HQ
89774	TRAINING LOCATION DAVID		Network Rail HQ
89766	TRAINING LOCATION GEORGED		Network Rail HQ
89790	TRAINING LOCATION KINSEY		NONE
89768	TRAINING LOCATION WILKIE		Network Rail HQ
76355	TRAM INN		Wales
40056	TRAWSFYNYDD		Wales
80031	TRECWN		Wales
25854	TREETON GOODS LOOP		North & East
25853	TREETON JN		North & East
25855	TREETON S1039		North & East
78216	TREFFOREST	TRF	TfW Cardiff Valleys
78218	TREFFOREST ESTATE	TRE	TfW Cardiff Valleys
78017	TREHAFOD	TRH	TfW Cardiff Valleys
78001	TREHERBERT	TRB	TfW Cardiff Valleys
78005	TREHERBERT NORTH GF		TfW Cardiff Valleys
78003	TREHERBERT SIDING		TfW Cardiff Valleys
78325	TRELEWIS		TfW Cardiff Valleys
79795	TREMAINS		Wales
77091	TREMORFA WORKS		Wales
77077	TREMORFA WORKS SDG C & W (GBRF)		Wales
77078	TREMORFA WORKS SDGS (GBRF)		Wales
56601	TRENT EAST JN	XTR	East Midlands
43304	TRENTHAM		West Coast South
22031	TRENT JN		North & East
56602	TRENT SDG		East Midlands
56603	TRENT SDGS		East Midlands
56605	TRENT SOUTH JN	XTG	East Midlands
78004	TREORCHY	TRY	TfW Cardiff Valleys
46253	TRETFORD GROUND SIGNAL T15		Anglia
85416	TREVISCOE ECC SDG		Western
85415	TREVSCOGF		Western
49138	TRIMLEY	TRM	Anglia
49144	TRIMLEY SIG CO617		Anglia
49143	TRIMLEY SIG CO619		Anglia
49161	TRIMLEY SIGNAL FW9031		Anglia
49159	TRIMLEY SIGS FW9020 AND 9031		Anglia
70411	TRING	TRI	West Coast South
70412	TRING CE SDGS		West Coast South
70410	TRING NORTH JN		West Coast South
70413	TRING SIG WT1425		West Coast South
78142	TROED Y RHIW	TRD	TfW Cardiff Valleys
08519	TROON	TRN	Scotland
79051	TROSTRE WORKS		Wales
79053	TROSTRE WORKS EXCHANGE SDG		Wales
79047	TROSTRE WORKS GBRF		Wales
79052	TROSTRE WORKS JUNCTION		Wales
79048	TROSTRE WORKS RP		Wales
82085	TROWBRIDGE	TRO	Western
56550	TROWELL SOUTH JUNCTION		East Midlands
48302	TROWSE		Anglia
48303	TROWSE (FHH)		Anglia
48301	TROWSE GBRF		Anglia
48310	TROWSE GPL CO1749		Anglia
48311	TROWSE GPL CO1760		Anglia
48309	TROWSE JN		Anglia
48305	TROWSE LAKENHAM JN		Anglia
48308	TROWSE SWING BRIDGE JN		Anglia
48304	TROWSE YARD REDLAND SIDING		Anglia
85501	TRURO	TRU	Western
85502	TRURO ISU (CE)		Western
85506	TRURO SHUNT SIGNAL 37		Western
85508	TRURO SIG 14		Western
85503	TRURO YARD		Western
36169	TUEBROOK SDGS GBRF		North West
36168	TUEBROOK SIDINGS	XLT	North West
36167	TUEBROOK SIDINGS (FHH)		North West
68131	TUFFLEY JUNCTION		Western
06029	TULLOCH	TUL	Scotland
06030	TULLOCH C.E.		Scotland
05995	TULLOCH GF		Scotland
87611	TULSE HILL	TUH	Sussex
87595	TULSE HILL SIG 165		Sussex
87594	TULSE HILL SIG 766		Sussex
87612	TULSE HILL SIGNAL VC178		Sussex
89375	TUNBRIDGE WELLS	TBW	Kent
89377	TUNBRIDGE WELLS TURNBACK		Kent
67111	TUNNEL JN		Central
86116	TUNNEL JN.		Wessex
89645	TUNNEL UK/FRENCH BOUNDARY		High Speed
34112	TUNSTEAD		North West
34113	TUNSTEAD C&W (FLHH)		North West
34115	TUNSTEAD FUEL POINT (FLHH)		North West
34111	TUNSTEAD SDGS		North West
34110	TUNSTEAD SDGS (FHH)		North West
34114	TUNSTEAD SDGS GBRF		North West
51942	TURKEY STREET	TUR	Anglia
18055	TURNERS LANE JN.		North & East
87130	TURNHAM GREEN LT	ZTU	Wessex
13800	TURSDALE JN		East Coast
57471	TUTBURY & HATTON	TUT	East Midlands
23496	TUXFORD CROSSOVERS		East Coast
28520	TUXFORD WEST JN REP POINT		North & East
04714	TWEEDBANK	TWB	Scotland
04702	TWEEDBANK SIG EMB244		Scotland
12003	TWEEDMOUTH F.D.		East Coast
12005	TWEEDMOUTH S.B.		East Coast
81504	TWERTON		Western
87131	TWICKENHAM	TWI	Wessex
87119	TWICKENHAM JN		Wessex
86931	TWICKENHAM SIGNAL BEF2121		Wessex
86932	TWICKENHAM SIGNAL BEF2123		Wessex
86945	TWICKENHAM SIGNAL BEF2130		Wessex
87128	TWICKENHAM SIGNAL F401		Wessex
87129	TWICKENHAM SIGNAL F406		Wessex
46260	TWO MILE BOTTOM		Anglia
74023	TWYFORD	TWY	Western
74022	TWYFORD SIG T1632		Western
74025	TWYFORD SIG TR112		Western
74026	TWYFORD SIG TR307		Western
74024	TWYFORD WEST		Western
40015	TY CROES	TYC	Wales
47340	TYE GREEN JUNCTION		Anglia
78389	TY GLAS	TGS	TfW Cardiff Valleys
64424	TYGWYN	TYG	Wales
06055	TYNDRUM LOWER	TYL	Scotland
13007	TYNE COAL TERMINAL (GBRF)		East Coast
13006	TYNE COAL TERMINAL GBRF		East Coast
13003	TYNE COAL TERMINAL P T A		East Coast
13009	TYNE DOCK (ADVENZA)		East Coast
13004	TYNE DOCK EWS (AUTOMOTIVE)		East Coast
13005	TYNE DOCK EWS (INTERMODAL)		East Coast
13002	TYNE DOCK (FLHH)		East Coast
13008	TYNE DOCK INTERMODAL GBRF		East Coast
13001	TYNE DOCK P T A		East Coast
04705	TYNEHEAD JN		Scotland
12430	TYNEMOUTH (METRO)	TYP	East Coast
13202	TYNESIDE T.C.		East Coast
13550	TYNE S.S.	TYN	East Coast
13552	TYNE YARD SIGNAL TY193		East Coast
13553	TYNE YARD SIG T176		East Coast
13551	TYNE YARD T.M.D.		East Coast
13549	TYNE YARD VIRTUAL Q&T		East Coast
13548	TYNEYDC&W		East Coast
66460	TYSELEY	TYS	Central
66429	TYSELEY JAMES MOTOR CO		Central
66424	TYSELEY L.M.D.	XTS	Central
66414	TYSELEY SOUTH JUNCTION		Central
66426	TYSELEY STEAM TRUST		Central
66425	TYSELEY T.M.D.		Central
66427	TYSELEY UP & DWN THRO SDGS		Central
66415	TYSLEY UP & DOWN SLOW JN		Central
81094	TYTHERINGTON FHH		Western
64411	TYWYN	TYW	Wales
87769	UCKFIELD	UCK	Sussex
07419	UDDINGSTON	UDD	Scotland
07420	UDDINGSTON JN		Scotland
74331	UFFINGTON (OXFORDSHIRE)		Western
45010	UFFINGTON SB (LINCS)		East Midlands
74332	UFFINGTON UP & DOWN LOOPS		Western
59236	UK RAIL LEASING		East Midlands
89642	UK TUNNEL CROSSOVER		High Speed
89641	UK TUNNEL PORTAL		High Speed
21011	ULCEBY	ULC	North & East
21013	ULCEBY NORTH JUNCTION		North & East
21015	ULCEBY SIG UJ120		North & East
21012	ULCEBY SOUTH JUNCTION		North & East
16493	ULLESKELF	ULL	East Coast
11311	ULVERSTON	ULV	North West
11312	ULVERSTON		North West
83226	UMBERLEIGH	UMB	Western
66501	UNIVERSITY	UNI	Central
14030	UNIVERSITY SUNDERLAND	UNV	East Coast
13240	UNKNOWN		NONE
14201	UNKNOWN		NONE
16806	UNKNOWN		NONE
23301	UNKNOWN		NONE
24335	UNKNOWN		NONE
24401	UNKNOWN		North & East
26601	UNKNOWN		NONE
28101	UNKNOWN		NONE
28311	UNKNOWN		NONE
28502	UNKNOWN		NONE
28511	UNKNOWN		North & East
30052	UNKNOWN		NONE
35532	UNKNOWN		NONE
48237	UNKNOWN		NONE
49004	UNKNOWN		NONE
57601	UNKNOWN		North & East
58107	UNKNOWN		NONE
59252	UNKNOWN		NONE
62012	UNKNOWN		NONE
66223	UNKNOWN		NONE
71031	UNKNOWN		NONE
79029	UNKNOWN		Wales
79809	UNKNOWN		NONE
85176	UNKNOWN		NONE
88324	UNKNOWN		NONE
89600	UNKNOWN		NONE
89602	UNKNOWN		NONE
67005	UP BROMSGROVE NECK		Central
88513	UP CHATHAM LOOP SIG AD22		Kent
42413	UP & DOWN GOODS LOOP		West Coast South
65716	UP DUDLEY SDG		Central
04028	UPHALL	UHA	Scotland
81913	UPHILL JUNCTION		Western
36044	UPHOLLAND	UPL	North West
71021	UP KINGS LANGLEY LOOP*		West Coast South
50392	UPMINSTER	XUP	Anglia
51351	UPMINSTER	UPM	Anglia
51353	UPMINSTER LONDON UNDERGROUND	ZUM	Anglia
51352	UPMINSTER TAMPER SIDING		Anglia
51354	UPMINSTER TAMPER SIDING		Anglia
09199	UPPERBY BRIDGE JN		North West
09196	UPPERBY E.W.S.		North West
09198	UPPERBY JN		North West
09195	UPPERBY T.M.D.	XUM	North West
09194	UPPERBY UP THROUGH G.L.		North West
13300	UPPER DENTON AHB		North & East
87156	UPPER HALLIFORD	UPH	Wessex
63641	UPPER HOLLOWAY	UHL	Anglia
63642	UPPER HOLLOWAY CE SIDING		Anglia
63643	UPPER HOLLOWAY UP GDS LOOP		Anglia
06039	UPPER TYNDRUM	UTY	Scotland
06033	UPPER TYNDRUM C.E.		Scotland
87745	UPPER WARLINGHAM	UWL	Sussex
81120	UP PILNING LOOP		Wales
65924	UP ROWLEY REGIS GOODS LOOP		Central
65814	UP STOUR GOODS		Central
38031	UPTON	UPT	North West
82124	UPTON LOVELL		Wessex
64703	UPTON MAGNA		Wales
86978	UPWEY	UPW	Wessex
15705	URLAY NOOK CROSSOVER		North & East
33095	URMSTON	URM	North West
03018	USAN		Scotland
76118	USKMOUTH POWER STATION		Wales
43605	UTTOXETER	UTT	East Midlands
43608	UTTOXETER DOWN GOODS LOOP		East Midlands
43604	UTTOXETER ENGINEERS SDG		East Midlands
43607	UTTOXETER SIGNAL BOX		East Midlands
43606	UTTXTRPYD		East Midlands
52087	VALENCE ROAD		Anglia
00227	VALENCIA		High Speed
00757	VALENTON YARD		High Speed
00245	VALLADOLID		High Speed
40012	VALLEY	VAL	Wales
25806	VALLEY CENTERTAINMENT	VAE	North & East
40011	VALLEY NUCLEAR ELECTRIC		Wales
87214	VAUXHALL	VXH	Wessex
65640	VAUXHALL JN (WEST MIDS)		Central
00403	VELIM TEST TRACK		High Speed
43225	VIADUCT SIDINGS		West Coast South
87202	VICTORIA		Sussex
87197	VICTORIA (BALLAST)		Sussex
87196	VICTORIA C.H.S.	XVC	Sussex
87192	VICTORIA GROSVENOR ENT-EXT		Kent
52041	VICTORIA PARK JUNCTION		Anglia
87195	VICTORIA SIGNAL VS35		Kent
87191	VICTORIA SIGNAL VS45		Kent
87190	VICTORIA SIGNAL VS47		Kent
87194	VICTORIA SIG VS808		Kent
07423	VIEWPARK COLAS		Scotland
07421	VIEWPARK SDGS		Scotland
07422	VIEWPARK SDG UDNGSTN LAFRG		Scotland
87106	VIRGINIA WATER	VIR	Wessex
87022	VIRGINIA WATER SIGNAL 2217		Wessex
87112	VIRGINIA WATER SIGNAL F491		Wessex
31134	VITRIOL WORKS		North West
00335	VITTUONE-ARLUNO		High Speed
87208	VOLTAIRE ROAD JN.	XVJ	Kent
70343	WADDESDON MANOR		Central
87662	WADDON	WDO	Sussex
89392	WADHURST	WAD	Kent
89384	WADHURST NO 3 CROSSOVER		Kent
89388	WADHURST SIGNAL AD432D		Kent
89382	WADHURST SIG PE425		Kent
89381	WADHURST TUNNEL SOUTH		Kent
25371	WADSLEY BRIDGE RECP.	WBG	North & East
89387	WAHURST SIGNAL AD432		Kent
44225	WAINFLEET	WFL	East Midlands
18061	WAKEFIELD EAST JN		North & East
17197	WAKEFIELD EUROPORT		North & East
17198	WAKEFIELD EUROPORT C&W RFD		North & East
17201	WAKEFIELD EUROPORT FLINERS		North & East
17202	WAKEFIELD EUROPORT GBRF		North & East
17199	WAKEFIELD EUROTERMINAL GF		North & East
18058	WAKEFIELD KIRKGATE	WKK	North & East
18063	WAKEFIELD KIRKGATE GOODS LOOP		North & East
18057	WAKEFIELD KIRKGATE S&TE		North & East
18050	WAKEFIELD SIGNAL K1217		North & East
18049	WAKEFIELD SIGNAL K1219		North & East
18066	WAKEFIELD W. CAR COMPOUNDS		North & East
18067	WAKEFIELD WESTGATE	WKF	North & East
18056	WAKEFIELD WESTGATE SIG 249		North & East
18060	WAKEFIELD WESTGATE SOUTH JN		North & East
18059	WAKEFIELD WEST JN		North & East
18052	WAKEFIELD WEST SIG K1209		North & East
18051	WAKEFIELD WEST SIG K1211		North & East
35142	WALKDEN	WKD	North West
23504	WALKERINGHAM B.P.A.		North & East
38018	WALLASEY GROVE ROAD	WLG	North West
38016	WALLASEY VILLAGE	WLV	North West
86080	WALLERS ASH LOOP		Wessex
87663	WALLINGTON	WLT	Sussex
07142	WALLNEUK JUNCTION		Scotland
04809	WALLYFORD	WAF	Scotland
89467	WALMER	WAM	Kent
65553	WALSALL	WSL	Central
65554	WALSALL BROOK THROUGH SDG		Central
65555	WALSALL FREIGHT TERMINAL		Central
65557	WALSALL MID YD BLI CEMENT		Central
65558	WALSALL SIGNAL DR1362		Central
65550	WALSALL TAMPER SIDINGS		Central
65556	WALSALL TASKER ST PDC		Central
31039	WALSDEN	WDN	North West
51912	WALTHAM CROSS	WLC	Anglia
52733	WALTHAMSTOW CENTRAL	WHC	Anglia
51553	WALTHAMSTOW QUEENS ROAD	WMW	Anglia
36495	WALTON & ANFIELD		North West
36055	WALTON JN		North West
36029	WALTON (MERSEYSIDE)	WAO	North West
35552	WALTON OLD JN.		North West
35553	WALTON OLD JN M.S.C. SDGS		North West
35551	WALTON OLD JN YARD		North West
86004	WALTON-ON-THAMES	WAL	Wessex
50011	WALTON-ON-THE-NAZE	WON	Anglia
19035	WALTON STREET JN		North & East
07979	WAMPHRAY G.F.		Scotland
87016	WANBOROUGH	WAN	Wessex
87220	WANDSWORTH COMMON	WSW	Sussex
87207	WANDSWORTH ROAD	WWR	Kent
87275	WANDSWORTH ROAD SIG VS84		Sussex
87153	WANDSWORTH TOWN	WNT	Wessex
51545	WANSTEAD PARK	WNP	Anglia
74327	WANTAGE ROAD		Western
52090	WAPPING (ELL)	WPE	Private Railway
86342	WARBLINGTON	WBL	Wessex
09428	WARCOP		North West
13143	WARDLEY OPENCAST DP (FHH)		East Coast
13142	WARDLEY RJB MINING		East Coast
51707	WARE	WAR	Anglia
86964	WAREHAM	WRM	Wessex
86963	WAREHAM DOWN SIDING	XGA	Wessex
86960	WAREHAM SIG 17		Wessex
86966	WAREHAM SIGNAL WR22		Wessex
86946	WAREHAM SIG PW5242		Wessex
86962	WAREHAM UP SIDINGS		Wessex
74028	WARGRAVE	WGV	Western
82114	WARMINSTER	WMN	Western
82116	WARMINSTER MOD (ARMY) SDGS		Western
82120	WARMINSTER MOD  GBRF		Western
82113	WARMINSTER UP SIDING		Western
87939	WARNHAM	WNH	Sussex
35544	WARRCLPPM		North West
35512	WARRDALLN		North West
35524	WARRINGTN		North West
35547	WARRINGTN		North West
35560	WARRINGTN		North West
35545	WARRINGTON ARPLEY HOLE		North West
35557	WARRINGTON ARPLEY NACCO RDS 8,9,10		North West
35531	WARRINGTON BANK QUAY	WBQ	North West
36711	WARRINGTON CENTRAL	WAC	North West
36712	WARRINGTON CENTRAL CS		North West
35522	WARRINGTON C.E. SDGS		North West
35546	WARRINGTON FUELLING APRON		North West
35534	WARRINGTON LATCHFORD SDGS (DBS)		North West
35535	WARRINGTON LATCHFORD SDGS (FLHH)		North West
35507	WARRINGTON ROYAL MAIL (EW)		North West
35508	WARRINGTON ROYAL MAIL (GB)		North West
35554	WARRINGTON WALTN OLD J PPM PT		North West
35556	WARRINGTON WALTON OLD JN (FLHH)		North West
36713	WARRINGTON WEST	WAW	North West
35523	WARRNFOS		North West
35549	WARRTARPD		North West
35548	WARRTNARP		North West
35513	WARRTN DL		North West
35540	WARR YDS		North West
00402	WARSAW (POLAND)		High Speed
28115	WARSOP UP SDGS		North & East
66437	WARWICK	WRW	Central
69315	WARWICK PARKWAY	WRP	Central
66319	WASHWOOD HEATH C.C.E.		Central
66317	WASHWOOD HEATH CE SIDINGS		Central
66313	WASHWOOD HEATH DOWN SDGS		Central
66314	WASHWOOD HEATH EAST JN		Central
66308	WASHWOOD HEATH (HEARTLDS PK)		Central
66310	WASHWOOD HEATH LSRD26		Central
66315	WASHWOOD HEATH MET.CAMMEL	XXE	Central
66309	WASHWOOD HEATH PPM PT		Central
66316	WASHWOOD HEATH R.M.C.		Central
66318	WASHWOOD HEATH RMC GBRF		Central
66332	WASHWOOD HEATH UP GOODS LOOP		Central
66299	WASHWOOD HEATH UP SDG GBRF		Central
66312	WASHWOOD HEATH UP SIDINGS		Central
66311	WASHWOOD HEATH WEST JN		Central
83016	WATCHET	WCT	Private Railway
47051	WATERBEACH	WBC	Anglia
89325	WATERINGBURY	WTR	Kent
87210	WATERLOO (BALLAST)		Wessex
87211	WATERLOO C.H.S.	XWA	Wessex
72351	WATERLOO LUL	ZWA	Private Railway
36069	WATERLOO (MERSEYSIDE)	WLO	North West
87269	WATERLOO SIG 912		Wessex
87286	WATERLOO WEST CROSSINGS		Wessex
66291	WATER ORTON	WTO	Central
66292	WATER ORTON WEST JN		Central
08633	WATERSIDE		Scotland
80104	WATERSTON SDGS		Wales
33102	WATER STREET JN		North West
65812	WATERY LANE		Central
41133	WATERY RD		Wales
72002	WATFORD HIGH STREET	WFH	West Coast South
71044	WATFORD JN. C.S.		West Coast South
71040	WATFORD JUNCTION	WFJ	West Coast South
72000	WATFORD JUNCTION DC		West Coast South
70085	WATFORD LODGE (LONGBUCKBY)		West Coast South
71045	WATFORD LONDON CONCRETE GBRF		West Coast South
71046	WATFORD LONDON CON (FLHH)		West Coast South
71039	WATFORD NORTH	WFN	West Coast South
71042	WATFORD NORTH JN		West Coast South
71041	WATFORD SOUTH JCN		West Coast South
70375	WATFORD SOUTH JN_(MET)		The Chiltern Railway Co Ltd
71059	WATFORD STADIUM		West Coast South
71057	WATFORD WEST		West Coast South
71043	WATFORD YARD ( LDN CONCRETE)		West Coast South
09027	WATH		Scotland
46252	WATLINGTON	WTG	Anglia
46247	WATLINGTON SIG MR2		Anglia
01004	WATTEN		Scotland
53230	WATTON-AT-STONE	WAS	East Coast
78509	WAUN-GRON PARK	WNG	TfW Cardiff Valleys
36184	WAVERTREE JN		North West
36181	WAVERTREE P.C.D. (OOU)	XWT	North West
36599	WAVERTREE TECHNOLOGY PARK	WAV	North West
09224	WAVER VIADUCT		North West
26203	W.BURTON FLYASH SDGS		North & East
26202	W.BURTON MAINLINE C&W		North & East
11500	WCOASTRLY		North West
87257	WDON PK D NO.1 UCS		Wessex
73769	W DRAYTON HANSON AGG (FLH)		Western
31737	WEASTE		North West
31738	WEASTE TARMAC COLAS		North West
35591	WEAVER JN	XYJ	North West
35592	WEAVER JUNCTION UPL		North West
59259	WEAVER JUNCTION UPL		East Midlands
16222	WEAVERTHORPE LC		North & East
43305	WEDGWOOD	WED	West Coast South
70050	WEEDON	XWZ	West Coast South
50025	WEELEY	WEE	Anglia
17107	WEETON	WET	North & East
66526	WEIGHTS LANE JN		Central
28122	WELBECK COLLIERY		North & East
28125	WELBECK COLLIERY C&W		North & East
28123	WELBECK COLLIERY (FLHH)		North & East
28124	WELBECK COLLIERY (GBRF)		North & East
28121	WELBECK COLLIERY JN		North & East
28120	WELBECK COLLIERY RUN ROUND		North & East
53801	WELHAM GREEN	WMG	East Coast
88419	WELLING	WLI	Kent
61100	WELLINGBOROUGH	WEL	East Midlands
61103	WELLINGBOROUGH DOWN SIDING		East Midlands
61104	WELLINGBOROUGH DS GBRF		East Midlands
61091	WELLINGBOROUGH ENGS SDGS		East Midlands
61113	WELLINGBOROUGH NEILSON SDG		East Midlands
61106	WELLINGBOROUGH NORTH JN		East Midlands
61114	WELLINGBOROUGH SIG BK6069		East Midlands
61112	WELLINGBOROUGH SIG BK6070		East Midlands
61115	WELLINGBOROUGH SIG LR607		East Midlands
61098	WELLINGBOROUGH SI K6065		East Midlands
61109	WELLINGBOROUGH SOUTH JN		East Midlands
61111	WELLINGBOROUGH UP SIDING		East Midlands
61101	WELLINGBOROUGH UP T.C.		East Midlands
61108	WELLINGBOROUGH UP TC EXIT		East Midlands
61102	WELLINGBOROUGH UP TC GBRF		East Midlands
61107	WELLINGBOROUGH US GBRF RP		East Midlands
61099	WELLINGBRO' DN GOODS LOOP		East Midlands
61105	WELLINGBRO UP SDGS RP RD7		East Midlands
64813	WELLINGTON (SHROPSHIRE)	WLN	Central
83021	WELLINGTON (SOMERSET)		Western
83022	WELLINGTON SOMERSET XOVER		Western
89374	WELLS TUNNEL JN.		Kent
64304	WELSHPOOL	WLP	Wales
01120	WELSHS BRIDGE		Scotland
70042	WELTON		West Coast South
44046	WELTON B.P.		East Midlands
53401	WELWYN GARDEN CITY	WGC	East Coast
53225	WELWYN GARDEN CITY SG K185		East Coast
53404	WELWYN GARDEN CITY SIG K622		East Coast
53403	WELWYN G.C C.S.D.	XYW	East Coast
53405	WELWYN G.C. F.D.		East Coast
53402	WELWYN G.C. REV. SDGS.		East Coast
53406	WELWYN GDN CITY K167		East Coast
53400	WELWYN GDN CITY K168/169		East Coast
53407	WELWYN GDN CITY SIG K180		East Coast
53399	WELWYN GDN CITY SIG K184		East Coast
53229	WELWYN NORTH	WLW	East Coast
42231	WEM	WEM	Wales
72113	WEMBCSLHS		West Coast South
72217	WEMBLEY 781/783 & 756/758		West Coast South
72021	WEMBLEY CENTRAL	WMB	West Coast South
72020	WEMBLEY CENTRAL DC		West Coast South
72022	WEMBLEYCR		West Coast South
72116	WEMBLEY C SDGS LOROL		West Coast South
63008	WEMBLEY GCJ		Central
72023	WEMBLEY H.S.		West Coast South
72111	WEMBLEY INTER CITY DEPOT	XWF	West Coast South
63002	WEMBLEY LMD	XWY	Central
72117	WEMBLEY NY NO 1 ROAD		West Coast South
72118	WEMBLEY NY NO 2 ROAD		West Coast South
72119	WEMBLEY NY NO 3 ROAD		West Coast South
72120	WEMBLEY NY NO 4 ROAD		West Coast South
72121	WEMBLEY NY NO 5 ROAD		West Coast South
72122	WEMBLEY NY NO 6 ROAD		West Coast South
72123	WEMBLEY NY NO 7 ROAD		West Coast South
72024	WEMBLEY RECEPTIONS 1 TO 7		West Coast South
63007	WEMBLEY SIDING		Central
72030	WEMBLEY SIGNAL 829/931		West Coast South
72015	WEMBLEY SIGNALS WM827/829		West Coast South
72014	WEMBLEY SIGNALS WM929/931		West Coast South
63006	WEMBLEY STADIUM	WCX	Central
62998	WEMBLEY STADIUM SIDING		Central
72109	WEMBLEY TC CTR CS (FL)		West Coast South
72104	WEMBLEY TC WHEEL LATHE (FL)		West Coast South
72112	WEMBLEY TRAINCARE CENTRE CS		West Coast South
72102	WEMBLEY WHEEL LATHE		West Coast South
72026	WEMBLEY YARD  (NR)		West Coast South
72124	WEMBLEY YARD SIG 145		West Coast South
72125	WEMBLEY YARD SIG 190		West Coast South
72115	WEMBLEY YARD SOUTH JN.		West Coast South
72101	WEMBLYHRS		West Coast South
07001	WEMYSS BAY	WMS	Scotland
07007	WEMYSS BAY JN		Scotland
07003	WEMYSS BAY JN SIG 73		Scotland
70359	WENDOVER	WND	Central
11561	WENNINGTON	WNN	North West
51349	WENNINGTON CROSSOVER	XXU	High Speed
15905	WENSLEY (TEST)		Private Railway
48219	WENSUM JNUCTION		Anglia
77110	WENTLOOG (DRS)		Wales
77085	WENTLOOG (FREIGHTLINERS)		Wales
77083	WENTLOOG FRHT TRMNAL (EWS)		Wales
77081	WENTLOOG GBRF		Wales
77079	WENTLOOG SIG C602		Wales
45018	WERRINGTON JN		East Midlands
45017	WERRINGTON JUNCTION P500		East Midlands
36187	WEST ALLERTON	WSA	North West
12233	WEST BLYTH RECP.		North & East
72282	WESTBOURNE PARK CS		Private Railway
72262	WESTBOURNE PARK (GBRF)		Western
73823	WESTBOURNE ROAD JN		Anglia
72243	WEST BROMPTON	WBP	Sussex
82097	WESTBRYDY		Western
82088	WESTBRYLF		Western
82090	WESTBRYLF		Western
82096	WESTBRYVQ		Western
26195	WEST BURTON EAST JUNCTION		North & East
26199	WEST BURTON (GBRF) C&W		North & East
26201	WEST BURTON POWER STATION		North & East
26196	WEST BURTON PS (COLAS)		North & East
26200	WEST BURTON PS (FHH)		North & East
26206	WEST BURTON PS (GBRF)		North & East
26205	WEST BURTON RUGBY ASH		North & East
26204	WEST BURTON WEST JN.		North & East
82101	WESTBURY	WSB	Western
82230	WESTBURY		NONE
82087	WESTBURY CEMENT SIDINGS		Western
82091	WESTBURY CEMENT WORKS EWS		Western
82102	WESTBURY DMU SIDINGS		Western
82082	WESTBURY DOWN RECEP		Western
82100	WESTBURY DOWN T.C.		Western
82111	WESTBURY DOWN TC GBRF		Western
82104	WESTBURY DOWN TC HEADSHUNT		Western
82103	WESTBURY DOWN TROWBRIDGE SDG		Western
82106	WESTBURY GROUND POS W732		Western
82108	WESTBURY GROUND SIG 707		Western
82109	WESTBURY GROUND SIG 722		Western
82107	WESTBURY GROUND SIGNAL 753		Western
82098	WESTBURY ISU (CE)		Western
64301	WESTBURY L C (SALOP)		Wales
82099	WESTBURY L.I.P.		Western
64298	WESTBURY (SALOP) DOWN		Wales
64296	WESTBURY (SALOP) UP		Wales
82083	WESTBURY SIGNAL W105		Western
82110	WESTBURY SIGNAL W699		Western
82089	WESTBURY TARMAC		Western
82084	WESTBURY TARMAC COLAS		Western
82095	WESTBURY UP RECP		Western
82081	WESTBURY UP T.C		Western
82112	WESTBURY UP TC GBRF		Western
82093	WESTBURYY		Western
82094	WESTBURYY		Western
82240	WESTBYAGG		Western
86023	WEST BYFLEET	WBY	Wessex
04101	WEST CALDER	WCL	Scotland
04099	WEST CALDER DN REFUGE SDG		Scotland
04100	WEST CALDER SIG EJ994		Scotland
38382	WEST CHESHIRE JN		North West
51009	WESTCLIFF	WCF	Anglia
88437	WESTCOMBE PARK	WCB	Kent
87651	WEST CROYDON	WCY	Sussex
87650	WEST CROYDON SIGNAL T1041		Sussex
87649	WEST CROYDON SIG T1048		Sussex
87652	WEST CROYDON TURNBACK		Sussex
73780	WEST DRAYTON	WDT	Western
73781	WEST DRAYTON A.R.C.		Western
73782	WEST DRAYTON EAST		Western
73808	WEST DRAYTON FRAYS SIDINGS		Western
73779	WEST DRAYTON JCN		Western
73783	WEST DRAYTON T.C.		Western
73798	WEST DRAYTON TC GBRF		Western
73794	WEST DRAYTON UP GOODS LOOP		Western
88273	WEST DULWICH	WDU	Kent
73255	WEST EALING	WEA	Western
73259	WEST EALING EMU SIDINGS		Western
73256	WEST EALING ISU (CE)		Western
73258	WEST EALING JUNCTION		Western
73254	WEST EALING LOOP		Western
73257	WEST EALING PLASSER SDGS		Western
89743	WESTENHANGER	WHA	Kent
89574	WESTENHANGER CROSSOVERS	XXX	High Speed
49151	WESTERFIELD	WFI	Anglia
04116	WESTER HAILES	WTA	Scotland
81106	WESTERLEIGH ISU (CE)		Western
81107	WESTERLEIGH JN		Western
81105	WESTERLEIGH PUMA		Western
81123	WESTERLEIGH PUMA GBRF		Western
89028	WESTERN JN (SITTINGBOURNE)		Kent
06221	WESTERTON	WES	Scotland
06307	WESTERTON JN SIG YH536		Scotland
06308	WESTERTON SIG YH533		Scotland
06309	WESTERTON SIG YH534		Scotland
03246	WESTFIELD OPENCAST		Scotland
89478	WESTGATE-ON-SEA	WGA	Kent
52702	WEST HAM	WEH	Anglia
52249	WEST HAM LOW LEVEL		NONE
52250	WEST HAM LT	ZWZ	NONE
72416	WEST HAMPSTEAD	WHD	Anglia
63454	WEST HAMPSTEAD DCL		East Midlands
63452	WEST HAMPSTEAD NORTH JN.		East Midlands
62007	WEST HAMPSTEAD SIGNAL 467		East Midlands
62018	WEST HAMPSTEAD SIGNAL 599		East Midlands
62019	WEST HAMPSTEAD SIGNAL 601		East Midlands
63449	WEST HAMPSTEAD SOUTH JN		East Midlands
63451	WEST HAMPSTEAD THAMESLINK	WHP	East Midlands
44030	WEST HOLMES JN		East Midlands
51305	WEST HORNDON	WHR	Anglia
25828	WESTHORPE (BEIGHTON) S1028		North & East
25829	WESTHORPE (BEIGHTON) S1029		North & East
25830	WESTHORPE (BEIGHTON) S1030		North & East
25832	WESTHORPE (BEIGHTON) S1033		North & East
25833	WESTHORPE (BEIGHTON) S1034		North & East
35125	WESTHOUGHTON	WHG	North West
31641	WESTHOUGHTON METAL BOX		North West
08202	WEST KILBRIDE	WKB	Scotland
38001	WEST KIRBY	WKI	North West
38003	WEST KIRBY SIDING NO 2		North West
38002	WEST KIRBY SIGNAL 597		North West
87217	WEST LONDON JN		Wessex
89410	WEST MALLING	WMA	Kent
87622	WEST NORWOOD	WNW	Sussex
87630	WEST NORWOOD JN		Sussex
81909	WESTON MILTON	WNM	Western
41409	WESTON RHYN		Wales
81911	WESTON-SUPER-MARE	WSM	Western
19039	WEST PARADE NORTH JN		North & East
81104	WESTRLEIGH A.C.C. R.T.S.		Western
73425	WEST RUISLIP	WRU	Central
73453	WEST RUISLIP HS2 GBRF		Central
73452	WEST RUISLIP HS2 TERMINAL		Central
73426	WEST RUISLIP ISU (CE)		Central
73424	WEST RUISLIP L.U.L. DEPOT		Central
73423	WEST RUISLIP LUL DEPOT (GBRF)		Central
73428	WEST RUISLIP SIGNAL ME579		Central
73427	WEST RUISLIP SIGNAL ME594		Central
48006	WEST RUNTON	WRN	Anglia
12239	WEST SLEEKBURN JUNCTION		North & East
88279	WEST ST LEONARDS	WLD	Kent
87673	WEST SUTTON	WSU	Sussex
25835	WESTTHORPE RUN ROUND		North & East
25836	WESTTHORPE RUN ROUND (FHH)		North & East
51320	WEST THURROCK HEADSHUNT		Anglia
51321	WEST THURROCK JN		Anglia
51323	WEST THURROCK SDGS (EWS)		Anglia
51322	WEST THURROCK SDGS (FLHH)		Anglia
51324	WEST THURROCK SIDINGS GBRF		Anglia
88327	WEST WICKHAM	WWI	Kent
88111	WEST WORTHING	WWO	Sussex
88112	WEST WORTHING SHED		Sussex
88113	WEST WORTHING SHED	XWW	Sussex
73506	WEST WYCOMBE		Central
13299	WETHERAL	WRL	North & East
86005	WEYBRIDGE	WYB	Wessex
86007	WEYBRIDGE SIG.WK1102		Wessex
86981	WEYMOUTH	#MULTIVALUE	Wessex
86982	WEYMOUTH JERSEY SIDING	XGB	Wessex
86988	WEYMOUTH JN		Wessex
86987	WEYMOUTH JUBILEE SDG		Wessex
86983	WEYMOUTH QUAY	WYQ	Wessex
86989	WEYMOUTH SIG DR 194		Wessex
32546	WHALEY BRIDGE	WBR	North West
29144	WHALLEY	WHE	North West
63990	W HAMPSTD		East Midlands
82203	WHATLEY Q		Western
82202	WHATLEY QUARRY		Western
82201	WHATLEY QUARRY F LINER HH		Western
82210	WHATLEY QUARRY GBRF		Western
88210	WHATLEY QUARRY GBRF		Sussex
82211	WHATLEY TMD		Western
82212	WHATLEY TMD (FHH)		Western
57011	WHATSTANDWELL	WTS	East Midlands
52747	WHELER STREET JN		Private Railway
07337	WHIFFLET		Scotland
07342	WHIFFLET	WFF	Scotland
07346	WHIFFLET LOOP		Scotland
07340	WHIFFLET NORTH JN		Scotland
07344	WHIFFLET SOUTH JN		Scotland
83460	WHIMPLE	WHM	Wessex
07006	WHINHILL	WNL	Scotland
59130	WHISSENDINE L.C.		East Midlands
35437	WHISTON	WHN	North West
66213	WHITACRE DOWN ARLEY LOOP		Central
66211	WHITACRE JN	XQW	Central
66212	WHITACRE TAMPER SIDINGS		Central
11208	WHITBECK		North West
15531	WHITBY	WTB	North & East
78383	WHITCHURCH (CARDIFF)	WHT	TfW Cardiff Valleys
86071	WHITCHURCH (HANTS)	WCH	Wessex
42221	WHITCHURCH (SALOP)	WTC	Wales
83028	WHITEBALL		Western
52085	WHITECHAPEL CROSSRAIL	WHX	Private Railway
52084	WHITECHAPEL (ELL)	ZLW	Private Railway
07563	WHITECRAIGS	WCR	Scotland
17135	WHITEHALL JN		North & East
17142	WHITEHALL ROAD GF		North & East
51951	WHITE HART LANE	WHL	Anglia
10101	WHITEHAVEN	WTH	North West
43324	WHITEHOUSE JN		West Coast South
15619	WHITEHOUSE JN.(TEESSIDE)		North & East
73504	WHITEHOUSE TUNNEL		Central
46202	WHITEMOOR L.D.C EWS		Anglia
46203	WHITEMOOR REPAIR PT GBRF		Anglia
46201	WHITEMOOR YARD GBRF		Anglia
46200	WHITEMOOR YARD L.D.C GBRF		Anglia
50208	WHITE NOTLEY	WNY	Anglia
82242	WHITES CROSSING SDG		Western
80303	WHITLAND	WTL	Wales
80302	WHITLAND DOWN SIDINGS		Wales
80304	WHITLAND SIG W34		Wales
18008	WHITLEY BRIDGE	WBD	North & East
48218	WHITLINGHAM JN	XWH	Anglia
66444	WHITLOCKS END	WTE	Central
66448	WHITLOCKS END SIG TB1473		Central
42309	WHITMORE		West Coast South
46137	WHITSEADS		Anglia
89489	WHITSTABLE	WHI	Kent
89490	WHITSTABLE LON END XOVER		Kent
64119	WHITTINGTON		Wales
64121	WHITTINGTON OIL DEPOT		Wales
46138	WHITTLESEA	WLE	Anglia
47322	WHITTLESFORD DGL		Anglia
47303	WHITTLESFORD PARKWAY	WLF	Anglia
47301	WHITTLESFORD RECP.		Anglia
47232	WHITTLESFORD SIG CA540		Anglia
87126	WHITTON	WTN	Wessex
87125	WHITTON JN		Wessex
26247	WHITWELL	WWL	North & East
16909	WHITWOOD JN		North & East
87811	WHYTELEAFE	WHY	Sussex
87812	WHYTELEAFE SOUTH	WHS	Sussex
66009	WICHNOR JN	XWE	East Midlands
66008	WICHNOR JN SIGNAL DY78		East Midlands
01005	WICK	WCK	Scotland
44044	WICKENBY S.B.		East Midlands
50324	WICKFORD	WIC	Anglia
50325	WICKFORD DOWN SIDING		Anglia
50322	WICKFORD SIGNAL 5150		Anglia
50323	WICKFORD UP SIDING		Anglia
01029	WICK GF		Scotland
49119	WICKHAM MARKET	WCM	Anglia
01006	WICK SDG ISU CE		Scotland
81097	WICKWAR TUNNEL		Western
12119	WIDDRINGTON	WDD	East Coast
12118	WIDDRINGTON OPENCAST		East Coast
12120	WIDDRINGTON OPENCAST (GBRF)		East Coast
36705	WIDNES	WID	North West
35613	WIDNES CARTERHOUSE JN S.B.		North West
35611	WIDNES P.S. WORKS (ZENECA)		North West
35625	WIDNES TANHOUSE		North West
35627	WIDNES TANHOUSE LN(BLUE C)		North West
35626	WIDNES TANHOUSE LN(TARMAC)		North West
36707	WIDNES TRANSPORT TECH		North West
66462	WIDNEY MANOR	WMR	Central
00135	WIEN NORDWESTBAHNHOF		High Speed
30168	WIGAN BOARS HEAD G.F.		North West
35138	WIGAN CANAL SIDINGS		North West
35150	WIGAN L.I.P.	XWM	North West
35135	WIGAN NORTH JN		North West
35136	WIGAN NORTH WESTERN	WGN	North West
35137	WIGAN SOUTH JN		North West
35114	WIGAN STATION JN		North West
35111	WIGAN WALLGATE	WGW	North West
35108	WIGAN WALLGATE DN CARR SDG		North West
35112	WIGAN WALLGATE JN SIG 211		North West
35105	WIGAN WALLGATE SIGNAL BOX		North West
35107	WIGAN WALLGATE UP C.S.	XWG	North West
59321	WIGSTON NORTH JN		East Midlands
59323	WIGSTON SOUTH JN		East Midlands
09221	WIGTON	WGT	North West
09222	WIGTON		North West
79807	WILDMILL	WMI	Wales
72222	WILESDNET		West Coast South
42173	WILLASTON L.C.		North West
72214	WILLESDEN BLI TERMINAL		West Coast South
72212	WILLESDEN BRENT DRS		West Coast South
72213	WILLESDEN BRENT SDGS (FL)		West Coast South
72210	WILLESDEN BRENT SDGS GBRF		West Coast South
72230	WILLESDEN BRENT SIDINGS		West Coast South
72218	WILLESDEN BRENT U&D GOODS2		West Coast South
72204	WILLESDEN DC RAIL SDGS		West Coast South
72223	WILLESDEN EUROTERMINAL		West Coast South
72205	WILLESDEN EURO TERMINAL GBRF		West Coast South
72206	WILLESDEN FERROUS FRAG GBRF		West Coast South
72234	WILLESDEN FERROUS FRAG SDG		West Coast South
72227	WILLESDEN 'F' SIDINGS		West Coast South
72275	WILLESDEN JN. HIGH LEVEL	WJH	Anglia
72274	WILLESDEN JN.H.L.JN		Anglia
72269	WILLESDEN JN HL SIG NL 1048		Anglia
72276	WILLESDEN JN HL TURNBACK		Anglia
72280	WILLESDEN JN LL DN EMU C-O		West Coast South
72281	WILLESDEN JN LL UP EMU C-O		West Coast South
72277	WILLESDEN JN LOW LEVEL	WJL	West Coast South
72279	WILLESDEN JN LOW LEVEL WS301		West Coast South
72278	WILLESDEN LOW LEVEL SIG WS303		West Coast South
72236	WILLESDEN NO7	XXW	West Coast South
72216	WILLESDEN NORTH JUNCTION		West Coast South
72208	WILLESDEN OLD OAK SDGS (GBRF)		West Coast South
72226	WILLESDEN OLD OAK SIDINGS		West Coast South
72207	WILLESDEN OOC REPAIR POINT		West Coast South
72232	WILLESDEN PRDC	XRN	West Coast South
72231	WILLESDEN PRDC (GBRF)		West Coast South
72215	WILLESDEN RAILNET JN		West Coast South
72203	WILLESDEN RAILNET OTM SDGS		West Coast South
72233	WILLESDEN RAILNET RECEPTN		West Coast South
72287	WILLESDEN SIGNAL WM337		West Coast South
72028	WILLESDEN SIGS WM830 / WM934		West Coast South
72258	WILLESDEN SIG WM811		Anglia
72229	WILLESDEN SUDBURY JN		West Coast South
72291	WILLESDEN SW GOODS LINES		West Coast South
72225	WILLESDEN S.W.S.	XWS	West Coast South
72271	WILLESDEN T.M.D		West Coast South
72286	WILLESDEN TMD 724		West Coast South
72285	WILLESDEN TMD 725		West Coast South
72288	WILLESDEN UP AND DOWN GOODS		West Coast South
72289	WILLESDEN UP AND DOWN RELIEF		West Coast South
72268	WILLESDEN WEST LONDN JN	XWI	West Coast South
07565	WILLIAMWOOD	WLM	Scotland
88249	WILLINGDON JN	XIL	Sussex
57604	WILLINGTON	WIL	East Midlands
66452	WILMCOTE	WMC	Central
32568	WILMSLOW	WML	North West
32570	WILMSLOW D.G.L.		North West
32567	WILMSLOW DOWN REV SDG		North West
32569	WILMSLOW UP SIDING		North West
66003	WILNECOTE	WNE	Central
72228	WILSDEN		West Coast South
72221	WILSDN		West Coast South
72219	WILSDNIRT		West Coast South
72270	WILSDNNO6		West Coast South
72220	WILSDN RS		West Coast South
72224	WILSDN YD		West Coast South
86137	WILTON		Wessex
15646	WILTON C.H.P.		North & East
15665	WILTON EFW TERMINAL		North & East
15649	WILTON F.L.T.		North & East
15659	WILTON FREIGHTLINER C&W		North & East
15648	WILTON I.C.I.		North & East
86135	WILTON JN		Wessex
86136	WILTON JN SIG SY7		Wessex
86156	WILTON JUNCTION G.F		Wessex
15647	WILTON MARCROFT ENG.		North & East
70045	WILTON MARINA		West Coast South
15650	WILTON POWER STATION (FHH)		North & East
15660	WILTON POWER STATION GBRF		North & East
86132	WILTON SOUTH		Wessex
87261	WIMBLEDON	#MULTIVALUE	Wessex
87263	WIMBLEDON		Wessex
87323	WIMBLEDON CHASE	WBO	Sussex
87252	WIMBLEDON E.M.U.D.		Wessex
87259	WIMBLEDON L.U.L.		Wessex
87251	WIMBLEDON PARK	WPK	Wessex
87260	WIMBLEDON PARK CSD	XWP	Wessex
87267	WIMBLEDON PARK DEPOT SDGS		Wessex
87266	WIMBLEDON SIGNAL W1101		Wessex
87265	WIMBLEDON SIGNAL W1105		Wessex
87262	WIMBLEDON WEST JN		Wessex
05125	WINCHBURGH JN		Scotland
05126	WINCHBURGH JN SIG EW947		Scotland
88297	WINCHELSEA	WSE	Kent
86083	WINCHESTER	WIN	Wessex
86079	WINCHESTER BALTIC SIDING	XGC	Wessex
86047	WINCHFIELD	WNF	Wessex
86024	WINCHFIELD COUNTRY END		Wessex
86018	WINCHFIELD LONDON END		Wessex
86139	WINCHFIELD SIG BE5102		Wessex
86057	WINCHFIELD SIGNAL BE5103		Wessex
53305	WINCHMORE HILL	WIH	East Coast
25319	WINCOBANK JN.		North & East
11001	WINDERMERE	WDM	North West
87772	WINDMILL BDG JN SIG T1068		Wessex
87700	WINDMILL BRIDGE JN		Sussex
73824	WINDSOR & ETON CENTRAL	WNC	Western
87111	WINDSOR & ETON RIVERSIDE	WNR	Wessex
86974	WINFRITH SDGS		Wessex
57001	WINGFIELD		East Midlands
37121	WININGTON		North West
87003	WINNERSH	WNS	Wessex
87001	WINNERSH TRIANGLE	WTI	Wessex
12240	WINNING CROSSING JUNCTION		North & East
37011	WINSFORD	WSF	North West
37009	WINSFORD S.B.		North West
37010	WINSFORD U&D PASS LOOP		North West
18075	WINTERSET		North & East
18072	WINTERSETT		North & East
18073	WINTERSETT OPENCAST (FLHH)		North & East
35505	WINWICK JN		North West
57121	WIRKSWRTH		East Midlands
46152	WISBCHMTL		Anglia
46150	WISBECH		Anglia
46151	WISBECH EAST		Anglia
07945	WISHAW	WSH	Scotland
07943	WISHAW CENTRAL JN		Scotland
66214	WISHAW (DUNTON PARK)		Central
82128	WISHFORD		Wessex
50211	WITHAM	WTM	Anglia
50212	WITHAM DOWN LOOP		Anglia
50214	WITHAM SIGNAL L763		Anglia
50213	WITHAM UP LOOP		Anglia
50215	WITHAM UP TAMPER SDG		Anglia
87061	WITLEY	WTY	Wessex
65663	WITTON	WTT	Central
65662	WITTON YD		Central
87969	WIVELSFIELD	WVF	Sussex
50028	WIVENHOE	WIV	Anglia
18062	WKFLD K. WHITHAMS COBRA		North & East
18065	WKFLD PRISON SDGS		North & East
10036	WKGTONDKS		North West
10041	WKGTON FD		North West
10056	WKGTONYRP		North West
57122	WKSWRTHQY		East Midlands
72025	WMBLY CHS		West Coast South
72029	WMBLY CPL		West Coast South
62053	WOBURN SANDS	WOB	West Coast South
00766	WOIPPY		High Speed
86031	WOKING	WOK	Wessex
86037	WOKING C.H.S.	#MULTIVALUE	Wessex
86030	WOKING DOWN RECP	XWQ	Wessex
86036	WOKING DOWN YARD		Wessex
86205	WOKING DOWN YARD (FLHH)		Wessex
86038	WOKING EAST END SDG	XGE	Wessex
87004	WOKINGHAM	WKM	Wessex
87007	WOKINGHAM SIGNALS 14 AND 15		Wessex
87174	WOKINGHAM SIGNAL WK1104		Wessex
87005	WOKINGHAM SIGNAL WM15	XGG	Wessex
86013	WOKINGHAM SIGNAL WM502		Wessex
86040	WOKING JN		Wessex
86026	WOKING SIG 1212		Wessex
86028	WOKING SIGNAL WK1201		Wessex
86034	WOKING SIGNAL WK506		Wessex
86029	WOKING SIGNAL WK610		Wessex
86027	WOKING SIG WK1208		Wessex
86039	WOKING SIG WK1218		Wessex
86025	WOKING SIG WK1220		Wessex
86019	WOKING SIG WK608		Wessex
86035	WOKING UP YARD		Wessex
86033	WOKING UP YARD RECP.		Wessex
86032	WOKNGP&MD		Wessex
87746	WOLDINGHAM	WOH	Sussex
87747	WOLDINGHAM GROUND FRAME		Sussex
15828	WOLSINGHAM COAL HANDLING PLANT		North & East
74449	WOLVERCOTE JN		Western
65084	WOLVERHAMPTN HEATH TOWN_JN		Central
65043	WOLVERHAMPTON	WVH	Central
65051	WOLVERHAMPTON CRANE STREET		Central
65042	WOLVERHAMPTON CS		Central
65041	WOLVERHAMPTON NORTH JN		Central
65047	WOLVERHAMPTON SIG 66		Central
65052	WOLVERHAMPTON SIG 74		Central
65055	WOLVERHAMPTON SIG BW1273		Central
65048	WOLVERHAMPTON SIGNAL 118		Central
65049	WOLVERHAMPTON SIG WN106		Central
65046	WOLVERHAMPTON SIG WN71		Central
65053	WOLVERHAMPTON SIG WS1294		Central
65054	WOLVERHAMPTON SIG WS1300		Central
65050	WOLVERHAMPTON STEEL TERM		Central
70215	WOLVERTON	WOL	West Coast South
70217	WOLVERTON CENTRE SIDINGS		West Coast South
70213	WOLVERTON LAFARGE REDLAND		West Coast South
70218	WOLVERTON SIGNAL KR1495		West Coast South
70216	WOLVERTON SIGNAL KR1498		West Coast South
70211	WOLVERTON WORKS	XGH	West Coast South
65045	WOLVESCSJ		Central
25309	WOMBWELL	WOM	North & East
74821	WOODBOROUGH		Western
74819	WOODBOROUGH SIGNAL TR500		Western
74820	WOODBOROUGH UP SIDINGS		Western
49124	WOODBRIDGE	WDB	Anglia
25801	WOODBURN JN		North & East
25802	WOODBURN JN SIGNAL W402		North & East
25803	WOODBURN ROAD	WOD	North & East
66458	WOOD END	WDE	Central
26254	WOODEND JN		North & East
66465	WOOD END SIG TB3478		Central
12113	WOODEN GATE JN.		East Coast
51541	WOODGRANGE PARK	WGR	Anglia
51542	WOODGRANGE PARK SIG L920		Anglia
54199	WOOD GREEN SIG K448		East Coast
07129	WOODHALL	WDL	Scotland
25824	WOODHOUSE	WDH	North & East
25823	WOODHOUSE JN		North & East
25821	WOODHOUSE JN SDGS (DBS)		North & East
25822	WOODHOUSE JUNC SDGS (FHH)		North & East
17189	WOODLESFORD	WDS	North & East
32218	WOODLEY	WLY	North West
87711	WOODMANSTERNE	WME	Sussex
88323	WOODSIDE		Kent
32539	WOODSMOOR	WSR	North West
74425	WOODSTOCK ROAD JN		Western
52729	WOOD STREET	WST	Anglia
76374	WOOFFERTON		Wales
86971	WOOL	WOO	Wessex
76073	WOOLASTON (LYDNEY)		Wales
56552	WOOLLATON		East Midlands
18404	WOOLLEY COAL SDGS S.B.		North & East
18403	WOOLLEY WEST SIDE MED		North & East
53231	WOOLMER GREEN JN.	XGN	East Coast
53238	WOOLMER GREEN SIG K630		East Coast
86970	WOOL MOD SDG FLHH		Wessex
86972	WOOL MOD SIDING		Wessex
86984	WOOL MOD SIDNG GBRF		Wessex
86947	WOOL SIG PW5255		Wessex
86948	WOOL SIG PW5264		Wessex
86949	WOOL SIG PW5659		Wessex
86986	WOOL SIG S1		Wessex
86215	WOOLSTON	WLS	Wessex
86217	WOOLSTON EMER TRAIL XOVER		Wessex
88528	WOOLWICH	WWC	Private Railway
88517	WOOLWICH ARSENAL	WWA	Kent
88516	WOOLWICH DOCKYARD	WWD	Kent
75243	WOOTTON BASSETT F.Y.		Western
75244	WOOTTON BASSETT F.Y. (FLHH)		Western
75241	WOOTTON BASSETT GROUND FRAME		Western
75242	WOOTTON BASSETT JN		Western
66456	WOOTTON WAWEN	WWW	Central
67126	WORCESTER BACK ROAD		Central
67195	WORCESTER FOREGATE STREET	WOF	Central
67129	WORCESTER HEREFORD SIDINGS		Central
67119	WORCESTER ISU (CE)		Central
67115	WORCESTER L.M.D.	XWR	Central
67125	WORCESTER METAL BOX		Central
67123	WORCESTER MIDDLE SDG		Central
67124	WORCESTER MIDDLE SDG HEADSHUNT		Central
87302	WORCESTER PARK	WCP	Wessex
87305	WORCESTER PARK NO 2 CROSSOVER		Wessex
87306	WORCESTERSHIRE PARKWAY		Central
67113	WORCESTERSHIRE PARKWAY HL	WPH	Central
67114	WORCESTERSHIRE PARKWAY LL	WOP	Central
67117	WORCESTER S.H. LONG SDG		Central
67116	WORCESTER SHRUB HILL	WOS	Central
67118	WORCESTER SHRUB HILL SIG 52		Central
67122	WORCESTER SHRUB HILL SIG SH59		Central
67131	WORCESTER SIG 54		Central
67128	WORCESTER SIG 67		Central
67130	WORCESTER SIG TJ34		Central
67120	WORCESTER T.C.		Central
67112	WORCESTER TUNNEL JN SIG TJ58		Central
67121	WORCESTER WYLDE LANE JN		Central
86965	WORGRET JN		Wessex
10050	WORKINGTON	WKG	North West
10039	WORKINGTON DERWENT JN		North West
10035	WORKINGTON DOCKS (CCC)		North West
10033	WORKINGTON DOCKS (DRS)		North West
10037	WORKINGTON DOCKS (FLR)		North West
10034	WORKINGTON DOCKS RP		North West
10043	WORKINGTON H.S.		North West
10051	WORKINGTON MAIN NO.2 SB		North West
10049	WORKINGTON NORTH STN		North West
10055	WORKINGTON S.S.		North West
26222	WORKSOP	WRK	North & East
26230	WORKSOP DOWN RECEPTION		North & East
26238	WORKSOP DOWN YARD		North & East
26223	WORKSOP EAST JN		North & East
26221	WORKSOP EAST S.B.		North & East
26225	WORKSOP F.D.		North & East
26224	WORKSOP FD DAVIS & SON		North & East
26231	WORKSOP LOCO HOLDING SDG		North & East
26233	WORKSOP RECEPTION (GBRF)		North & East
26226	WORKSOP ROCKWARE GLASS		North & East
26237	WORKSOP SIGNAL WP621		North & East
26236	WORKSOP UP RECEPTIONS		North & East
26235	WORKSOP UP YARD		North & East
26228	WORKSOP W.R.D.		North & East
26232	WORKSPLHS		North & East
81906	WORLE	WOR	Western
81907	WORLE JN		Western
87045	WORPLESDON	WPL	Wessex
48016	WORSTEAD	WRT	Anglia
87995	WORTHING	WRH	Sussex
87999	WORTHING SIGNAL LG201		Sussex
86069	WORTING JN		Wessex
18659	WORTLEY WEST CROSSOVER		North & East
49321	WRABNESS	WRB	Anglia
21425	WRAWBY JN		North & East
87108	WRAYSBURY	WRY	Wessex
42211	WRENBURY	WRE	Wales
18079	WRENTHORPE GBRF		North & East
18070	WRENTHORPE RECEPTION		North & East
18078	WRENTHORPE RP GBRF		North & East
19224	WRESSLE	WRS	North & East
41111	WREXHAM CENTRAL	WXC	Wales
41129	WREXHAM EXCHANGE JN		Wales
41130	WREXHAM GENERAL	WRX	Wales
41128	WREXHAM NORTH		Wales
26229	WRKSPUY14		North & East
48029	WROXHAM RECP.		Anglia
51314	WTHURROCK		Anglia
51315	WTHURROCK		Anglia
65039	WVRMPTN STAFFORD ROAD JN		Central
89441	WYE	WYE	Kent
76077	WYE VALLEY JN G.F.		Wales
13327	WYLAM	WYM	North & East
65604	WYLDE GREEN	WYL	Central
82119	WYLYE AHB		Wessex
82117	WYLYE GROUND FRAME		Western
61131	WYMINGTON TUNNEL		East Midlands
48425	WYMONDHAM	WMD	Anglia
48502	WYMONDHAM CO877		Anglia
48503	WYMONDHAM CO878		Anglia
48423	WYMONDHAM FHH		Anglia
48426	WYMONDHAM LANE		Anglia
48424	WYMONDHAM SIDINGS		Anglia
48428	WYMONDHAM SIG W32		Anglia
48422	WYMONDHAM SIG W35		Anglia
11726	WYRE VIADUCT		North West
66446	WYTHALL	WYT	Central
89327	YALDING	YAL	Kent
66443	YARDLEY WOOD	YRD	Central
81095	YARE SIGNAL 6568		Western
15876	YARM	YRM	East Coast
48054	YARMOUTH C.H.S.	XYA	Anglia
42305	YARNFIELD JN		West Coast South
45140	YARWELL MILL (NENE VALLEY)		East Coast
81103	YATE	YAE	Western
81098	YATE MIDDLE		Western
81100	YATE MIDDLE		Western
81096	YATE SIGNAL 607		Western
81102	YATE SOUTH		Western
81905	YATTON	YAT	Western
81902	YATTON GROUND FRAME		Western
81904	YATTON LOOP		Western
83319	YEOFORD	YEO	Western
82344	YEOVIL JN COAL DEPOT		Wessex
82349	YEOVIL JN DOWN SDGS NOS. 1 & 2		Wessex
82346	YEOVIL JUNC SIGNAL 4721		Wessex
82347	YEOVIL JUNC SIGNAL 4723		Wessex
82345	YEOVIL JUNC SIGNAL 4753		Wessex
82341	YEOVIL JUNCTION	#MULTIVALUE	Wessex
82343	YEOVIL JUNCTION SIDINGS		Wessex
82342	YEOVIL JUNCTION SIG YJ25		Wessex
82311	YEOVIL PEN MILL	YVP	Wessex
82312	YEOVIL PEN MILL (DBC)		Wessex
82330	YEOVIL PEN MILL SIG64		Wessex
82314	YETMINSTER	YET	Wessex
64602	YNYSLAS		Wales
78002	YNYSWEN	YNW	TfW Cardiff Valleys
64299	YOCKLETON		Wales
06347	YOKER	YOK	Scotland
06349	YOKER C.S.	XYD	Scotland
16416	YORK	YRK	East Coast
16438	YORKCOMPD		East Coast
16436	YORK CONCRETE YD ISU (CE)		East Coast
16413	YORK DMUD - SIEMENS	XYK	East Coast
16425	YORK ENGINEERS TRIANGLE		East Coast
16431	YORK ENGINEERS YARD		East Coast
16412	YORK EWS STABLING POINT		East Coast
16414	YORK FUELLING POINT		East Coast
16443	YORK GR SHED		East Coast
16452	YORK HOLGATE COLAS		East Coast
16446	YORK HOLGATE JCN		East Coast
16448	YORK HOLGATE SIDING (FLHH)		East Coast
16449	YORK HOLGATE SIDING (GBRF)		East Coast
16447	YORK HOLGATE SIDINGS		East Coast
16435	YORK LEEMAN ROAD SDGS (DCR)		East Coast
16439	YORKLEERD		East Coast
16409	YORK N.R.M.		East Coast
16427	YORK PARCEL SPUR		East Coast
16426	YORK PARCELS SIDINGS		East Coast
16442	YORK R.S. (UP RECP.)		East Coast
16415	YORK SCARBOROUGH BRIDGE JN		East Coast
16454	YORK SIG Y623		East Coast
16453	YORK SIG Y656		East Coast
16428	YORK SKELTON OTM SIDINGS		East Coast
16429	YORK THRALL EUROPA		East Coast
16420	YORKUPARR		East Coast
16424	YORK WAREHOUSE NRM ANNEXE		East Coast
63620	YORK WAY NORTH JN	XXV	East Coast
63621	YORK WAY SOUTH JUNCTION	XXY	High Speed
16437	YORK WWKS		East Coast
16417	YORK YARD NORTH RS SIG 252		East Coast
16422	YORK YARD NTH R.S.		East Coast
16440	YORK YARD SOUTH (FLHH)		East Coast
16445	YORK YARD SOUTH (FLHH)		East Coast
16444	YORK YARD SOUTH JN		East Coast
16441	YORK YARD STH S.S.	XYS	East Coast
16451	YORK YARK SOUTH COLAS		East Coast
16423	YORK YD NORTH RECP SDGS (FLHH)		East Coast
42241	YORTON	YRT	Wales
78362	YSTRAD MYNACH	YSM	TfW Cardiff Valleys
78364	YSTRAD MYNACH SIG CF7420		TfW Cardiff Valleys
78363	YSTRAD MYNACH SOUTH		TfW Cardiff Valleys
78008	YSTRAD RHONDDA	YSR	TfW Cardiff Valleys
